case_id,time_s,split,sun_direction,dominant_axis,t_sunface_minus_opposite_c,t_prop_attach_minus_py_center_c,t_pcdu_attach_minus_my_center_c,dtheta_x_true_urad,dtheta_y_true_urad,dtheta_x_pred_no_correction_urad,dtheta_y_pred_no_correction_urad,dtheta_x_pred_static_bias_urad,dtheta_y_pred_static_bias_urad,dtheta_x_pred_compo_local_urad,dtheta_y_pred_compo_local_urad
14_LTAN06_800km_1213COLD_MY_STTLCT_PCDU_HEAT_MY_0p5,0.0,train,MY,y,8.302300000000002,0.046799999999990405,-0.00030000000000995897,15.62808276901833,230.83056810119348,0.0,0.0,14.543814201974797,209.41703410413862,14.543814201974797,229.5573991493997
14_LTAN06_800km_1213COLD_MY_STTLCT_PCDU_HEAT_MY_0p5,60.5,train,MY,y,8.562695841663341,0.04670003998400318,-0.0007998000799744887,15.215818927682909,237.89852223580112,0.0,0.0,14.543814201974797,209.41703410413862,14.543814201974797,236.3857499205219
14_LTAN06_800km_1213COLD_MY_STTLCT_PCDU_HEAT_MY_0p5,121.0,train,MY,y,8.811402682581075,0.04640023792293846,-0.0019990483082779065,14.790594554461308,244.7066519274728,0.0,0.0,14.543814201974797,209.41703410413862,14.543814201974797,242.96392022056878
14_LTAN06_800km_1213COLD_MY_STTLCT_PCDU_HEAT_MY_0p5,181.5,train,MY,y,9.048813548120592,0.04580072366790944,-0.004397105328351358,14.354064761413014,251.25183397426176,0.0,0.0,14.543814201974797,209.41703410413862,14.543814201974797,249.34009088721385
14_LTAN06_800km_1213COLD_MY_STTLCT_PCDU_HEAT_MY_0p5,242.0,train,MY,y,9.275935873372546,0.04500128213601329,-0.007694711188960923,13.921208739553084,257.5550886124949,0.0,0.0,14.543814201974797,209.41703410413862,14.543814201974797,255.51679859185907
14_LTAN06_800km_1213COLD_MY_STTLCT_PCDU_HEAT_MY_0p5,302.5,train,MY,y,9.493065772255648,0.04390219912761495,-0.011891603330923317,13.497846569952443,263.6277936200872,0.0,0.0,14.543814201974797,209.41703410413862,14.543814201974797,261.50424934420676
14_LTAN06_800km_1213COLD_MY_STTLCT_PCDU_HEAT_MY_0p5,363.0,train,MY,y,9.700502883153789,0.04270287489259772,-0.016588740003953717,13.08402460446404,269.4758588957318,0.0,0.0,14.543814201974797,209.41703410413862,14.543814201974797,267.2769435268263
14_LTAN06_800km_1213COLD_MY_STTLCT_PCDU_HEAT_MY_0p5,423.5,train,MY,y,9.8989457322715,0.04140362996497515,-0.021386597052398315,12.682555864614596,275.123256901895,0.0,0.0,14.543814201974797,209.41703410413862,14.543814201974797,272.82474606020645
14_LTAN06_800km_1213COLD_MY_STTLCT_PCDU_HEAT_MY_0p5,484.0,train,MY,y,10.088890995456424,0.04010416687317786,-0.026084935150763044,12.293293462581806,280.5783877316261,0.0,0.0,14.543814201974797,209.41703410413862,14.543814201974797,278.14390114622273
14_LTAN06_800km_1213COLD_MY_STTLCT_PCDU_HEAT_MY_0p5,544.5,train,MY,y,10.270844458396667,0.03870504262771135,-0.030882710990681517,11.916457489923216,285.8493640775996,0.0,0.0,14.543814201974797,209.41703410413862,14.543814201974797,283.2642084328326
14_LTAN06_800km_1213COLD_MY_STTLCT_PCDU_HEAT_MY_0p5,605.0,train,MY,y,10.445501477099995,0.03720599762078791,-0.036079208247983274,11.554719147012174,290.94505714939373,0.0,0.0,14.543814201974797,209.41703410413862,14.543814201974797,288.22503881412746
14_LTAN06_800km_1213COLD_MY_STTLCT_PCDU_HEAT_MY_0p5,665.5,train,MY,y,10.613362087766845,0.03570659242615193,-0.041675388275734804,11.206660512464085,295.8746073696613,0.0,0.0,14.543814201974797,209.41703410413862,14.543814201974797,293.0370010480239
14_LTAN06_800km_1213COLD_MY_STTLCT_PCDU_HEAT_MY_0p5,726.0,train,MY,y,10.775025216443055,0.03430670808272396,-0.047372688520255224,10.86986776971936,300.64443395318045,0.0,0.0,14.543814201974797,209.41703410413862,14.543814201974797,297.6920261092821
14_LTAN06_800km_1213COLD_MY_STTLCT_PCDU_HEAT_MY_0p5,786.5,train,MY,y,10.930689665427508,0.03290728624536143,-0.05316981412640587,10.541740643740908,305.2593099298298,0.0,0.0,14.543814201974797,209.41703410413862,14.543814201974797,302.1976927024023
14_LTAN06_800km_1213COLD_MY_STTLCT_PCDU_HEAT_MY_0p5,847.0,train,MY,y,11.080759277311458,0.03160728140902336,-0.058967513713554354,10.22216453065062,309.7266767851498,0.0,0.0,14.543814201974797,209.41703410413862,14.543814201974797,306.55500715603625
14_LTAN06_800km_1213COLD_MY_STTLCT_PCDU_HEAT_MY_0p5,907.5,train,MY,y,11.225332744035413,0.030307796907010243,-0.06486461403740407,9.912936605465802,314.04432626487034,0.0,0.0,14.543814201974797,209.41703410413862,14.543814201974797,310.77603624297166
14_LTAN06_800km_1213COLD_MY_STTLCT_PCDU_HEAT_MY_0p5,968.0,train,MY,y,11.364609293833851,0.029207033573456442,-0.07096099563807456,9.614721730358209,318.2134734529092,0.0,0.0,14.543814201974797,209.41703410413862,14.543814201974797,314.8680860533714
14_LTAN06_800km_1213COLD_MY_STTLCT_PCDU_HEAT_MY_0p5,1028.5,train,MY,y,11.49849292335145,0.028107451712557463,-0.07686003172349842,9.326746825389488,322.2414525148516,0.0,0.0,14.543814201974797,209.41703410413862,14.543814201974797,318.8054742578529
14_LTAN06_800km_1213COLD_MY_STTLCT_PCDU_HEAT_MY_0p5,1089.0,train,MY,y,10.0428652568974,0.028894184701798054,-0.08027528498263337,10.238491256569446,282.87562422708896,0.0,0.0,14.543814201974797,209.41703410413862,14.543814201974797,281.06936479318966
14_LTAN06_800km_1213COLD_MY_STTLCT_PCDU_HEAT_MY_0p5,1149.5,train,MY,y,8.660208096497044,0.033365796430942396,-0.07732280237938483,11.075206750187858,245.41220565026853,0.0,0.0,14.543814201974797,209.41703410413862,14.543814201974797,244.69189578256058
14_LTAN06_800km_1213COLD_MY_STTLCT_PCDU_HEAT_MY_0p5,1210.0,train,MY,y,7.357828089887619,0.04084051553206791,-0.06757772637142523,11.837930610558653,209.83869496141529,0.0,0.0,14.543814201974797,209.41703410413862,14.543814201974797,209.85057654354674
14_LTAN06_800km_1213COLD_MY_STTLCT_PCDU_HEAT_MY_0p5,1270.5,train,MY,y,6.132920485709576,0.050914901701631265,-0.05222975384108963,12.531583842273374,176.0855595450213,0.0,0.0,14.543814201974797,209.41703410413862,14.543814201974797,176.56679166370628
14_LTAN06_800km_1213COLD_MY_STTLCT_PCDU_HEAT_MY_0p5,1331.0,train,MY,y,4.9820763053536155,0.06299403502974599,-0.03217602445472778,13.158708269744944,144.0971247415994,0.0,0.0,14.543814201974797,209.41703410413862,14.543814201974797,144.83022104759314
14_LTAN06_800km_1213COLD_MY_STTLCT_PCDU_HEAT_MY_0p5,1391.5,train,MY,y,3.9018926647943317,0.07657417809350875,-0.008420188336373258,13.723501833919128,113.79997709171708,0.0,0.0,14.543814201974797,209.41703410413862,14.543814201974797,114.63597080242369
14_LTAN06_800km_1213COLD_MY_STTLCT_PCDU_HEAT_MY_0p5,1452.0,train,MY,y,2.888311070720434,0.09165528750827434,0.01804603436879404,14.231813940435009,85.10421227819502,0.0,0.0,14.543814201974797,209.41703410413862,14.543814201974797,85.94856157044774
14_LTAN06_800km_1213COLD_MY_STTLCT_PCDU_HEAT_MY_0p5,1512.5,train,MY,y,1.937480819428373,0.10744077317032463,0.04631480257724263,14.687346892868971,57.93597969805863,0.0,0.0,14.543814201974797,209.41703410413862,14.543814201974797,58.751975403711356
14_LTAN06_800km_1213COLD_MY_STTLCT_PCDU_HEAT_MY_0p5,1573.0,train,MY,y,1.0442948942498305,0.1240271976206202,0.07618874752148486,15.094392253145198,32.20514947370257,0.0,0.0,14.543814201974797,209.41703410413862,14.543814201974797,32.92461359021493
14_LTAN06_800km_1213COLD_MY_STTLCT_PCDU_HEAT_MY_0p5,1633.5,train,MY,y,0.2039228849967003,0.1408195637805676,0.10716705221415168,15.457468607817669,7.823702700396848,0.0,0.0,14.543814201974797,209.41703410413862,14.543814201974797,8.390975562847078
14_LTAN06_800km_1213COLD_MY_STTLCT_PCDU_HEAT_MY_0p5,1694.0,train,MY,y,-0.5864228151329911,0.15771014373038383,0.13864612588798764,15.78064094674294,-15.277364787852807,0.0,0.0,14.543814201974797,209.41703410413862,14.543814201974797,-14.876108300153
14_LTAN06_800km_1213COLD_MY_STTLCT_PCDU_HEAT_MY_0p5,1754.5,train,MY,y,-1.3303980502313237,0.17450568407139144,0.16993797091870988,16.06992261134234,-37.18193829040265,0.0,0.0,14.543814201974797,209.41703410413862,14.543814201974797,-36.918314199082836
14_LTAN06_800km_1213COLD_MY_STTLCT_PCDU_HEAT_MY_0p5,1815.0,train,MY,y,-2.030854287130367,0.19090221377827277,0.20053095985461766,16.329229190556518,-57.9599816372091,0.0,0.0,14.543814201974797,209.41703410413862,14.543814201974797,-57.76607531040157
14_LTAN06_800km_1213COLD_MY_STTLCT_PCDU_HEAT_MY_0p5,1875.5,train,MY,y,-2.6909233641771237,0.20680295769993506,0.2304294613350919,16.561311237730106,-77.67159423480075,0.0,0.0,14.543814201974797,209.41703410413862,14.543814201974797,-77.49894196262396
14_LTAN06_800km_1213COLD_MY_STTLCT_PCDU_HEAT_MY_0p5,1936.0,train,MY,y,-3.3136798909451386,0.2220066093853319,0.2588386649041752,16.769490979285507,-96.39714994268176,0.0,0.0,14.543814201974797,209.41703410413862,14.543814201974797,-96.1356538735256
14_LTAN06_800km_1213COLD_MY_STTLCT_PCDU_HEAT_MY_0p5,1996.5,train,MY,y,-3.9018286469519268,0.23660703783248493,0.28584315215594813,16.956209340465627,-114.19191329736356,0.0,0.0,14.543814201974797,209.41703410413862,14.543814201974797,-113.7551004338009
14_LTAN06_800km_1213COLD_MY_STTLCT_PCDU_HEAT_MY_0p5,2057.0,train,MY,y,-4.458559847984134,0.2504130204890913,0.3120450099140726,17.124787685592572,-131.1163138520147,0.0,0.0,14.543814201974797,209.41703410413862,14.543814201974797,-130.47838635004422
14_LTAN06_800km_1213COLD_MY_STTLCT_PCDU_HEAT_MY_0p5,2117.5,train,MY,y,-3.40984386254749,0.26174131835453807,0.3354714026102812,16.085159478309205,-103.900733428666,0.0,0.0,14.543814201974797,209.41703410413862,14.543814201974797,-105.0770761580035
14_LTAN06_800km_1213COLD_MY_STTLCT_PCDU_HEAT_MY_0p5,2178.0,train,MY,y,-2.39271548248513,0.26909505948445656,0.3514714309319231,15.111498753978951,-77.78224182718267,0.0,0.0,14.543814201974797,209.41703410413862,14.543814201974797,-79.87288665588676
14_LTAN06_800km_1213COLD_MY_STTLCT_PCDU_HEAT_MY_0p5,2238.5,train,MY,y,-1.429812572278209,0.27294349909136884,0.35967956385263733,14.20559616761826,-52.830230766110446,0.0,0.0,14.543814201974797,209.41703410413862,14.543814201974797,-55.44199636736155
14_LTAN06_800km_1213COLD_MY_STTLCT_PCDU_HEAT_MY_0p5,2299.0,train,MY,y,-0.5214015201586193,0.2733939193655033,0.3610802379378697,13.367645591030485,-29.077062348923395,0.0,0.0,14.543814201974797,209.41703410413862,14.543814201974797,-31.86388157466264
14_LTAN06_800km_1213COLD_MY_STTLCT_PCDU_HEAT_MY_0p5,2359.5,train,MY,y,0.33303717779246256,0.27123417052213483,0.3567683410442868,12.5966800950674,-6.523003521520688,0.0,0.0,14.543814201974797,209.41703410413862,14.543814201974797,-9.22244248055257
14_LTAN06_800km_1213COLD_MY_STTLCT_PCDU_HEAT_MY_0p5,2420.0,train,MY,y,1.1340702957211306,0.26667371551296526,0.34764743102593343,11.890904869909129,14.84065942393537,0.0,0.0,14.543814201974797,209.41703410413862,14.543814201974797,12.427744022723271
14_LTAN06_800km_1213COLD_MY_STTLCT_PCDU_HEAT_MY_0p5,2480.5,train,MY,y,1.883450958360882,0.25991123595505883,0.33461429279577715,11.247413911409875,35.03739053043001,0.0,0.0,14.543814201974797,209.41703410413862,14.543814201974797,33.063788793718295
14_LTAN06_800km_1213COLD_MY_STTLCT_PCDU_HEAT_MY_0p5,2541.0,train,MY,y,2.5834126218404236,0.2515415496448128,0.31847298860067497,10.662677101290864,54.10367417142328,0.0,0.0,14.543814201974797,209.41703410413862,14.543814201974797,52.67196319578122
14_LTAN06_800km_1213COLD_MY_STTLCT_PCDU_HEAT_MY_0p5,2601.5,train,MY,y,3.236094051553195,0.24176840713812453,0.3002144745538686,10.134023141535843,72.07495941090274,0.0,0.0,14.543814201974797,209.41703410413862,14.543814201974797,71.2326266794625
14_LTAN06_800km_1213COLD_MY_STTLCT_PCDU_HEAT_MY_0p5,2662.0,train,MY,y,3.8440614672835522,0.23089091209517676,0.2802502974223273,9.658059213987476,88.99478557332478,0.0,0.0,14.543814201974797,209.41703410413862,14.543814201974797,88.77599597494273
14_LTAN06_800km_1213COLD_MY_STTLCT_PCDU_HEAT_MY_0p5,2722.5,train,MY,y,4.409722104741448,0.21921068891457196,0.25917996035023805,9.231408921898586,104.9100439276633,0.0,0.0,14.543814201974797,209.41703410413862,14.543814201974797,105.31474488651591
14_LTAN06_800km_1213COLD_MY_STTLCT_PCDU_HEAT_MY_0p5,2783.0,train,MY,y,4.9362526107072,0.20702376074024187,0.23828332782551342,8.85237781151939,119.88630904267268,0.0,0.0,14.543814201974797,209.41703410413862,14.543814201974797,120.83348639906896
14_LTAN06_800km_1213COLD_MY_STTLCT_PCDU_HEAT_MY_0p5,2843.5,train,MY,y,5.425886585164378,0.19453542045266659,0.217786089542372,8.517803218482149,133.96709659800686,0.0,0.0,14.543814201974797,209.41703410413862,14.543814201974797,135.36930298437602
14_LTAN06_800km_1213COLD_MY_STTLCT_PCDU_HEAT_MY_0p5,2904.0,train,MY,y,5.881476999339057,0.18194150693985023,0.19758717779245671,8.227785251786555,147.20059343866944,0.0,0.0,14.543814201974797,209.41703410413862,14.543814201974797,148.99884633174204
14_LTAN06_800km_1213COLD_MY_STTLCT_PCDU_HEAT_MY_0p5,2964.5,train,MY,y,6.305766264662154,0.16924967784569844,0.17778926152321617,7.987494317627602,159.642342402004,0.0,0.0,14.543814201974797,209.41703410413862,14.543814201974797,161.78615512032104
14_LTAN06_800km_1213COLD_MY_STTLCT_PCDU_HEAT_MY_0p5,3025.0,train,MY,y,6.700908608724376,0.15684791804360998,0.15828987111699178,7.794190024852996,171.33244947409025,0.0,0.0,14.543814201974797,209.41703410413862,14.543814201974797,173.78493637870466
14_LTAN06_800km_1213COLD_MY_STTLCT_PCDU_HEAT_MY_0p5,3085.5,train,MY,y,7.0684391110376765,0.14464795109056183,0.13948208856577082,7.659641192898525,182.31119071426127,0.0,0.0,14.543814201974797,209.41703410413862,14.543814201974797,185.00955076181012
14_LTAN06_800km_1213COLD_MY_STTLCT_PCDU_HEAT_MY_0p5,3146.0,train,MY,y,7.4098996200231255,0.1329435486535573,0.12137677184868778,7.595005471277474,192.6168076418771,0.0,0.0,14.543814201974797,209.41703410413862,14.543814201974797,195.49206136876703
14_LTAN06_800km_1213COLD_MY_STTLCT_PCDU_HEAT_MY_0p5,3206.5,train,MY,y,7.727295439524113,0.12173688037012198,0.10406589557172197,7.596491105406066,202.2837428203344,0.0,0.0,14.543814201974797,209.41703410413862,14.543814201974797,205.27818161751935
14_LTAN06_800km_1213COLD_MY_STTLCT_PCDU_HEAT_MY_0p5,3267.0,train,MY,y,8.02222421939534,0.11112940690564699,0.08765493143894787,7.671356729413072,211.33044625621835,0.0,0.0,14.543814201974797,209.41703410413862,14.543814201974797,214.3995447660629
14_LTAN06_800km_1213COLD_MY_STTLCT_PCDU_HEAT_MY_0p5,3327.5,train,MY,y,8.296089507600797,0.10102195968275396,0.07204282881691881,7.820088863275743,219.7836843771561,0.0,0.0,14.543814201974797,209.41703410413862,14.543814201974797,222.90240912274834
14_LTAN06_800km_1213COLD_MY_STTLCT_PCDU_HEAT_MY_0p5,3388.0,train,MY,y,8.550002065091675,0.09141569469684896,0.0574280356847936,8.0390585623417,227.6744764089699,0.0,0.0,14.543814201974797,209.41703410413862,14.543814201974797,230.80163308397945
14_LTAN06_800km_1213COLD_MY_STTLCT_PCDU_HEAT_MY_0p5,3448.5,train,MY,y,8.784364243225369,0.08240522141440465,0.04332151354924463,8.320769567973183,235.012284740846,0.0,0.0,14.543814201974797,209.41703410413862,14.543814201974797,238.14002698580126
14_LTAN06_800km_1213COLD_MY_STTLCT_PCDU_HEAT_MY_0p5,3509.0,train,MY,y,9.000214871116981,0.07399431592862982,0.030007666886959328,8.66194222196849,241.8249017113868,0.0,0.0,14.543814201974797,209.41703410413862,14.543814201974797,244.92440984740858
14_LTAN06_800km_1213COLD_MY_STTLCT_PCDU_HEAT_MY_0p5,3569.5,train,MY,y,9.198619957046091,0.06589135965636217,0.017397670576585256,9.058140922634154,248.1393756925549,0.0,0.0,14.543814201974797,209.41703410413862,14.543814201974797,251.19620110049004
14_LTAN06_800km_1213COLD_MY_STTLCT_PCDU_HEAT_MY_0p5,3630.0,train,MY,y,9.380744249834777,0.058282088565761114,0.005680320555171647,9.499166639129031,253.9795827393123,0.0,0.0,14.543814201974797,209.41703410413862,14.543814201974797,256.9677187637908
14_LTAN06_800km_1213COLD_MY_STTLCT_PCDU_HEAT_MY_0p5,3690.5,train,MY,y,9.547626515777296,0.05097849000495103,-0.005233487526865588,9.98241728992833,259.37050485295055,0.0,0.0,14.543814201974797,209.41703410413862,14.543814201974797,262.2770911773763
14_LTAN06_800km_1213COLD_MY_STTLCT_PCDU_HEAT_MY_0p5,3751.0,train,MY,y,9.700030171844034,0.044168539325838196,-0.015349669530763776,10.500555064612092,264.33688756722995,0.0,0.0,14.543814201974797,209.41703410413862,14.543814201974797,267.1399275916052
14_LTAN06_800km_1213COLD_MY_STTLCT_PCDU_HEAT_MY_0p5,3811.5,train,MY,y,9.838626503635183,0.03766325181757679,-0.02447144745539731,11.043707391280138,268.9027306313053,0.0,0.0,14.543814201974797,209.41703410413862,14.543814201974797,271.5645171286702
14_LTAN06_800km_1213COLD_MY_STTLCT_PCDU_HEAT_MY_0p5,3872.0,train,MY,y,9.96458118288453,0.03165364282175176,-0.03278746076328787,11.610228981068088,273.0891888932492,0.0,0.0,14.543814201974797,209.41703410413862,14.543814201974797,275.58984498269
14_LTAN06_800km_1213COLD_MY_STTLCT_PCDU_HEAT_MY_0p5,3932.5,train,MY,y,10.079037442167873,0.02594786847322439,-0.04059765366820045,12.19345414965503,276.9272160976962,0.0,0.0,14.543814201974797,209.41703410413862,14.543814201974797,279.2718170189812
14_LTAN06_800km_1213COLD_MY_STTLCT_PCDU_HEAT_MY_0p5,3993.0,train,MY,y,10.182764166528997,0.020153312407074964,-0.04790703783247352,12.788801777150598,280.44206527603194,0.0,0.0,14.543814201974797,209.41703410413862,14.543814201974797,282.64069377422805
14_LTAN06_800km_1213COLD_MY_STTLCT_PCDU_HEAT_MY_0p5,4053.5,train,MY,y,10.276594514210188,0.014744547257109275,-0.05471797752809948,13.39512907848127,283.65088586149903,0.0,0.0,14.543814201974797,209.41703410413862,14.543814201974797,285.7064576150166
14_LTAN06_800km_1213COLD_MY_STTLCT_PCDU_HEAT_MY_0p5,4114.0,train,MY,y,10.361880241202726,0.009639021972560613,-0.061125541054039445,14.001591245058162,286.586670687198,0.0,0.0,14.543814201974797,209.41703410413862,14.543814201974797,288.51317476988953
14_LTAN06_800km_1213COLD_MY_STTLCT_PCDU_HEAT_MY_0p5,4174.5,train,MY,y,10.439464210178471,0.004832452081956262,-0.06723167547920639,14.60582995651299,289.26777699564065,0.0,0.0,14.543814201974797,209.41703410413862,14.543814201974797,291.09016446899307
14_LTAN06_800km_1213COLD_MY_STTLCT_PCDU_HEAT_MY_0p5,4235.0,train,MY,y,10.509645274289497,0.00022845340383526036,-0.07294082947788638,15.207086237127909,291.7096225420961,0.0,0.0,14.543814201974797,209.41703410413862,14.543814201974797,293.44086069578066
14_LTAN06_800km_1213COLD_MY_STTLCT_PCDU_HEAT_MY_0p5,4295.5,train,MY,y,10.573295605484901,-0.004174971088716006,-0.07805508012556572,15.796328796954578,293.9498222120108,0.0,0.0,14.543814201974797,209.41703410413862,14.543814201974797,295.57401651039
14_LTAN06_800km_1213COLD_MY_STTLCT_PCDU_HEAT_MY_0p5,4356.0,train,MY,y,10.631043952412426,-0.00837924653006894,-0.08276487111697861,16.374009671278113,295.9996191787406,0.0,0.0,14.543814201974797,209.41703410413862,14.543814201974797,297.51957392028794
14_LTAN06_800km_1213COLD_MY_STTLCT_PCDU_HEAT_MY_0p5,4416.5,train,MY,y,10.683664810837612,-0.012383033206660343,-0.086977184867024,16.939019296560836,297.8789914027018,0.0,0.0,14.543814201974797,209.41703410413862,14.543814201974797,299.29109719847656
14_LTAN06_800km_1213COLD_MY_STTLCT_PCDU_HEAT_MY_0p5,4477.0,train,MY,y,10.732265515532049,-0.01618760740251446,-0.09088464970257348,17.487792721094262,299.6220194683467,0.0,0.0,14.543814201974797,209.41703410413862,14.543814201974797,300.9311597657488
14_LTAN06_800km_1213COLD_MY_STTLCT_PCDU_HEAT_MY_0p5,4537.5,train,MY,y,10.777160145406498,-0.019889342366155915,-0.09449233311302407,18.0205418536781,301.23624672543025,0.0,0.0,14.543814201974797,209.41703410413862,14.543814201974797,302.45073036871827
14_LTAN06_800km_1213COLD_MY_STTLCT_PCDU_HEAT_MY_0p5,4598.0,train,MY,y,10.819029357343453,-0.02319968610606793,-0.09770272592102458,18.5346587167988,302.7439721662564,0.0,0.0,14.543814201974797,209.41703410413862,14.543814201974797,303.85339856874
14_LTAN06_800km_1213COLD_MY_STTLCT_PCDU_HEAT_MY_0p5,4658.5,train,MY,y,10.858586021150032,-0.026401652346336846,-0.10041701916722445,19.02755717016482,304.166177834257,0.0,0.0,14.543814201974797,209.41703410413862,14.543814201974797,305.15784802794417
14_LTAN06_800km_1213COLD_MY_STTLCT_PCDU_HEAT_MY_0p5,4719.0,train,MY,y,10.895935337848996,-0.029600082603678857,-0.102921939534113,19.49962513916243,305.5077458957596,0.0,0.0,14.543814201974797,209.41703410413862,14.543814201974797,306.3897942698592
14_LTAN06_800km_1213COLD_MY_STTLCT_PCDU_HEAT_MY_0p5,4779.5,train,MY,y,10.931963846662256,-0.03250847653669098,-0.10513056840716217,19.94560473177636,306.7943295558075,0.0,0.0,14.543814201974797,209.41703410413862,14.543814201974797,307.5589984845185
14_LTAN06_800km_1213COLD_MY_STTLCT_PCDU_HEAT_MY_0p5,4840.0,train,MY,y,10.966881447216267,-0.03540705435321456,-0.10713589955393843,20.36412002927864,308.0379668855829,0.0,0.0,14.543814201974797,209.41703410413862,14.543814201974797,308.68456484516753
14_LTAN06_800km_1213COLD_MY_STTLCT_PCDU_HEAT_MY_0p5,4900.5,train,MY,y,11.000995637805701,-0.03811255783210754,-0.1090384666226214,20.756182849413964,309.2419757222013,0.0,0.0,14.543814201974797,209.41703410413862,14.543814201974797,309.7770442096126
14_LTAN06_800km_1213COLD_MY_STTLCT_PCDU_HEAT_MY_0p5,4961.0,train,MY,y,11.035374553866504,-0.04052148050230642,-0.11064765366822371,21.11381034353508,310.4359473898554,0.0,0.0,14.543814201974797,209.41703410413862,14.543814201974797,310.8481700388091
14_LTAN06_800km_1213COLD_MY_STTLCT_PCDU_HEAT_MY_0p5,5021.5,train,MY,y,11.070047728399132,-0.04263026598380293,-0.11215018998844073,21.43782918699837,311.62291778081175,0.0,0.0,14.543814201974797,209.41703410413862,14.543814201974797,311.9118699558403
14_LTAN06_800km_1213COLD_MY_STTLCT_PCDU_HEAT_MY_0p5,5082.0,train,MY,y,11.105219299405164,-0.04434297752808902,-0.11345639458028245,21.728071822573494,312.80900597449715,0.0,0.0,14.543814201974797,209.41703410413862,14.543814201974797,312.9646972366158
14_LTAN06_800km_1213COLD_MY_STTLCT_PCDU_HEAT_MY_0p5,5142.5,train,MY,y,11.141850999504356,-0.045752354204523726,-0.11475575747559219,21.97847305877899,314.01934676445507,0.0,0.0,14.543814201974797,209.41703410413862,14.543814201974797,314.0475014907912
14_LTAN06_800km_1213COLD_MY_STTLCT_PCDU_HEAT_MY_0p5,5203.0,train,MY,y,11.179600859220088,-0.04695875743554723,-0.11595875743556405,22.190818569522857,315.25255953767606,0.0,0.0,14.543814201974797,209.41703410413862,14.543814201974797,315.14753347266577
14_LTAN06_800km_1213COLD_MY_STTLCT_PCDU_HEAT_MY_0p5,5263.5,train,MY,y,11.218733537089037,-0.04796514125227702,-0.11725468362793379,22.3630835561217,316.51169838088094,0.0,0.0,14.543814201974797,209.41703410413862,14.543814201974797,316.2851972236253
14_LTAN06_800km_1213COLD_MY_STTLCT_PCDU_HEAT_MY_0p5,5324.0,train,MY,y,11.259560525446119,-0.04867536351619606,-0.11855424653006708,22.491053049561494,317.80258588303644,0.0,0.0,14.543814201974797,209.41703410413862,14.543814201974797,317.45986813300885
14_LTAN06_800km_1213COLD_MY_STTLCT_PCDU_HEAT_MY_0p5,5384.5,train,MY,y,11.301893721083957,-0.049085789821532444,-0.11975736946465076,22.57632026732863,319.1247527438367,0.0,0.0,14.543814201974797,209.41703410413862,14.543814201974797,318.6594502456365
14_LTAN06_800km_1213COLD_MY_STTLCT_PCDU_HEAT_MY_0p5,5445.0,train,MY,y,11.345718932760605,-0.04929279696018796,-0.12095678176109459,22.61396572360156,320.4859132933651,0.0,0.0,14.543814201974797,209.41703410413862,14.543814201974797,319.8925708549191
14_LTAN06_800km_1213COLD_MY_STTLCT_PCDU_HEAT_MY_0p5,5505.5,train,MY,y,11.391338730998015,-0.04910727032385864,-0.12206001321878546,22.601589874798027,321.8898764934794,0.0,0.0,14.543814201974797,209.41703410413862,14.543814201974797,321.15581344740286
14_LTAN06_800km_1213COLD_MY_STTLCT_PCDU_HEAT_MY_0p5,5566.0,train,MY,y,11.438461093672572,-0.04871473649428992,-0.12306315876426765,22.54109183257019,323.33477060567566,0.0,0.0,14.543814201974797,209.41703410413862,14.543814201974797,322.44594259731457
14_LTAN06_800km_1213COLD_MY_STTLCT_PCDU_HEAT_MY_0p5,5626.5,train,MY,y,11.487474570389963,-0.04783346001320865,-0.12396653998678175,22.423651551764983,324.8182746108838,0.0,0.0,14.543814201974797,209.41703410413862,14.543814201974797,323.76604183717734
14_LTAN06_800km_1213COLD_MY_STTLCT_PCDU_HEAT_MY_0p5,5687.0,train,MY,y,11.53800208195635,-0.0468375082617456,-0.12467374421675004,22.249567804334337,326.33827666243235,0.0,0.0,14.543814201974797,209.41703410413862,14.543814201974797,325.10882748830755
14_LTAN06_800km_1213COLD_MY_STTLCT_PCDU_HEAT_MY_0p5,5747.5,train,MY,y,11.590212720964828,-0.04545319676194026,-0.12537340161904353,22.020957235985367,327.89205555000973,0.0,0.0,14.543814201974797,209.41703410413862,14.543814201974797,326.4852211324433
14_LTAN06_800km_1213COLD_MY_STTLCT_PCDU_HEAT_MY_0p5,5808.0,train,MY,y,11.64297594183742,-0.04386133509584056,-0.1262654990085963,21.73438506616376,329.4647337587504,0.0,0.0,14.543814201974797,209.41703410413862,14.543814201974797,327.8844669136733
14_LTAN06_800km_1213COLD_MY_STTLCT_PCDU_HEAT_MY_0p5,5868.5,train,MY,y,11.69632681315052,-0.04206988270280476,-0.12726117627623523,21.392309329535017,331.05509438533454,0.0,0.0,14.543814201974797,209.41703410413862,14.543814201974797,329.3013752834861
14_LTAN06_800km_1213COLD_MY_STTLCT_PCDU_HEAT_MY_0p5,5929.0,train,MY,y,11.749900991407813,-0.04007832121612864,-0.12826083939195598,20.998911475919115,332.65559225938506,0.0,0.0,14.543814201974797,209.41703410413862,14.543814201974797,330.71936689146037
14_LTAN06_800km_1213COLD_MY_STTLCT_PCDU_HEAT_MY_0p5,5989.5,train,MY,y,11.803090632744102,-0.03788722947298595,-0.12897224516770223,20.560972903006128,334.2485940919585,0.0,0.0,14.543814201974797,209.41703410413862,14.543814201974797,332.1018734158847
14_LTAN06_800km_1213COLD_MY_STTLCT_PCDU_HEAT_MY_0p5,6050.0,train,MY,y,11.855696695307358,-0.03559196959682254,-0.1294800066094126,20.080208695996085,335.8338688729123,0.0,0.0,14.543814201974797,209.41703410413862,14.543814201974797,333.4521005224534
14_LTAN06_800km_1213COLD_MY_STTLCT_PCDU_HEAT_MY_0p5,6110.5,test,MY,y,11.907991407799074,-0.03319676140120009,-0.13007580964968213,19.571817713423098,337.4042934404329,0.0,0.0,14.543814201974797,209.41703410413862,14.543814201974797,334.7979455544703
14_LTAN06_800km_1213COLD_MY_STTLCT_PCDU_HEAT_MY_0p5,6171.0,test,MY,y,11.95988215760778,-0.030797934908321167,-0.13077143565172378,19.05065061128418,338.95361956470373,0.0,0.0,14.543814201974797,209.41703410413862,14.543814201974797,336.14024709987916
14_LTAN06_800km_1213COLD_MY_STTLCT_PCDU_HEAT_MY_0p5,6231.5,test,MY,y,12.01128522802378,-0.02830285855914383,-0.131471199603439,18.51761270319938,340.4834115743367,0.0,0.0,14.543814201974797,209.41703410413862,14.543814201974797,337.46770902976255
14_LTAN06_800km_1213COLD_MY_STTLCT_PCDU_HEAT_MY_0p5,6292.0,test,MY,y,12.062851775978856,-0.02580408062117101,-0.1322666942012205,17.987329670771405,342.01393845577394,0.0,0.0,14.543814201974797,209.41703410413862,14.543814201974797,338.8061323023687
14_LTAN06_800km_1213COLD_MY_STTLCT_PCDU_HEAT_MY_0p5,6352.5,test,MY,y,12.114721777924643,-0.023304923992071735,-0.13316222736284544,17.465558870778704,343.5520741658221,0.0,0.0,14.543814201974797,209.41703410413862,14.543814201974797,340.1595561191888
14_LTAN06_800km_1213COLD_MY_STTLCT_PCDU_HEAT_MY_0p5,6413.0,test,MY,y,12.16678792334379,-0.02071039154138532,-0.13396603337187685,16.952421708024847,345.09695286622855,0.0,0.0,14.543814201974797,209.41703410413862,14.543814201974797,341.50919366076664
14_LTAN06_800km_1213COLD_MY_STTLCT_PCDU_HEAT_MY_0p5,6473.5,test,MY,y,12.219348942498343,-0.018015548578972584,-0.13447860211499574,16.450921979451664,346.66443068744906,0.0,0.0,14.543814201974797,209.41703410413862,14.543814201974797,342.8485576707863
14_LTAN06_800km_1213COLD_MY_STTLCT_PCDU_HEAT_MY_0p5,6534.0,test,MY,y,12.272409996695316,-0.015316440845992929,-0.13459568737606276,15.96115792180159,348.2539110001879,0.0,0.0,14.543814201974797,209.41703410413862,14.543814201974797,344.17279816330364
14_LTAN06_800km_1213COLD_MY_STTLCT_PCDU_HEAT_MY_0p5,6594.5,test,MY,y,12.325962250123908,-0.012713398314872393,-0.1345043614736312,15.483611127877753,349.86414233872006,0.0,0.0,14.543814201974797,209.41703410413862,14.543814201974797,345.4974740909133
14_LTAN06_800km_1213COLD_MY_STTLCT_PCDU_HEAT_MY_0p5,6655.0,test,MY,y,12.380308988764057,-0.010114276272304323,-0.13478681427628203,15.021209737822126,351.4945280722027,0.0,0.0,14.543814201974797,209.41703410413862,14.543814201974797,346.8694825564248
14_LTAN06_800km_1213COLD_MY_STTLCT_PCDU_HEAT_MY_0p5,6715.5,test,MY,y,12.435446869321012,-0.007515546010225194,-0.13546889145878538,14.57280505412577,353.1447444212577,0.0,0.0,14.543814201974797,209.41703410413862,14.543814201974797,348.29048132205884
14_LTAN06_800km_1213COLD_MY_STTLCT_PCDU_HEAT_MY_0p5,6776.0,test,MY,y,12.491201354924002,-0.005011946463980621,-0.1362641771315367,14.136235648324757,354.81201742866193,0.0,0.0,14.543814201974797,209.41703410413862,14.543814201974797,349.7379782947429
14_LTAN06_800km_1213COLD_MY_STTLCT_PCDU_HEAT_MY_0p5,6836.5,test,MY,y,12.547651338400527,-0.0025127726371323433,-0.13715940185062436,13.709107705373706,356.49204882460646,0.0,0.0,14.543814201974797,209.41703410413862,14.543814201974797,351.210812735638
14_LTAN06_800km_1213COLD_MY_STTLCT_PCDU_HEAT_MY_0p5,6897.0,test,MY,y,12.604696398480087,-0.00010943333883517425,-0.1382498430530319,13.291522167791005,358.1837108359276,0.0,0.0,14.543814201974797,209.41703410413862,14.543814201974797,352.715419372299
14_LTAN06_800km_1213COLD_MY_STTLCT_PCDU_HEAT_MY_0p5,6957.5,test,MY,y,12.661967911434218,0.0021943489755358314,-0.13963569068076254,12.88545812557492,359.87637510588945,0.0,0.0,14.543814201974797,209.41703410413862,14.543814201974797,354.24938654453763
14_LTAN06_800km_1213COLD_MY_STTLCT_PCDU_HEAT_MY_0p5,7018.0,test,MY,y,12.719144589459773,0.0044932264992496584,-0.14113036510823918,12.491741424900164,361.5633513904893,0.0,0.0,14.543814201974797,209.41703410413862,14.543814201974797,355.7887240758328
14_LTAN06_800km_1213COLD_MY_STTLCT_PCDU_HEAT_MY_0p5,7078.5,test,MY,y,12.776134600132181,0.006601801057513512,-0.142915829477829,12.109745418311489,363.2443832127508,0.0,0.0,14.543814201974797,209.41703410413862,14.543814201974797,357.34859936258226
14_LTAN06_800km_1213COLD_MY_STTLCT_PCDU_HEAT_MY_0p5,7139.0,test,MY,y,11.312421394349897,0.010606277878721926,-0.1424283495787364,12.928910558680888,321.66574962777804,0.0,0.0,14.543814201974797,209.41703410413862,14.543814201974797,319.0440131069695
14_LTAN06_800km_1213COLD_MY_STTLCT_PCDU_HEAT_MY_0p5,7199.5,test,MY,y,9.858892465300741,0.017752610707219674,-0.13582835426306872,13.674446023025393,282.1220317242752,0.0,0.0,14.543814201974797,209.41703410413862,14.543814201974797,280.4925158402589
14_LTAN06_800km_1213COLD_MY_STTLCT_PCDU_HEAT_MY_0p5,7260.0,test,MY,y,8.490498545935225,0.027906444150687548,-0.12274210178455291,14.347581346182476,244.59151179035635,0.0,0.0,14.543814201974797,209.41703410413862,14.543814201974797,243.62546896735856
14_LTAN06_800km_1213COLD_MY_STTLCT_PCDU_HEAT_MY_0p5,7320.5,test,MY,y,7.203823938542882,0.040390087559885046,-0.10411486866017583,14.953386096609137,208.9962735062446,0.0,0.0,14.543814201974797,209.41703410413862,14.543814201974797,208.43786959467724
14_LTAN06_800km_1213COLD_MY_STTLCT_PCDU_HEAT_MY_0p5,7381.0,test,MY,y,5.9949611533377265,0.05479320885656591,-0.08103574025115279,15.494540409179075,175.2729288038911,0.0,0.0,14.543814201974797,209.41703410413862,14.543814201974797,174.91538152507403
14_LTAN06_800km_1213COLD_MY_STTLCT_PCDU_HEAT_MY_0p5,7441.5,test,MY,y,4.860595919378824,0.0706172146043258,-0.05451448868330999,15.975335970249036,143.3409833662417,0.0,0.0,14.543814201974797,209.41703410413862,14.543814201974797,143.05572683043744
14_LTAN06_800km_1213COLD_MY_STTLCT_PCDU_HEAT_MY_0p5,7502.0,test,MY,y,3.796114011896904,0.08765234633180796,-0.025447455386640172,16.40169509495815,113.104043030236,0.0,0.0,14.543814201974797,209.41703410413862,14.543814201974797,112.8074318404082
14_LTAN06_800km_1213COLD_MY_STTLCT_PCDU_HEAT_MY_0p5,7562.5,test,MY,y,2.7972962656973124,0.10541176470589164,0.0055480832782421885,16.777393260505647,84.48225159634765,0.0,0.0,14.543814201974797,209.41703410413862,14.543814201974797,84.11648250476944
14_LTAN06_800km_1213COLD_MY_STTLCT_PCDU_HEAT_MY_0p5,7623.0,test,MY,y,1.8592381959359017,0.12348797290599123,0.0378674211135035,17.10675947725421,57.37993967611144,0.0,0.0,14.543814201974797,209.41703410413862,14.543814201974797,56.908110344880875
14_LTAN06_800km_1213COLD_MY_STTLCT_PCDU_HEAT_MY_0p5,7683.5,test,MY,y,0.9767397884996711,0.14186662260409832,0.07120571711830337,17.394318577975298,31.70395916271176,0.0,0.0,14.543814201974797,209.41703410413862,14.543814201974797,31.068699580172442
14_LTAN06_800km_1213COLD_MY_STTLCT_PCDU_HEAT_MY_0p5,7744.0,test,MY,y,0.14660029737322589,0.16006790021477002,0.10487407896910383,17.644185881983883,7.380553344455277,0.0,0.0,14.543814201974797,209.41703410413862,14.543814201974797,6.575697803388978
14_LTAN06_800km_1213COLD_MY_STTLCT_PCDU_HEAT_MY_0p5,7804.5,test,MY,y,-0.6348297422339613,0.178072042300073,0.13827812293456532,17.86235105939819,-15.678563678886109,0.0,0.0,14.543814201974797,209.41703410413862,14.543814201974797,-16.623400483030544
14_LTAN06_800km_1213COLD_MY_STTLCT_PCDU_HEAT_MY_0p5,7865.0,test,MY,y,-1.3704232281513242,0.19558929456468377,0.17080868990582587,18.052732850357856,-37.54745944511791,0.0,0.0,14.543814201974797,209.41703410413862,14.543814201974797,-38.55302516774987
14_LTAN06_800km_1213COLD_MY_STTLCT_PCDU_HEAT_MY_0p5,7925.5,test,MY,y,-2.0636901354923936,0.21242002643754176,0.20244481163251749,18.21806494938462,-58.29006790098223,0.0,0.0,14.543814201974797,209.41703410413862,14.543814201974797,-59.298208222939294
14_LTAN06_800km_1213COLD_MY_STTLCT_PCDU_HEAT_MY_0p5,7986.0,test,MY,y,-2.7178173661599487,0.22855137144745186,0.23270816259086757,18.36164135456323,-77.99030356571146,0.0,0.0,14.543814201974797,209.41703410413862,14.543814201974797,-78.90779920873617
14_LTAN06_800km_1213COLD_MY_STTLCT_PCDU_HEAT_MY_0p5,8046.5,test,MY,y,-3.3356201552948903,0.24379140921857356,0.26156793325623084,18.48587295315636,-96.70676336275228,0.0,0.0,14.543814201974797,209.41703410413862,14.543814201974797,-97.4482086244954
14_LTAN06_800km_1213COLD_MY_STTLCT_PCDU_HEAT_MY_0p5,8107.0,test,MY,y,-3.9201884996695355,0.25822908129543976,0.28922240581626113,18.594059256571043,-114.50297094423702,0.0,0.0,14.543814201974797,209.41703410413862,14.543814201974797,-115.0163135826506
14_LTAN06_800km_1213COLD_MY_STTLCT_PCDU_HEAT_MY_0p5,8167.5,test,MY,y,-2.961907847348428,0.27016253097637843,0.3142548323145462,17.49616399366161,-88.11464954405834,0.0,0.0,14.543814201974797,209.41703410413862,14.543814201974797,-92.10242338933185
14_LTAN06_800km_1213COLD_MY_STTLCT_PCDU_HEAT_MY_0p5,8228.0,test,MY,y,-1.9666653502974327,0.27798684732320567,0.33177040647719025,16.466368412907705,-62.78377939436048,0.0,0.0,14.543814201974797,209.41703410413862,14.543814201974797,-67.58828135169884
14_LTAN06_800km_1213COLD_MY_STTLCT_PCDU_HEAT_MY_0p5,8288.5,test,MY,y,-1.0245414505203883,0.2822751197753206,0.34148990583180705,15.506389941163432,-38.58139657448277,0.0,0.0,14.543814201974797,209.41703410413862,14.543814201974797,-43.81750630412419
14_LTAN06_800km_1213COLD_MY_STTLCT_PCDU_HEAT_MY_0p5,8349.0,test,MY,y,-0.1358024124256474,0.28316136814275694,0.34445651024454094,14.616336046638668,-15.541538472015834,0.0,0.0,14.543814201974797,209.41703410413862,14.543814201974797,-20.874409718286657
14_LTAN06_800km_1213COLD_MY_STTLCT_PCDU_HEAT_MY_0p5,8409.5,test,MY,y,0.6997583608724227,0.28112214144084646,0.34148321216126476,13.795202938129863,6.333950452423484,0.0,0.0,14.543814201974797,209.41703410413862,14.543814201974797,1.1767600520773884
14_LTAN06_800km_1213COLD_MY_STTLCT_PCDU_HEAT_MY_0p5,8470.0,test,MY,y,1.482882273252926,0.27665762431851704,0.3337480422930952,13.0411006262239,27.05225998957913,0.0,0.0,14.543814201974797,209.41703410413862,14.543814201974797,22.2592114936082
14_LTAN06_800km_1213COLD_MY_STTLCT_PCDU_HEAT_MY_0p5,8530.5,test,MY,y,2.215468142762731,0.2700775115664129,0.3218817746199534,12.351074142760076,46.6353180075353,0.0,0.0,14.543814201974797,209.41703410413862,14.543814201974797,42.36993936996821
14_LTAN06_800km_1213COLD_MY_STTLCT_PCDU_HEAT_MY_0p5,8591.0,test,MY,y,2.8993694531637146,0.2616830662481391,0.30695815298199136,11.721503138056647,65.11820466306443,0.0,0.0,14.543814201974797,209.41703410413862,14.543814201974797,61.47354319472131
14_LTAN06_800km_1213COLD_MY_STTLCT_PCDU_HEAT_MY_0p5,8651.5,test,MY,y,3.536796298744221,0.2518659947124888,0.289600495703894,11.149679716158214,82.53498324128279,0.0,0.0,14.543814201974797,209.41703410413862,14.543814201974797,79.5736053565104
14_LTAN06_800km_1213COLD_MY_STTLCT_PCDU_HEAT_MY_0p5,8712.0,test,MY,y,4.130210773298074,0.24093251817581063,0.27050403172505355,10.632147345125077,98.92782632490533,0.0,0.0,14.543814201974797,209.41703410413862,14.543814201974797,96.67732394541312
14_LTAN06_800km_1213COLD_MY_STTLCT_PCDU_HEAT_MY_0p5,8772.5,test,MY,y,4.682024120270938,0.2290900545184229,0.2503713530480809,10.165466855844546,114.34234506996502,0.0,0.0,14.543814201974797,209.41703410413862,14.543814201974797,112.7925286374959
14_LTAN06_800km_1213COLD_MY_STTLCT_PCDU_HEAT_MY_0p5,8833.0,test,MY,y,5.195282815598134,0.2167232650363502,0.23036655651026194,9.747907384576951,128.84284439180664,0.0,0.0,14.543814201974797,209.41703410413862,14.543814201974797,127.90642578083312
14_LTAN06_800km_1213COLD_MY_STTLCT_PCDU_HEAT_MY_0p5,8893.5,test,MY,y,5.672351676854447,0.20404693540392316,0.21056451346440497,9.376241166247029,142.47168127430157,0.0,0.0,14.543814201974797,209.41703410413862,14.543814201974797,142.06998055548212
14_LTAN06_800km_1213COLD_MY_STTLCT_PCDU_HEAT_MY_0p5,8954.0,test,MY,y,6.115965763384011,0.19116308658294656,0.19105350297421353,9.050514857508231,155.27586840484412,0.0,0.0,14.543814201974797,209.41703410413862,14.543814201974797,155.3456922336553
14_LTAN06_800km_1213COLD_MY_STTLCT_PCDU_HEAT_MY_0p5,9014.5,test,MY,y,6.528776094498582,0.1781753180241168,0.17184508508179874,8.775866582424268,167.30985904627423,0.0,0.0,14.543814201974797,209.41703410413862,14.543814201974797,167.79927146090319
14_LTAN06_800km_1213COLD_MY_STTLCT_PCDU_HEAT_MY_0p5,9075.0,test,MY,y,6.913045588235306,0.1654617481824232,0.15302762723067076,8.549500479849085,178.6127014422968,0.0,0.0,14.543814201974797,209.41703410413862,14.543814201974797,179.4739690916893
14_LTAN06_800km_1213COLD_MY_STTLCT_PCDU_HEAT_MY_0p5,9135.5,test,MY,y,7.270247504957027,0.1529538830138648,0.13470368473232952,8.383144448430661,189.2236684793798,0.0,0.0,14.543814201974797,209.41703410413862,14.543814201974797,190.40264740967544
14_LTAN06_800km_1213COLD_MY_STTLCT_PCDU_HEAT_MY_0p5,9196.0,test,MY,y,7.601825061952752,0.1409295555922654,0.11725785560878421,8.287910668069625,199.1800412503098,0.0,0.0,14.543814201974797,209.41703410413862,14.543814201974797,200.58868408341485
14_LTAN06_800km_1213COLD_MY_STTLCT_PCDU_HEAT_MY_0p5,9256.5,test,MY,y,7.909849339061466,0.12940307336417334,0.10042709847984099,8.259964189478342,208.51533099594016,0.0,0.0,14.543814201974797,209.41703410413862,14.543814201974797,210.10438829007816
14_LTAN06_800km_1213COLD_MY_STTLCT_PCDU_HEAT_MY_0p5,9317.0,test,MY,y,8.195943796464562,0.1183778456963438,0.08429211961011163,8.306506347907973,217.2471346169241,0.0,0.0,14.543814201974797,209.41703410413862,14.543814201974797,218.9862843167025
14_LTAN06_800km_1213COLD_MY_STTLCT_PCDU_HEAT_MY_0p5,9377.5,test,MY,y,8.461235575016516,0.10785061136814988,0.06922944481163995,8.428013664442073,225.40135997780536,0.0,0.0,14.543814201974797,209.41703410413862,14.543814201974797,227.23713556498203
14_LTAN06_800km_1213COLD_MY_STTLCT_PCDU_HEAT_MY_0p5,9438.0,test,MY,y,8.707112638361124,0.09801199405252703,0.05489301172973171,8.6207935337339,233.00824050098103,0.0,0.0,14.543814201974797,209.41703410413862,14.543814201974797,234.91290153021757
14_LTAN06_800km_1213COLD_MY_STTLCT_PCDU_HEAT_MY_0p5,9498.5,test,MY,y,8.933834765366797,0.08859021810971512,0.04125393258428289,8.877319681602687,240.07647641952812,0.0,0.0,14.543814201974797,209.41703410413862,14.543814201974797,242.02922739766925
14_LTAN06_800km_1213COLD_MY_STTLCT_PCDU_HEAT_MY_0p5,9559.0,test,MY,y,9.142496364838053,0.07984914077989913,0.0282205551883834,9.194286988472506,246.6331452090012,0.0,0.0,14.543814201974797,209.41703410413862,14.543814201974797,248.61453132807765
14_LTAN06_800km_1213COLD_MY_STTLCT_PCDU_HEAT_MY_0p5,9619.5,test,MY,y,9.334076920535281,0.07143428052206957,0.01597597885346147,9.56721528774994,252.7046040253107,0.0,0.0,14.543814201974797,209.41703410413862,14.543814201974797,254.69026372391596
14_LTAN06_800km_1213COLD_MY_STTLCT_PCDU_HEAT_MY_0p5,9680.0,test,MY,y,9.509635062789144,0.06341156642432111,0.004622587574360182,9.985862811335952,258.3140977336876,0.0,0.0,14.543814201974797,209.41703410413862,14.543814201974797,260.27511262855984
14_LTAN06_800km_1213COLD_MY_STTLCT_PCDU_HEAT_MY_0p5,9740.5,test,MY,y,9.670303948455313,0.05578967454155759,-0.00611058979018253,10.447608375224243,263.4859680512229,0.0,0.0,14.543814201974797,209.41703410413862,14.543814201974797,265.41763273867895
14_LTAN06_800km_1213COLD_MY_STTLCT_PCDU_HEAT_MY_0p5,9801.0,test,MY,y,9.816675677462001,0.04856635822869748,-0.015871711830797608,10.945078701760965,268.2443584260405,0.0,0.0,14.543814201974797,209.41703410413862,14.543814201974797,270.10836077392884
14_LTAN06_800km_1213COLD_MY_STTLCT_PCDU_HEAT_MY_0p5,9861.5,test,MY,y,9.949786946463988,0.04174269662922825,-0.024820588235286323,11.46837757344718,272.61268471162686,0.0,0.0,14.543814201974797,209.41703410413862,14.543814201974797,274.3856408070717
14_LTAN06_800km_1213COLD_MY_STTLCT_PCDU_HEAT_MY_0p5,9922.0,test,MY,y,10.070342640013209,0.03541320006607407,-0.032968742772155224,12.015806954828326,276.611663379374,0.0,0.0,14.543814201974797,209.41703410413862,14.543814201974797,278.26629952923787
14_LTAN06_800km_1213COLD_MY_STTLCT_PCDU_HEAT_MY_0p5,9982.5,test,MY,y,10.17964015201585,0.029302164573678624,-0.04050553536021084,12.580697066188325,280.2716260795938,0.0,0.0,14.543814201974797,209.41703410413862,14.543814201974797,281.80452282953013
14_LTAN06_800km_1213COLD_MY_STTLCT_PCDU_HEAT_MY_0p5,10043.0,test,MY,y,10.278601900512328,0.0232966286564249,-0.047630656089921786,13.158435412992349,283.6174238468206,0.0,0.0,14.543814201974797,209.41703410413862,14.543814201974797,285.04136628896526
14_LTAN06_800km_1213COLD_MY_STTLCT_PCDU_HEAT_MY_0p5,10103.5,test,MY,y,10.367748760330556,0.017483471074370982,-0.054263636363614864,13.747837829401911,286.66569497815453,0.0,0.0,14.543814201974797,209.41703410413862,14.543814201974797,287.98252367409975
14_LTAN06_800km_1213COLD_MY_STTLCT_PCDU_HEAT_MY_0p5,10164.0,test,MY,y,10.44856039603961,0.012065346534654964,-0.060480528052835325,14.338056321321192,289.44901212020994,0.0,0.0,14.543814201974797,209.41703410413862,14.543814201974797,290.66688900529635
14_LTAN06_800km_1213COLD_MY_STTLCT_PCDU_HEAT_MY_0p5,10224.5,test,MY,y,10.521866446280981,0.006945619834695549,-0.06640016528926651,14.92668027620863,291.98535234647665,0.0,0.0,14.543814201974797,209.41703410413862,14.543814201974797,293.12695265281195
14_LTAN06_800km_1213COLD_MY_STTLCT_PCDU_HEAT_MY_0p5,10285.0,test,MY,y,10.588047603305782,0.0020320661157029463,-0.07192727272726529,15.51295935532813,294.2897059498081,0.0,0.0,14.543814201974797,209.41703410413862,14.543814201974797,295.3681979112184
14_LTAN06_800km_1213COLD_MY_STTLCT_PCDU_HEAT_MY_0p5,10345.5,test,MY,y,10.647967768595038,-0.0025882644628154594,-0.07696115702478323,16.087819071053914,296.3993567593814,0.0,0.0,14.543814201974797,209.41703410413862,14.543814201974797,297.40382464549634
14_LTAN06_800km_1213COLD_MY_STTLCT_PCDU_HEAT_MY_0p5,10406.0,test,MY,y,10.701978217821775,-0.007088118811878985,-0.08148811881187612,16.65169713448542,298.3251241239291,0.0,0.0,14.543814201974797,209.41703410413862,14.543814201974797,299.24635722704863
14_LTAN06_800km_1213COLD_MY_STTLCT_PCDU_HEAT_MY_0p5,10466.5,test,MY,y,10.7510191735537,-0.011494545454553418,-0.08561537190081481,17.20344737797782,300.08670224128593,0.0,0.0,14.543814201974797,209.41703410413862,14.543814201974797,300.92859876104444
14_LTAN06_800km_1213COLD_MY_STTLCT_PCDU_HEAT_MY_0p5,10527.0,test,MY,y,10.796369090909081,-0.015522314049590591,-0.08943619834710148,17.739504387229246,301.7178151743605,0.0,0.0,14.543814201974797,209.41703410413862,14.543814201974797,302.48334597447297
14_LTAN06_800km_1213COLD_MY_STTLCT_PCDU_HEAT_MY_0p5,10587.5,test,MY,y,10.838119008264457,-0.019336198347104983,-0.09286396694216137,18.26005483989477,303.2257770797845,0.0,0.0,14.543814201974797,209.41703410413862,14.543814201974797,303.91096300858044
14_LTAN06_800km_1213COLD_MY_STTLCT_PCDU_HEAT_MY_0p5,10648.0,test,MY,y,10.87686105610561,-0.023037458745875483,-0.09598003300330049,18.762464721325383,304.63249041030866,0.0,0.0,14.543814201974797,209.41703410413862,14.543814201974797,305.23520400425144
14_LTAN06_800km_1213COLD_MY_STTLCT_PCDU_HEAT_MY_0p5,10708.5,test,MY,y,10.913505785123974,-0.026551239669416304,-0.09870809917356382,19.24413902335745,305.95876986232025,0.0,0.0,14.543814201974797,209.41703410413862,14.543814201974797,306.4725220634378
14_LTAN06_800km_1213COLD_MY_STTLCT_PCDU_HEAT_MY_0p5,10769.0,test,MY,y,10.948147933884286,-0.029772561983477885,-0.10112942148759885,19.70543020106688,307.20918655493205,0.0,0.0,14.543814201974797,209.41703410413862,14.543814201974797,307.6285171046187
14_LTAN06_800km_1213COLD_MY_STTLCT_PCDU_HEAT_MY_0p5,10829.5,test,MY,y,10.981347438016527,-0.033065454545450734,-0.10325074380163812,20.141088692404093,308.40914085345605,0.0,0.0,14.543814201974797,209.41703410413862,14.543814201974797,308.72740619366033
14_LTAN06_800km_1213COLD_MY_STTLCT_PCDU_HEAT_MY_0p5,10890.0,test,MY,y,11.013747524752475,-0.03617491749174917,-0.10525478547855016,20.549711263834112,309.5704689213257,0.0,0.0,14.543814201974797,209.41703410413862,14.543814201974797,309.7925246653805
14_LTAN06_800km_1213COLD_MY_STTLCT_PCDU_HEAT_MY_0p5,10950.5,test,MY,y,11.045401818181816,-0.039089090909087076,-0.10697636363637741,20.93228605748285,310.69623575613974,0.0,0.0,14.543814201974797,209.41703410413862,14.543814201974797,310.8132549721942
14_LTAN06_800km_1213COLD_MY_STTLCT_PCDU_HEAT_MY_0p5,11011.0,test,MY,y,11.077372727272717,-0.04161818181819399,-0.10849090909090364,21.280816498296623,311.81580530832366,0.0,0.0,14.543814201974797,209.41703410413862,14.543814201974797,311.8178890618574
14_LTAN06_800km_1213COLD_MY_STTLCT_PCDU_HEAT_MY_0p5,11071.5,test,MY,y,11.109836363636347,-0.043932727272732564,-0.10989818181815281,21.596119537842707,312.932100693019,0.0,0.0,14.543814201974797,209.41703410413862,14.543814201974797,312.8223769683757
14_LTAN06_800km_1213COLD_MY_STTLCT_PCDU_HEAT_MY_0p5,11132.0,test,MY,y,11.142842079207895,-0.04595148514852099,-0.11120346534652015,21.878014889692583,314.0509554080443,0.0,0.0,14.543814201974797,209.41703410413862,14.543814201974797,313.82634129327676
14_LTAN06_800km_1213COLD_MY_STTLCT_PCDU_HEAT_MY_0p5,11192.5,test,MY,y,11.177326446280986,-0.04758099173554342,-0.11241074380164662,22.120421959474044,315.1973878314779,0.0,0.0,14.543814201974797,209.41703410413862,14.543814201974797,314.8521418879412
14_LTAN06_800km_1213COLD_MY_STTLCT_PCDU_HEAT_MY_0p5,11253.0,test,MY,y,11.213129752066095,-0.04890330578513158,-0.11361074380164382,22.32510901690153,316.3698227191469,0.0,0.0,14.543814201974797,209.41703410413862,14.543814201974797,315.90410979956744
14_LTAN06_800km_1213COLD_MY_STTLCT_PCDU_HEAT_MY_0p5,11313.5,test,MY,y,11.250510743801655,-0.04992561983470978,-0.11490330578513408,22.4900422921979,317.5711686379037,0.0,0.0,14.543814201974797,209.41703410413862,14.543814201974797,316.9962557294648
14_LTAN06_800km_1213COLD_MY_STTLCT_PCDU_HEAT_MY_0p5,11374.0,test,MY,y,11.289399173553733,-0.05092561983470034,-0.11601818181820533,22.61097918660257,318.8070771919868,0.0,0.0,14.543814201974797,209.41703410413862,14.543814201974797,318.1145460803654
14_LTAN06_800km_1213COLD_MY_STTLCT_PCDU_HEAT_MY_0p5,11434.5,test,MY,y,11.32991056105611,-0.05155445544555448,-0.11730132013202876,22.689541564386804,320.07693538106315,0.0,0.0,14.543814201974797,209.41703410413862,14.543814201974797,319.27777903513464
14_LTAN06_800km_1213COLD_MY_STTLCT_PCDU_HEAT_MY_0p5,11495.0,test,MY,y,11.37217619834712,-0.051784793388435446,-0.11841636363638486,22.72075026281568,321.38831201545213,0.0,0.0,14.543814201974797,209.41703410413862,14.543814201974797,320.46483076642625
14_LTAN06_800km_1213COLD_MY_STTLCT_PCDU_HEAT_MY_0p5,11555.5,test,MY,y,11.416146942148771,-0.05180000000000007,-0.11942396694216484,22.702231986926915,322.7449396603543,0.0,0.0,14.543814201974797,209.41703410413862,14.543814201974797,321.68332514269713
14_LTAN06_800km_1213COLD_MY_STTLCT_PCDU_HEAT_MY_0p5,11616.0,test,MY,y,11.461817685950408,-0.05152280991735836,-0.12042396694214119,22.63586005094957,324.14476285867363,0.0,0.0,14.543814201974797,209.41703410413862,14.543814201974797,322.9382721643748
14_LTAN06_800km_1213COLD_MY_STTLCT_PCDU_HEAT_MY_0p5,11676.5,test,MY,y,11.509300495049501,-0.05085429042905787,-0.12142244224422427,22.512790078421407,325.58534963317135,0.0,0.0,14.543814201974797,209.41703410413862,14.543814201974797,324.2305421900599
14_LTAN06_800km_1213COLD_MY_STTLCT_PCDU_HEAT_MY_0p5,11737.0,test,MY,y,11.558562314049595,-0.049969917355369375,-0.1221456198347255,22.333344714372817,327.064500825747,0.0,0.0,14.543814201974797,209.41703410413862,14.543814201974797,325.5442559539901
14_LTAN06_800km_1213COLD_MY_STTLCT_PCDU_HEAT_MY_0p5,11797.5,test,MY,y,11.609345785123978,-0.048793223140492614,-0.12275338842975714,22.099610476054902,328.57938426783574,0.0,0.0,14.543814201974797,209.41703410413862,14.543814201974797,326.8821256147538
14_LTAN06_800km_1213COLD_MY_STTLCT_PCDU_HEAT_MY_0p5,11858.0,test,MY,y,11.660983636363625,-0.04722429752065693,-0.12363008264460973,21.8081314393147,330.1150060291057,0.0,0.0,14.543814201974797,209.41703410413862,14.543814201974797,328.25150792429264
14_LTAN06_800km_1213COLD_MY_STTLCT_PCDU_HEAT_MY_0p5,11918.5,test,MY,y,11.713065346534663,-0.04553465346533869,-0.12462079207919885,21.461393260765508,331.67008554185094,0.0,0.0,14.543814201974797,209.41703410413862,14.543814201974797,329.6375231330839
14_LTAN06_800km_1213COLD_MY_STTLCT_PCDU_HEAT_MY_0p5,11979.0,test,MY,y,11.765626776859506,-0.0435586776859509,-0.12552859504133096,21.063528850852435,333.2369703147862,0.0,0.0,14.543814201974797,209.41703410413862,14.543814201974797,331.0229797010962
14_LTAN06_800km_1213COLD_MY_STTLCT_PCDU_HEAT_MY_0p5,12039.5,test,MY,y,11.817766446280999,-0.04146661157024312,-0.12633652892561997,20.62133478706112,334.7979342910183,0.0,0.0,14.543814201974797,209.41703410413862,14.543814201974797,332.38743926943465
14_LTAN06_800km_1213COLD_MY_STTLCT_PCDU_HEAT_MY_0p5,12100.0,test,MY,y,11.869406115702489,-0.03936661157025867,-0.12686033057852342,20.136513697571047,336.3526918905752,0.0,0.0,14.543814201974797,209.41703410413862,14.543814201974797,333.7185045081366
14_LTAN06_800km_1213COLD_MY_STTLCT_PCDU_HEAT_MY_0p5,12160.5,test,MY,y,11.920651980198002,-0.03708597359737098,-0.12735957095708272,19.624264616351297,337.8940344590696,0.0,0.0,14.543814201974797,209.41703410413862,14.543814201974797,335.03302402165843
14_LTAN06_800km_1213COLD_MY_STTLCT_PCDU_HEAT_MY_0p5,12221.0,test,MY,y,11.971669421487604,-0.03478628099173875,-0.1280433057851127,19.099412673824386,339.41561917942346,0.0,0.0,14.543814201974797,209.41703410413862,14.543814201974797,336.3541968435213
14_LTAN06_800km_1213COLD_MY_STTLCT_PCDU_HEAT_MY_0p5,12281.5,test,MY,y,12.02230181818183,-0.03230247933883845,-0.12883520661158343,18.562878193118927,340.91899037119254,0.0,0.0,14.543814201974797,209.41703410413862,14.543814201974797,337.66838105789975
14_LTAN06_800km_1213COLD_MY_STTLCT_PCDU_HEAT_MY_0p5,12342.0,test,MY,y,12.073085619834714,-0.029802479338826515,-0.12954330578511986,18.029261388542125,342.42429514861936,0.0,0.0,14.543814201974797,209.41703410413862,14.543814201974797,338.9801619385934
14_LTAN06_800km_1213COLD_MY_STTLCT_PCDU_HEAT_MY_0p5,12402.5,test,MY,y,12.124083828382837,-0.027398019801978535,-0.13042574257426054,17.50431211170706,343.9384092875958,0.0,0.0,14.543814201974797,209.41703410413862,14.543814201974797,340.3122996805764
14_LTAN06_800km_1213COLD_MY_STTLCT_PCDU_HEAT_MY_0p5,12463.0,test,MY,y,12.175360330578528,-0.024906611570244763,-0.13123388429751515,16.98815131856173,345.4603505342562,0.0,0.0,14.543814201974797,209.41703410413862,14.543814201974797,341.64424156026035
14_LTAN06_800km_1213COLD_MY_STTLCT_PCDU_HEAT_MY_0p5,12523.5,test,MY,y,12.227210743801649,-0.02231487603306448,-0.1317586776859514,16.48377665718059,347.0059404587492,0.0,0.0,14.543814201974797,209.41703410413862,14.543814201974797,342.96853020357645
14_LTAN06_800km_1213COLD_MY_STTLCT_PCDU_HEAT_MY_0p5,12584.0,test,MY,y,12.279569421487622,-0.019714876033049222,-0.13189173553720934,15.99128182628986,348.57456606041643,0.0,0.0,14.543814201974797,209.41703410413862,14.543814201974797,344.27807541988096
14_LTAN06_800km_1213COLD_MY_STTLCT_PCDU_HEAT_MY_0p5,12644.5,test,MY,y,12.33234801980197,-0.01711881188117559,-0.13180841584157577,15.51113522851174,350.1648776482462,0.0,0.0,14.543814201974797,209.41703410413862,14.543814201974797,345.583319739909
14_LTAN06_800km_1213COLD_MY_STTLCT_PCDU_HEAT_MY_0p5,12705.0,test,MY,y,12.38615636363636,-0.014427603305776415,-0.13216628099171146,15.04627000208677,351.77625130673755,0.0,0.0,14.543814201974797,209.41703410413862,14.543814201974797,346.94432684750467
14_LTAN06_800km_1213COLD_MY_STTLCT_PCDU_HEAT_MY_0p5,12765.5,test,MY,y,12.440514214876046,-0.012002314049581742,-0.1327494214876026,14.595514263118243,353.4083068676067,0.0,0.0,14.543814201974797,209.41703410413862,14.543814201974797,348.34231936365677
14_LTAN06_800km_1213COLD_MY_STTLCT_PCDU_HEAT_MY_0p5,12826.0,test,MY,y,12.495738347107448,-0.009602314049573124,-0.1336241322314038,14.1567056646376,355.0582430891648,0.0,0.0,14.543814201974797,209.41703410413862,14.543814201974797,349.7842210588368
14_LTAN06_800km_1213COLD_MY_STTLCT_PCDU_HEAT_MY_0p5,12886.5,test,MY,y,12.55159471947195,-0.007114521452152189,-0.13461419141914632,13.727458587318958,356.721699855544,0.0,0.0,14.543814201974797,209.41703410413862,14.543814201974797,351.2485891190442
14_LTAN06_800km_1213COLD_MY_STTLCT_PCDU_HEAT_MY_0p5,12947.0,test,MY,y,12.608043801652911,-0.00470628099172643,-0.1355226446281108,13.307852139684394,358.3975475748474,0.0,0.0,14.543814201974797,209.41703410413862,14.543814201974797,352.7246209236381
14_LTAN06_800km_1213COLD_MY_STTLCT_PCDU_HEAT_MY_0p5,13007.5,test,MY,y,12.66481801652894,-0.002397685950398909,-0.13687966942148933,12.899873600107846,360.0750760357056,0.0,0.0,14.543814201974797,209.41703410413862,14.543814201974797,354.2434544533355
14_LTAN06_800km_1213COLD_MY_STTLCT_PCDU_HEAT_MY_0p5,13068.0,test,MY,y,12.721618016528936,-0.00018909090908891812,-0.13855388429752225,12.504343355873884,361.74761500307255,0.0,0.0,14.543814201974797,209.41703410413862,14.543814201974797,355.78797214518187
14_LTAN06_800km_1213COLD_MY_STTLCT_PCDU_HEAT_MY_0p5,13128.5,test,MY,y,12.778058580858072,0.0020075907590779707,-0.14025132013199482,12.120623846541475,363.4148297834028,0.0,0.0,14.543814201974797,209.41703410413862,14.543814201974797,357.32506311544
14_LTAN06_800km_1213COLD_MY_STTLCT_PCDU_HEAT_MY_0p5,13189.0,test,MY,y,11.378365289256166,0.005849586776847104,-0.13985256198346008,12.938130522006812,321.8234632772051,0.0,0.0,14.543814201974797,209.41703410413862,14.543814201974797,320.7003070338663
14_LTAN06_800km_1213COLD_MY_STTLCT_PCDU_HEAT_MY_0p5,13249.5,test,MY,y,9.920342314049549,0.012860495867755617,-0.13350446280989559,13.6820786873762,282.26851311795906,0.0,0.0,14.543814201974797,209.41703410413862,14.543814201974797,282.052886662131
14_LTAN06_800km_1213COLD_MY_STTLCT_PCDU_HEAT_MY_0p5,13310.0,test,MY,y,8.547787272727277,0.022806446280995374,-0.12076512396694739,14.35368401458635,244.7281078890253,0.0,0.0,14.543814201974797,209.41703410413862,14.543814201974797,245.1071577603069
14_LTAN06_800km_1213COLD_MY_STTLCT_PCDU_HEAT_MY_0p5,13370.5,test,MY,y,7.256956363636334,0.03519619834710852,-0.10235570247934334,14.958025390114363,209.12420121319388,0.0,0.0,14.543814201974797,209.41703410413862,14.543814201974797,209.82898225189643
14_LTAN06_800km_1213COLD_MY_STTLCT_PCDU_HEAT_MY_0p5,13431.0,test,MY,y,6.046238613861377,0.049507920792066784,-0.07947623762376566,15.497757255308349,175.39329952117728,0.0,0.0,14.543814201974797,209.41703410413862,14.543814201974797,176.27458039253304
14_LTAN06_800km_1213COLD_MY_STTLCT_PCDU_HEAT_MY_0p5,13491.5,test,MY,y,4.90829338842974,0.0652808264462692,-0.053083140495857606,15.977203130579506,143.45475797446082,0.0,0.0,14.543814201974797,209.41703410413862,14.543814201974797,144.3319436744847
14_LTAN06_800km_1213COLD_MY_STTLCT_PCDU_HEAT_MY_0p5,13552.0,test,MY,y,3.840363305785118,0.08227371900827052,-0.02401520661156553,16.402274641643626,113.21211091553944,0.0,0.0,14.543814201974797,209.41703410413862,14.543814201974797,113.99472636321613
14_LTAN06_800km_1213COLD_MY_STTLCT_PCDU_HEAT_MY_0p5,13612.5,test,MY,y,2.838499173553714,0.1000112396694135,0.00692413223138999,16.77673169394327,84.58540831018166,0.0,0.0,14.543814201974797,209.41703410413862,14.543814201974797,85.22887241455629
14_LTAN06_800km_1213COLD_MY_STTLCT_PCDU_HEAT_MY_0p5,13673.0,test,MY,y,1.8989141914191379,0.11814818481848022,0.03915940594059464,17.104910911649544,57.47888906773053,0.0,0.0,14.543814201974797,209.41703410413862,14.543814201974797,57.98512179955242
14_LTAN06_800km_1213COLD_MY_STTLCT_PCDU_HEAT_MY_0p5,13733.5,test,MY,y,1.01400000000001,0.13643636363636347,0.07228181818180701,17.39134770084393,31.79935379439072,0.0,0.0,14.543814201974797,209.41703410413862,14.543814201974797,32.100300049191524
14_LTAN06_800km_1213COLD_MY_STTLCT_PCDU_HEAT_MY_0p5,13794.0,test,MY,y,0.18127272727272725,0.15464545454545942,0.10593636363635994,17.64014362482441,7.472958239733358,0.0,0.0,14.543814201974797,209.41703410413862,14.543814201974797,7.540600297467597
14_LTAN06_800km_1213COLD_MY_STTLCT_PCDU_HEAT_MY_0p5,13854.5,test,MY,y,-0.6023636363636342,0.17266363636363735,0.13936363636364035,17.857271528298,-15.588634655838998,0.0,0.0,14.543814201974797,209.41703410413862,14.543814201974797,-15.718032933178797
14_LTAN06_800km_1213COLD_MY_STTLCT_PCDU_HEAT_MY_0p5,13915.0,test,MY,y,-1.3390993399339806,0.19018283828383176,0.1718966996699578,18.04669562545718,-37.45955131985102,0.0,0.0,14.543814201974797,209.41703410413862,14.543814201974797,-37.677669445473654
14_LTAN06_800km_1213COLD_MY_STTLCT_PCDU_HEAT_MY_0p5,13975.5,test,MY,y,-2.034302644628113,0.20704495867768458,0.20366578512397382,18.2111000445023,-58.203761396167074,0.0,0.0,14.543814201974797,209.41703410413862,14.543814201974797,-58.48356867763522
14_LTAN06_800km_1213COLD_MY_STTLCT_PCDU_HEAT_MY_0p5,14036.0,test,MY,y,-2.6902218181818114,0.2232097520661256,0.2339138842975217,18.353798790496928,-77.90523670289473,0.0,0.0,14.543814201974797,209.41703410413862,14.543814201974797,-78.13964603253092
14_LTAN06_800km_1213COLD_MY_STTLCT_PCDU_HEAT_MY_0p5,14096.5,test,MY,y,-3.3097633057851255,0.23849305785124386,0.262743471074387,18.477205480569907,-96.6226023573283,0.0,0.0,14.543814201974797,209.41703410413862,14.543814201974797,-96.7243405291041
14_LTAN06_800km_1213COLD_MY_STTLCT_PCDU_HEAT_MY_0p5,14157.0,test,MY,y,-3.8949633663366257,0.25294554455446416,0.2903133663366333,18.584607802723344,-114.41943749082084,0.0,0.0,14.543814201974797,209.41703410413862,14.543814201974797,-114.30329070873621
14_LTAN06_800km_1213COLD_MY_STTLCT_PCDU_HEAT_MY_0p5,14217.5,test,MY,y,-3.00243933884299,0.26489768595040175,0.3155446280991754,17.485975840790786,-88.03188461403431,0.0,0.0,14.543814201974797,209.41703410413862,14.543814201974797,-93.11872163347367
14_LTAN06_800km_1213COLD_MY_STTLCT_PCDU_HEAT_MY_0p5,14278.0,test,MY,y,-2.004727107438015,0.27306512396694416,0.333388925619829,16.455507226719316,-62.70234141747617,0.0,0.0,14.543814201974797,209.41703410413862,14.543814201974797,-68.5721082130968
14_LTAN06_800km_1213COLD_MY_STTLCT_PCDU_HEAT_MY_0p5,14338.5,test,MY,y,-1.0602148760330579,0.2773325619834708,0.34342380165288944,15.494917114358593,-38.50181578589312,0.0,0.0,14.543814201974797,209.41703410413862,14.543814201974797,-44.76090241905183
14_LTAN06_800km_1213COLD_MY_STTLCT_PCDU_HEAT_MY_0p5,14399.0,test,MY,y,-0.17040825082507638,0.27851386138613066,0.34656072607261024,14.60430546718613,-15.464248700816984,0.0,0.0,14.543814201974797,209.41703410413862,14.543814201974797,-21.809454622420144
14_LTAN06_800km_1213COLD_MY_STTLCT_PCDU_HEAT_MY_0p5,14459.5,test,MY,y,0.6673613223140507,0.27661090909090547,0.3439067768594981,13.782653583734476,6.408553348833801,0.0,0.0,14.543814201974797,209.41703410413862,14.543814201974797,0.2732389948251086
14_LTAN06_800km_1213COLD_MY_STTLCT_PCDU_HEAT_MY_0p5,14520.0,test,MY,y,1.4529656198347283,0.2722409917355435,0.3362765289256089,13.02808073620628,27.123834908027067,0.0,0.0,14.543814201974797,209.41703410413862,14.543814201974797,21.41055413817645
14_LTAN06_800km_1213COLD_MY_STTLCT_PCDU_HEAT_MY_0p5,14580.5,test,MY,y,2.187726115702489,0.26574231404958937,0.324469586776857,12.337617237277914,46.7035785425591,0.0,0.0,14.543814201974797,209.41703410413862,14.543814201974797,41.57173747965526
14_LTAN06_800km_1213COLD_MY_STTLCT_PCDU_HEAT_MY_0p5,14641.0,test,MY,y,2.8725785478548005,0.25742755775577564,0.3096701320131956,11.707653327602674,65.18291112025906,0.0,0.0,14.543814201974797,209.41703410413862,14.543814201974797,60.68933515679531
14_LTAN06_800km_1213COLD_MY_STTLCT_PCDU_HEAT_MY_0p5,14701.5,test,MY,y,3.511793884297532,0.2476654545454693,0.29240661157024306,11.135482931076156,82.5959071100273,0.0,0.0,14.543814201974797,209.41703410413862,14.543814201974797,78.82797823205692
14_LTAN06_800km_1213COLD_MY_STTLCT_PCDU_HEAT_MY_0p5,14762.0,test,MY,y,4.106975041322315,0.23677272727272225,0.273462644628097,10.617618934005227,98.98479252745103,0.0,0.0,14.543814201974797,209.41703410413862,14.543814201974797,95.96592580418987
14_LTAN06_800km_1213COLD_MY_STTLCT_PCDU_HEAT_MY_0p5,14822.5,test,MY,y,4.6606026446281135,0.2250507438016598,0.2533699173553714,10.15064353688684,114.3952431028644,0.0,0.0,14.543814201974797,209.41703410413862,14.543814201974797,112.12258291913525
14_LTAN06_800km_1213COLD_MY_STTLCT_PCDU_HEAT_MY_0p5,14883.0,test,MY,y,5.1746960396039725,0.2127277227722857,0.23319999999999652,9.73280791934198,128.89155602079614,0.0,0.0,14.543814201974797,209.41703410413862,14.543814201974797,127.26886190165543
14_LTAN06_800km_1213COLD_MY_STTLCT_PCDU_HEAT_MY_0p5,14943.5,test,MY,y,5.653102479338841,0.19996942148760866,0.21336363636365263,9.36088976901202,142.5161310112861,0.0,0.0,14.543814201974797,209.41703410413862,14.543814201974797,141.47178915329738
14_LTAN06_800km_1213COLD_MY_STTLCT_PCDU_HEAT_MY_0p5,15004.0,test,MY,y,6.09809504132231,0.18707933884297745,0.19383388429753268,9.034935174806083,155.31599167574788,0.0,0.0,14.543814201974797,209.41703410413862,14.543814201974797,154.78493357797103
14_LTAN06_800km_1213COLD_MY_STTLCT_PCDU_HEAT_MY_0p5,15064.5,test,MY,y,6.512139669421487,0.17417933884296133,0.17460413223139426,8.760081351568074,167.3456349327468,0.0,0.0,14.543814201974797,209.41703410413862,14.543814201974797,167.2700102495002
14_LTAN06_800km_1213COLD_MY_STTLCT_PCDU_HEAT_MY_0p5,15125.0,test,MY,y,6.897556198347104,0.16145950413222465,0.15567438016528,8.533526071507366,178.64410084054245,0.0,0.0,14.543814201974797,209.41703410413862,14.543814201974797,178.98274281170265
14_LTAN06_800km_1213COLD_MY_STTLCT_PCDU_HEAT_MY_0p5,15185.5,test,MY,y,7.255125412541247,0.14895825082507486,0.1374320132013196,8.366992686794308,189.25070776029625,0.0,0.0,14.543814201974797,209.41703410413862,14.543814201974797,189.91504620435515
14_LTAN06_800km_1213COLD_MY_STTLCT_PCDU_HEAT_MY_0p5,15246.0,test,MY,y,7.587717190082628,0.13690991735536784,0.1198644628099288,8.271598833787785,199.20272041392195,0.0,0.0,14.543814201974797,209.41703410413862,14.543814201974797,200.13676844721743
14_LTAN06_800km_1213COLD_MY_STTLCT_PCDU_HEAT_MY_0p5,15306.5,test,MY,y,7.896596694214892,0.12535950413223418,0.10299388429751843,8.24349682754722,208.53370461206012,0.0,0.0,14.543814201974797,209.41703410413862,14.543814201974797,209.67820018428984
14_LTAN06_800km_1213COLD_MY_STTLCT_PCDU_HEAT_MY_0p5,15367.0,test,MY,y,8.183494710743815,0.11439900826447058,0.08691322314048477,8.289901650550613,217.2612117804335,0.0,0.0,14.543814201974797,209.41703410413862,14.543814201974797,218.57557263919398
14_LTAN06_800km_1213COLD_MY_STTLCT_PCDU_HEAT_MY_0p5,15427.5,test,MY,y,8.449190099009911,0.10387425742574408,0.07174488448843874,8.411278908504642,225.411206172318,0.0,0.0,14.543814201974797,209.41703410413862,14.543814201974797,226.84438244200402
14_LTAN06_800km_1213COLD_MY_STTLCT_PCDU_HEAT_MY_0p5,15488.0,test,MY,y,8.695823305785098,0.09400429752064099,0.057365454545475814,8.603939631257564,233.01391029627283,0.0,0.0,14.543814201974797,209.41703410413862,14.543814201974797,234.5437034205926
14_LTAN06_800km_1213COLD_MY_STTLCT_PCDU_HEAT_MY_0p5,15548.5,test,MY,y,8.923290909090909,0.08465305785125565,0.04360396694215751,8.860352089777187,240.0780753169831,0.0,0.0,14.543814201974797,209.41703410413862,14.543814201974797,241.68638250870058
14_LTAN06_800km_1213COLD_MY_STTLCT_PCDU_HEAT_MY_0p5,15609.0,test,MY,y,9.13245603305785,0.07571206611569892,0.030621983471064596,9.177212073331065,246.63072414034608,0.0,0.0,14.543814201974797,209.41703410413862,14.543814201974797,248.28618884477805
14_LTAN06_800km_1213COLD_MY_STTLCT_PCDU_HEAT_MY_0p5,15669.5,test,MY,y,9.324305940594058,0.06736287128711638,0.018368316831683273,9.550023955967657,252.6982412070406,0.0,0.0,14.543814201974797,209.41703410413862,14.543814201974797,254.3679418470275
14_LTAN06_800km_1213COLD_MY_STTLCT_PCDU_HEAT_MY_0p5,15730.0,test,MY,y,9.500428925619843,0.05933305785124787,0.006887107438018347,9.968555968978036,258.30387138248807,0.0,0.0,14.543814201974797,209.41703410413862,14.543814201974797,259.9767659801293
14_LTAN06_800km_1213COLD_MY_STTLCT_PCDU_HEAT_MY_0p5,15790.5,test,MY,y,9.661580495867767,0.05178099173554074,-0.003796198347103541,10.430209673066912,263.47198730631,0.0,0.0,14.543814201974797,209.41703410413862,14.543814201974797,265.12658257429615
14_LTAN06_800km_1213COLD_MY_STTLCT_PCDU_HEAT_MY_0p5,15851.0,test,MY,y,9.80854876033058,0.044549752066117776,-0.013679504132213083,10.92757267728683,268.2267015040112,0.0,0.0,14.543814201974797,209.41703410413862,14.543814201974797,269.8417332687358
14_LTAN06_800km_1213COLD_MY_STTLCT_PCDU_HEAT_MY_0p5,15911.5,test,MY,y,9.94184884488449,0.037807590759086906,-0.022660066006594093,11.45076331712202,272.59148621770026,0.0,0.0,14.543814201974797,209.41703410413862,14.543814201974797,274.12413921766915
14_LTAN06_800km_1213COLD_MY_STTLCT_PCDU_HEAT_MY_0p5,15972.0,test,MY,y,10.062837520661176,0.03146644628100148,-0.030843140495875332,11.99808628343702,276.5869706073726,0.0,0.0,14.543814201974797,209.41703410413862,14.543814201974797,278.01885850561666
14_LTAN06_800km_1213COLD_MY_STTLCT_PCDU_HEAT_MY_0p5,16032.5,test,MY,y,10.172522314049573,0.025345289256193837,-0.03840661157023817,12.56287544144024,280.2435790914918,0.0,0.0,14.543814201974797,209.41703410413862,14.543814201974797,281.56932765378326
14_LTAN06_800km_1213COLD_MY_STTLCT_PCDU_HEAT_MY_0p5,16093.0,test,MY,y,10.271633057851218,0.01924528925619029,-0.04545950413221078,13.140506463651375,283.58609540240866,0.0,0.0,14.543814201974797,209.41703410413862,14.543814201974797,284.8073036010051
14_LTAN06_800km_1213COLD_MY_STTLCT_PCDU_HEAT_MY_0p5,16153.5,test,MY,y,10.361007425742585,0.013511386138617354,-0.05218135313532457,13.729816109113983,286.6312251395324,0.0,0.0,14.543814201974797,209.41703410413862,14.543814201974797,287.75870889741304
14_LTAN06_800km_1213COLD_MY_STTLCT_PCDU_HEAT_MY_0p5,16214.0,test,MY,y,10.442172727272734,0.008080165289243268,-0.058523140495879034,14.319926370049249,289.41148092284493,0.0,0.0,14.543814201974797,209.41703410413862,14.543814201974797,290.461485763738
14_LTAN06_800km_1213COLD_MY_STTLCT_PCDU_HEAT_MY_0p5,16274.5,test,MY,y,10.515689256198328,0.003037190082636698,-0.06437685950412231,14.90845255216934,291.9448652917913,0.0,0.0,14.543814201974797,209.41703410413862,14.543814201974797,292.92043533716424
14_LTAN06_800km_1213COLD_MY_STTLCT_PCDU_HEAT_MY_0p5,16335.0,test,MY,y,10.582052066115693,-0.001873553719022425,-0.06999834710744324,15.494624311310597,294.2463685390533,0.0,0.0,14.543814201974797,209.41703410413862,14.543814201974797,295.1730424765624
14_LTAN06_800km_1213COLD_MY_STTLCT_PCDU_HEAT_MY_0p5,16395.5,test,MY,y,10.642030693069316,-0.006588118811876598,-0.07505544554454957,16.069382161162807,296.3532563041854,0.0,0.0,14.543814201974797,209.41703410413862,14.543814201974797,297.21420584235574
14_LTAN06_800km_1213COLD_MY_STTLCT_PCDU_HEAT_MY_0p5,16456.0,test,MY,y,10.696252727272736,-0.011019999999987817,-0.07960909090908785,16.633154495613283,298.2763934103858,0.0,0.0,14.543814201974797,209.41703410413862,14.543814201974797,299.06244279352563
14_LTAN06_800km_1213COLD_MY_STTLCT_PCDU_HEAT_MY_0p5,16516.5,test,MY,y,10.745398181818175,-0.015419999999991774,-0.08375272727272431,17.18479923620664,300.0353976581285,0.0,0.0,14.543814201974797,209.41703410413862,14.543814201974797,300.7484102966464
14_LTAN06_800km_1213COLD_MY_STTLCT_PCDU_HEAT_MY_0p5,16577.0,test,MY,y,10.790790909090887,-0.019374545454553527,-0.0875854545454331,17.720762338962913,301.664065869802,0.0,0.0,14.543814201974797,209.41703410413862,14.543814201974797,302.3032802279496
14_LTAN06_800km_1213COLD_MY_STTLCT_PCDU_HEAT_MY_0p5,16637.5,test,MY,y,10.832611716171627,-0.02317986798679783,-0.09111303630365342,18.241210015406825,303.16964308059903,0.0,0.0,14.543814201974797,209.41703410413862,14.543814201974797,303.7396118042901
14_LTAN06_800km_1213COLD_MY_STTLCT_PCDU_HEAT_MY_0p5,16698.0,test,MY,y,10.871436363636349,-0.02689024793387773,-0.09425669421487726,18.74352337482365,304.574077217786,0.0,0.0,14.543814201974797,209.41703410413862,14.543814201974797,305.0681930561624
14_LTAN06_800km_1213COLD_MY_STTLCT_PCDU_HEAT_MY_0p5,16758.5,test,MY,y,10.90798000000001,-0.030412396694202926,-0.09691206611570635,19.225100135060675,305.8981920725692,0.0,0.0,14.543814201974797,209.41703410413862,14.543814201974797,306.2979279384343
14_LTAN06_800km_1213COLD_MY_STTLCT_PCDU_HEAT_MY_0p5,16819.0,test,MY,y,10.94259041322313,-0.033645619834729246,-0.09933421487600924,19.68630678398001,307.1464641770817,0.0,0.0,14.543814201974797,209.41703410413862,14.543814201974797,307.4534527461074
14_LTAN06_800km_1213COLD_MY_STTLCT_PCDU_HEAT_MY_0p5,16879.5,test,MY,y,10.975785808580866,-0.03692970297029774,-0.1014643564356561,20.121865656315755,308.3443848457483,0.0,0.0,14.543814201974797,209.41703410413862,14.543814201974797,308.55263921908903
14_LTAN06_800km_1213COLD_MY_STTLCT_PCDU_HEAT_MY_0p5,16940.0,test,MY,y,11.008258347107443,-0.03987404958677132,-0.10347520661156295,20.530395721028984,309.5037665952576,0.0,0.0,14.543814201974797,209.41703410413862,14.543814201974797,309.6159856132379
14_LTAN06_800km_1213COLD_MY_STTLCT_PCDU_HEAT_MY_0p5,17000.5,test,MY,y,11.039770743801654,-0.04286280991735225,-0.1052089256198343,20.9128888525676,310.6276635091385,0.0,0.0,14.543814201974797,209.41703410413862,14.543814201974797,310.6357490685493
14_LTAN06_800km_1213COLD_MY_STTLCT_PCDU_HEAT_MY_0p5,17061.0,test,MY,y,11.071703305785107,-0.04550776859504424,-0.10682016528923555,21.261341727465616,311.74545227110184,0.0,0.0,14.543814201974797,209.41703410413862,14.543814201974797,311.6491510308864
14_LTAN06_800km_1213COLD_MY_STTLCT_PCDU_HEAT_MY_0p5,17121.5,test,MY,y,11.104147107438038,-0.04775272727272295,-0.10833140495869031,21.576548929630967,312.859986874206,0.0,0.0,14.543814201974797,209.41703410413862,14.543814201974797,312.6587505900322
14_LTAN06_800km_1213COLD_MY_STTLCT_PCDU_HEAT_MY_0p5,17182.0,test,MY,y,11.137042574257421,-0.04959504950495841,-0.10956336633664421,21.85838163928,313.9771954040428,0.0,0.0,14.543814201974797,209.41703410413862,14.543814201974797,313.6502098672359
14_LTAN06_800km_1213COLD_MY_STTLCT_PCDU_HEAT_MY_0p5,17242.5,test,MY,y,11.171365289256201,-0.051306115702473676,-0.11085173553719585,22.10070355514901,315.12203621209073,0.0,0.0,14.543814201974797,209.41703410413862,14.543814201974797,314.67959483179436
14_LTAN06_800km_1213COLD_MY_STTLCT_PCDU_HEAT_MY_0p5,17303.0,test,MY,y,11.207105619834735,-0.052651735537182276,-0.11206314049587718,22.305326267951223,316.29293405371675,0.0,0.0,14.543814201974797,209.41703410413862,14.543814201974797,315.73131458166336
14_LTAN06_800km_1213COLD_MY_STTLCT_PCDU_HEAT_MY_0p5,17363.5,test,MY,y,11.24433454545455,-0.0537745454545302,-0.11326314049587438,22.470197013602583,317.49279749638384,0.0,0.0,14.543814201974797,209.41703410413862,14.543814201974797,316.81545106855424
14_LTAN06_800km_1213COLD_MY_STTLCT_PCDU_HEAT_MY_0p5,17424.0,test,MY,y,11.283095049504936,-0.05469603960396796,-0.11454983498347815,22.591080701854665,318.7272799629494,0.0,0.0,14.543814201974797,209.41703410413862,14.543814201974797,317.9406239466645
14_LTAN06_800km_1213COLD_MY_STTLCT_PCDU_HEAT_MY_0p5,17484.5,test,MY,y,11.323502479338842,-0.055330578512410966,-0.11567272727272382,22.66957987110141,319.995766634037,0.0,0.0,14.543814201974797,209.41703410413862,14.543814201974797,319.08992112972874
14_LTAN06_800km_1213COLD_MY_STTLCT_PCDU_HEAT_MY_0p5,17545.0,test,MY,y,11.36569421487603,-0.055576859504128606,-0.11686115702478617,22.700757190095143,321.30580267346414,0.0,0.0,14.543814201974797,209.41703410413862,14.543814201974797,320.2806519720351
14_LTAN06_800km_1213COLD_MY_STTLCT_PCDU_HEAT_MY_0p5,17605.5,test,MY,y,11.409597520661166,-0.05559999999999832,-0.11797272727274333,22.682199577841743,322.6611388360326,0.0,0.0,14.543814201974797,209.41703410413862,14.543814201974797,321.50496240851345
14_LTAN06_800km_1213COLD_MY_STTLCT_PCDU_HEAT_MY_0p5,17666.0,test,MY,y,11.455045709570967,-0.05524686468646678,-0.11898283828384137,22.615781145002703,324.05975968236896,0.0,0.0,14.543814201974797,209.41703410413862,14.543814201974797,322.7529168904038
14_LTAN06_800km_1213COLD_MY_STTLCT_PCDU_HEAT_MY_0p5,17726.5,test,MY,y,11.502413884297525,-0.05458214876033196,-0.11989438016530585,22.49268911504072,325.4991441050872,0.0,0.0,14.543814201974797,209.41703410413862,14.543814201974797,324.03612590764834
14_LTAN06_800km_1213COLD_MY_STTLCT_PCDU_HEAT_MY_0p5,17787.0,test,MY,y,11.551602644628105,-0.05370561983470168,-0.12061785123967184,22.313223171198864,326.97714933455745,0.0,0.0,14.543814201974797,209.41703410413862,14.543814201974797,325.3481522165151
14_LTAN06_800km_1213COLD_MY_STTLCT_PCDU_HEAT_MY_0p5,17847.5,test,MY,y,11.602326611570248,-0.052452561983471924,-0.12131785123968086,22.07946017031269,328.49091227920013,0.0,0.0,14.543814201974797,209.41703410413862,14.543814201974797,326.68909643481004
14_LTAN06_800km_1213COLD_MY_STTLCT_PCDU_HEAT_MY_0p5,17908.0,test,MY,y,11.653769306930698,-0.050978217821779026,-0.12219306930694529,21.787989999561105,330.0254681127991,0.0,0.0,14.543814201974797,209.41703410413862,14.543814201974797,328.0556589053691
14_LTAN06_800km_1213COLD_MY_STTLCT_PCDU_HEAT_MY_0p5,17968.5,test,MY,y,11.705887768595062,-0.04921421487603084,-0.12318099173556618,21.44125122647603,331.57948533559056,0.0,0.0,14.543814201974797,209.41703410413862,14.543814201974797,329.44056836962943
14_LTAN06_800km_1213COLD_MY_STTLCT_PCDU_HEAT_MY_0p5,18029.0,test,MY,y,11.758440165289258,-0.047238016528922344,-0.12418099173554253,21.04340622965001,333.14536238854924,0.0,0.0,14.543814201974797,209.41703410413862,14.543814201974797,330.83232432389553
14_LTAN06_800km_1213COLD_MY_STTLCT_PCDU_HEAT_MY_0p5,18089.5,test,MY,y,11.810511570247925,-0.045149917355374214,-0.12482859504132193,20.601230179448585,334.7053513865871,0.0,0.0,14.543814201974797,209.41703410413862,14.543814201974797,332.18372931734655
14_LTAN06_800km_1213COLD_MY_STTLCT_PCDU_HEAT_MY_0p5,18150.0,test,MY,y,11.862084158415854,-0.04296501650163975,-0.12542772277228664,20.1164383082845,336.2591558356262,0.0,0.0,14.543814201974797,209.41703410413862,14.543814201974797,333.5162579600465
