time_s,temperature,femap_node_id,x_mm,y_mm,z_mm,mapped_entity_name,target_x_mm,target_y_mm,target_z_mm
0.0,46.5043,28421,595.0,300.0,505.0,Rect[PANEL_PX]::7680,595.0,300.0,505.0
0.0,46.5043,28421,595.0,300.0,505.0,Rect[PANEL_PX]::7680,595.0,300.0,505.0
60.5242,46.7654,28421,595.0,300.0,505.0,Rect[PANEL_PX]::7680,595.0,300.0,505.0
121.048,47.0216,28421,595.0,300.0,505.0,Rect[PANEL_PX]::7680,595.0,300.0,505.0
181.573,47.2723,28421,595.0,300.0,505.0,Rect[PANEL_PX]::7680,595.0,300.0,505.0
242.097,47.5175,28421,595.0,300.0,505.0,Rect[PANEL_PX]::7680,595.0,300.0,505.0
302.621,47.7569,28421,595.0,300.0,505.0,Rect[PANEL_PX]::7680,595.0,300.0,505.0
363.145,47.9902,28421,595.0,300.0,505.0,Rect[PANEL_PX]::7680,595.0,300.0,505.0
423.669,48.2181,28421,595.0,300.0,505.0,Rect[PANEL_PX]::7680,595.0,300.0,505.0
484.194,48.4407,28421,595.0,300.0,505.0,Rect[PANEL_PX]::7680,595.0,300.0,505.0
544.718,48.6582,28421,595.0,300.0,505.0,Rect[PANEL_PX]::7680,595.0,300.0,505.0
605.242,48.8713,28421,595.0,300.0,505.0,Rect[PANEL_PX]::7680,595.0,300.0,505.0
665.766,49.08,28421,595.0,300.0,505.0,Rect[PANEL_PX]::7680,595.0,300.0,505.0
726.29,49.2837,28421,595.0,300.0,505.0,Rect[PANEL_PX]::7680,595.0,300.0,505.0
786.815,49.4818,28421,595.0,300.0,505.0,Rect[PANEL_PX]::7680,595.0,300.0,505.0
847.339,49.6747,28421,595.0,300.0,505.0,Rect[PANEL_PX]::7680,595.0,300.0,505.0
907.863,49.8634,28421,595.0,300.0,505.0,Rect[PANEL_PX]::7680,595.0,300.0,505.0
968.387,50.0483,28421,595.0,300.0,505.0,Rect[PANEL_PX]::7680,595.0,300.0,505.0
1028.91,50.2292,28421,595.0,300.0,505.0,Rect[PANEL_PX]::7680,595.0,300.0,505.0
1089.44,48.7786,28421,595.0,300.0,505.0,Rect[PANEL_PX]::7680,595.0,300.0,505.0
1149.96,47.3663,28421,595.0,300.0,505.0,Rect[PANEL_PX]::7680,595.0,300.0,505.0
1210.48,45.9955,28421,595.0,300.0,505.0,Rect[PANEL_PX]::7680,595.0,300.0,505.0
1271.01,44.6698,28421,595.0,300.0,505.0,Rect[PANEL_PX]::7680,595.0,300.0,505.0
1331.53,43.3907,28421,595.0,300.0,505.0,Rect[PANEL_PX]::7680,595.0,300.0,505.0
1392.06,42.1587,28421,595.0,300.0,505.0,Rect[PANEL_PX]::7680,595.0,300.0,505.0
1452.58,40.9731,28421,595.0,300.0,505.0,Rect[PANEL_PX]::7680,595.0,300.0,505.0
1513.11,39.833,28421,595.0,300.0,505.0,Rect[PANEL_PX]::7680,595.0,300.0,505.0
1573.63,38.7361,28421,595.0,300.0,505.0,Rect[PANEL_PX]::7680,595.0,300.0,505.0
1634.15,37.6805,28421,595.0,300.0,505.0,Rect[PANEL_PX]::7680,595.0,300.0,505.0
1694.68,36.6648,28421,595.0,300.0,505.0,Rect[PANEL_PX]::7680,595.0,300.0,505.0
1755.2,35.687,28421,595.0,300.0,505.0,Rect[PANEL_PX]::7680,595.0,300.0,505.0
1815.73,34.745,28421,595.0,300.0,505.0,Rect[PANEL_PX]::7680,595.0,300.0,505.0
1876.25,33.8371,28421,595.0,300.0,505.0,Rect[PANEL_PX]::7680,595.0,300.0,505.0
1936.77,32.9613,28421,595.0,300.0,505.0,Rect[PANEL_PX]::7680,595.0,300.0,505.0
1997.3,32.116,28421,595.0,300.0,505.0,Rect[PANEL_PX]::7680,595.0,300.0,505.0
2057.82,31.2988,28421,595.0,300.0,505.0,Rect[PANEL_PX]::7680,595.0,300.0,505.0
2118.35,32.1408,28421,595.0,300.0,505.0,Rect[PANEL_PX]::7680,595.0,300.0,505.0
2178.87,32.9698,28421,595.0,300.0,505.0,Rect[PANEL_PX]::7680,595.0,300.0,505.0
2239.4,33.7806,28421,595.0,300.0,505.0,Rect[PANEL_PX]::7680,595.0,300.0,505.0
2299.92,34.5678,28421,595.0,300.0,505.0,Rect[PANEL_PX]::7680,595.0,300.0,505.0
2360.44,35.3283,28421,595.0,300.0,505.0,Rect[PANEL_PX]::7680,595.0,300.0,505.0
2420.97,36.0599,28421,595.0,300.0,505.0,Rect[PANEL_PX]::7680,595.0,300.0,505.0
2481.49,36.7609,28421,595.0,300.0,505.0,Rect[PANEL_PX]::7680,595.0,300.0,505.0
2542.02,37.4309,28421,595.0,300.0,505.0,Rect[PANEL_PX]::7680,595.0,300.0,505.0
2602.54,38.0703,28421,595.0,300.0,505.0,Rect[PANEL_PX]::7680,595.0,300.0,505.0
2663.06,38.6794,28421,595.0,300.0,505.0,Rect[PANEL_PX]::7680,595.0,300.0,505.0
2723.59,39.2588,28421,595.0,300.0,505.0,Rect[PANEL_PX]::7680,595.0,300.0,505.0
2784.11,39.8099,28421,595.0,300.0,505.0,Rect[PANEL_PX]::7680,595.0,300.0,505.0
2844.64,40.3333,28421,595.0,300.0,505.0,Rect[PANEL_PX]::7680,595.0,300.0,505.0
2905.16,40.8303,28421,595.0,300.0,505.0,Rect[PANEL_PX]::7680,595.0,300.0,505.0
2965.69,41.3028,28421,595.0,300.0,505.0,Rect[PANEL_PX]::7680,595.0,300.0,505.0
3026.21,41.7519,28421,595.0,300.0,505.0,Rect[PANEL_PX]::7680,595.0,300.0,505.0
3086.73,42.1778,28421,595.0,300.0,505.0,Rect[PANEL_PX]::7680,595.0,300.0,505.0
3147.26,42.5813,28421,595.0,300.0,505.0,Rect[PANEL_PX]::7680,595.0,300.0,505.0
3207.78,42.9636,28421,595.0,300.0,505.0,Rect[PANEL_PX]::7680,595.0,300.0,505.0
3268.31,43.3262,28421,595.0,300.0,505.0,Rect[PANEL_PX]::7680,595.0,300.0,505.0
3328.83,43.67,28421,595.0,300.0,505.0,Rect[PANEL_PX]::7680,595.0,300.0,505.0
3389.36,43.9958,28421,595.0,300.0,505.0,Rect[PANEL_PX]::7680,595.0,300.0,505.0
3449.88,44.304,28421,595.0,300.0,505.0,Rect[PANEL_PX]::7680,595.0,300.0,505.0
3510.4,44.5957,28421,595.0,300.0,505.0,Rect[PANEL_PX]::7680,595.0,300.0,505.0
3570.93,44.8716,28421,595.0,300.0,505.0,Rect[PANEL_PX]::7680,595.0,300.0,505.0
3631.45,45.1322,28421,595.0,300.0,505.0,Rect[PANEL_PX]::7680,595.0,300.0,505.0
3691.98,45.3784,28421,595.0,300.0,505.0,Rect[PANEL_PX]::7680,595.0,300.0,505.0
3752.5,45.6109,28421,595.0,300.0,505.0,Rect[PANEL_PX]::7680,595.0,300.0,505.0
3813.02,45.8308,28421,595.0,300.0,505.0,Rect[PANEL_PX]::7680,595.0,300.0,505.0
3873.55,46.0385,28421,595.0,300.0,505.0,Rect[PANEL_PX]::7680,595.0,300.0,505.0
3934.07,46.2351,28421,595.0,300.0,505.0,Rect[PANEL_PX]::7680,595.0,300.0,505.0
3994.6,46.4215,28421,595.0,300.0,505.0,Rect[PANEL_PX]::7680,595.0,300.0,505.0
4055.12,46.5982,28421,595.0,300.0,505.0,Rect[PANEL_PX]::7680,595.0,300.0,505.0
4115.65,46.7657,28421,595.0,300.0,505.0,Rect[PANEL_PX]::7680,595.0,300.0,505.0
4176.17,46.9248,28421,595.0,300.0,505.0,Rect[PANEL_PX]::7680,595.0,300.0,505.0
4236.69,47.076,28421,595.0,300.0,505.0,Rect[PANEL_PX]::7680,595.0,300.0,505.0
4297.22,47.2205,28421,595.0,300.0,505.0,Rect[PANEL_PX]::7680,595.0,300.0,505.0
4357.74,47.3587,28421,595.0,300.0,505.0,Rect[PANEL_PX]::7680,595.0,300.0,505.0
4418.27,47.4909,28421,595.0,300.0,505.0,Rect[PANEL_PX]::7680,595.0,300.0,505.0
4478.79,47.618,28421,595.0,300.0,505.0,Rect[PANEL_PX]::7680,595.0,300.0,505.0
4539.31,47.7403,28421,595.0,300.0,505.0,Rect[PANEL_PX]::7680,595.0,300.0,505.0
4599.84,47.8586,28421,595.0,300.0,505.0,Rect[PANEL_PX]::7680,595.0,300.0,505.0
4660.36,47.9736,28421,595.0,300.0,505.0,Rect[PANEL_PX]::7680,595.0,300.0,505.0
4720.89,48.0853,28421,595.0,300.0,505.0,Rect[PANEL_PX]::7680,595.0,300.0,505.0
4781.41,48.1945,28421,595.0,300.0,505.0,Rect[PANEL_PX]::7680,595.0,300.0,505.0
4841.94,48.3016,28421,595.0,300.0,505.0,Rect[PANEL_PX]::7680,595.0,300.0,505.0
4902.46,48.4066,28421,595.0,300.0,505.0,Rect[PANEL_PX]::7680,595.0,300.0,505.0
4962.98,48.5101,28421,595.0,300.0,505.0,Rect[PANEL_PX]::7680,595.0,300.0,505.0
5023.51,48.6123,28421,595.0,300.0,505.0,Rect[PANEL_PX]::7680,595.0,300.0,505.0
5084.03,48.7136,28421,595.0,300.0,505.0,Rect[PANEL_PX]::7680,595.0,300.0,505.0
5144.56,48.8146,28421,595.0,300.0,505.0,Rect[PANEL_PX]::7680,595.0,300.0,505.0
5205.08,48.9153,28421,595.0,300.0,505.0,Rect[PANEL_PX]::7680,595.0,300.0,505.0
5265.61,49.0158,28421,595.0,300.0,505.0,Rect[PANEL_PX]::7680,595.0,300.0,505.0
5326.13,49.1161,28421,595.0,300.0,505.0,Rect[PANEL_PX]::7680,595.0,300.0,505.0
5386.65,49.2163,28421,595.0,300.0,505.0,Rect[PANEL_PX]::7680,595.0,300.0,505.0
5447.18,49.3168,28421,595.0,300.0,505.0,Rect[PANEL_PX]::7680,595.0,300.0,505.0
5507.7,49.4178,28421,595.0,300.0,505.0,Rect[PANEL_PX]::7680,595.0,300.0,505.0
5568.23,49.5191,28421,595.0,300.0,505.0,Rect[PANEL_PX]::7680,595.0,300.0,505.0
5628.75,49.6206,28421,595.0,300.0,505.0,Rect[PANEL_PX]::7680,595.0,300.0,505.0
5689.27,49.7223,28421,595.0,300.0,505.0,Rect[PANEL_PX]::7680,595.0,300.0,505.0
5749.8,49.8242,28421,595.0,300.0,505.0,Rect[PANEL_PX]::7680,595.0,300.0,505.0
5810.32,49.9263,28421,595.0,300.0,505.0,Rect[PANEL_PX]::7680,595.0,300.0,505.0
5870.85,50.0287,28421,595.0,300.0,505.0,Rect[PANEL_PX]::7680,595.0,300.0,505.0
5931.37,50.1309,28421,595.0,300.0,505.0,Rect[PANEL_PX]::7680,595.0,300.0,505.0
5991.9,50.2324,28421,595.0,300.0,505.0,Rect[PANEL_PX]::7680,595.0,300.0,505.0
6052.42,50.3332,28421,595.0,300.0,505.0,Rect[PANEL_PX]::7680,595.0,300.0,505.0
6112.94,50.433,28421,595.0,300.0,505.0,Rect[PANEL_PX]::7680,595.0,300.0,505.0
6173.47,50.532,28421,595.0,300.0,505.0,Rect[PANEL_PX]::7680,595.0,300.0,505.0
6233.99,50.63,28421,595.0,300.0,505.0,Rect[PANEL_PX]::7680,595.0,300.0,505.0
6294.52,50.7273,28421,595.0,300.0,505.0,Rect[PANEL_PX]::7680,595.0,300.0,505.0
6355.04,50.8243,28421,595.0,300.0,505.0,Rect[PANEL_PX]::7680,595.0,300.0,505.0
6415.57,50.9207,28421,595.0,300.0,505.0,Rect[PANEL_PX]::7680,595.0,300.0,505.0
6476.09,51.0175,28421,595.0,300.0,505.0,Rect[PANEL_PX]::7680,595.0,300.0,505.0
6536.61,51.1146,28421,595.0,300.0,505.0,Rect[PANEL_PX]::7680,595.0,300.0,505.0
6597.14,51.2124,28421,595.0,300.0,505.0,Rect[PANEL_PX]::7680,595.0,300.0,505.0
6657.66,51.3112,28421,595.0,300.0,505.0,Rect[PANEL_PX]::7680,595.0,300.0,505.0
6718.19,51.411,28421,595.0,300.0,505.0,Rect[PANEL_PX]::7680,595.0,300.0,505.0
6778.71,51.5109,28421,595.0,300.0,505.0,Rect[PANEL_PX]::7680,595.0,300.0,505.0
6839.23,51.6102,28421,595.0,300.0,505.0,Rect[PANEL_PX]::7680,595.0,300.0,505.0
6899.76,51.7091,28421,595.0,300.0,505.0,Rect[PANEL_PX]::7680,595.0,300.0,505.0
6960.28,51.8083,28421,595.0,300.0,505.0,Rect[PANEL_PX]::7680,595.0,300.0,505.0
7020.81,51.908,28421,595.0,300.0,505.0,Rect[PANEL_PX]::7680,595.0,300.0,505.0
7081.33,52.0079,28421,595.0,300.0,505.0,Rect[PANEL_PX]::7680,595.0,300.0,505.0
7141.86,50.4805,28421,595.0,300.0,505.0,Rect[PANEL_PX]::7680,595.0,300.0,505.0
7202.38,48.9959,28421,595.0,300.0,505.0,Rect[PANEL_PX]::7680,595.0,300.0,505.0
7262.9,47.5567,28421,595.0,300.0,505.0,Rect[PANEL_PX]::7680,595.0,300.0,505.0
7323.43,46.1666,28421,595.0,300.0,505.0,Rect[PANEL_PX]::7680,595.0,300.0,505.0
7383.95,44.8266,28421,595.0,300.0,505.0,Rect[PANEL_PX]::7680,595.0,300.0,505.0
7444.48,43.5369,28421,595.0,300.0,505.0,Rect[PANEL_PX]::7680,595.0,300.0,505.0
7505.0,42.2966,28421,595.0,300.0,505.0,Rect[PANEL_PX]::7680,595.0,300.0,505.0
7565.52,41.1048,28421,595.0,300.0,505.0,Rect[PANEL_PX]::7680,595.0,300.0,505.0
7626.05,39.959,28421,595.0,300.0,505.0,Rect[PANEL_PX]::7680,595.0,300.0,505.0
7686.57,38.8568,28421,595.0,300.0,505.0,Rect[PANEL_PX]::7680,595.0,300.0,505.0
7747.1,37.797,28421,595.0,300.0,505.0,Rect[PANEL_PX]::7680,595.0,300.0,505.0
7807.62,36.7773,28421,595.0,300.0,505.0,Rect[PANEL_PX]::7680,595.0,300.0,505.0
7868.15,35.7954,28421,595.0,300.0,505.0,Rect[PANEL_PX]::7680,595.0,300.0,505.0
7928.67,34.8497,28421,595.0,300.0,505.0,Rect[PANEL_PX]::7680,595.0,300.0,505.0
7989.19,33.9378,28421,595.0,300.0,505.0,Rect[PANEL_PX]::7680,595.0,300.0,505.0
8049.72,33.0582,28421,595.0,300.0,505.0,Rect[PANEL_PX]::7680,595.0,300.0,505.0
8110.24,32.2084,28421,595.0,300.0,505.0,Rect[PANEL_PX]::7680,595.0,300.0,505.0
8170.77,33.0191,28421,595.0,300.0,505.0,Rect[PANEL_PX]::7680,595.0,300.0,505.0
8231.29,33.818,28421,595.0,300.0,505.0,Rect[PANEL_PX]::7680,595.0,300.0,505.0
8291.82,34.5998,28421,595.0,300.0,505.0,Rect[PANEL_PX]::7680,595.0,300.0,505.0
8352.34,35.3591,28421,595.0,300.0,505.0,Rect[PANEL_PX]::7680,595.0,300.0,505.0
8412.86,36.0928,28421,595.0,300.0,505.0,Rect[PANEL_PX]::7680,595.0,300.0,505.0
8473.39,36.7985,28421,595.0,300.0,505.0,Rect[PANEL_PX]::7680,595.0,300.0,505.0
8533.91,37.4747,28421,595.0,300.0,505.0,Rect[PANEL_PX]::7680,595.0,300.0,505.0
8594.44,38.1208,28421,595.0,300.0,505.0,Rect[PANEL_PX]::7680,595.0,300.0,505.0
8654.96,38.7372,28421,595.0,300.0,505.0,Rect[PANEL_PX]::7680,595.0,300.0,505.0
8715.48,39.3242,28421,595.0,300.0,505.0,Rect[PANEL_PX]::7680,595.0,300.0,505.0
8776.01,39.8825,28421,595.0,300.0,505.0,Rect[PANEL_PX]::7680,595.0,300.0,505.0
8836.53,40.4132,28421,595.0,300.0,505.0,Rect[PANEL_PX]::7680,595.0,300.0,505.0
8897.06,40.9171,28421,595.0,300.0,505.0,Rect[PANEL_PX]::7680,595.0,300.0,505.0
8957.58,41.3953,28421,595.0,300.0,505.0,Rect[PANEL_PX]::7680,595.0,300.0,505.0
9018.11,41.8498,28421,595.0,300.0,505.0,Rect[PANEL_PX]::7680,595.0,300.0,505.0
9078.63,42.2815,28421,595.0,300.0,505.0,Rect[PANEL_PX]::7680,595.0,300.0,505.0
9139.15,42.6909,28421,595.0,300.0,505.0,Rect[PANEL_PX]::7680,595.0,300.0,505.0
9199.68,43.0784,28421,595.0,300.0,505.0,Rect[PANEL_PX]::7680,595.0,300.0,505.0
9260.2,43.4453,28421,595.0,300.0,505.0,Rect[PANEL_PX]::7680,595.0,300.0,505.0
9320.73,43.7933,28421,595.0,300.0,505.0,Rect[PANEL_PX]::7680,595.0,300.0,505.0
9381.25,44.123,28421,595.0,300.0,505.0,Rect[PANEL_PX]::7680,595.0,300.0,505.0
9441.78,44.4353,28421,595.0,300.0,505.0,Rect[PANEL_PX]::7680,595.0,300.0,505.0
9502.3,44.7305,28421,595.0,300.0,505.0,Rect[PANEL_PX]::7680,595.0,300.0,505.0
9562.82,45.0097,28421,595.0,300.0,505.0,Rect[PANEL_PX]::7680,595.0,300.0,505.0
9623.35,45.2736,28421,595.0,300.0,505.0,Rect[PANEL_PX]::7680,595.0,300.0,505.0
9683.87,45.5227,28421,595.0,300.0,505.0,Rect[PANEL_PX]::7680,595.0,300.0,505.0
9744.4,45.7579,28421,595.0,300.0,505.0,Rect[PANEL_PX]::7680,595.0,300.0,505.0
9804.92,45.9799,28421,595.0,300.0,505.0,Rect[PANEL_PX]::7680,595.0,300.0,505.0
9865.44,46.1895,28421,595.0,300.0,505.0,Rect[PANEL_PX]::7680,595.0,300.0,505.0
9925.97,46.3875,28421,595.0,300.0,505.0,Rect[PANEL_PX]::7680,595.0,300.0,505.0
9986.49,46.5748,28421,595.0,300.0,505.0,Rect[PANEL_PX]::7680,595.0,300.0,505.0
10047.0,46.7522,28421,595.0,300.0,505.0,Rect[PANEL_PX]::7680,595.0,300.0,505.0
10107.5,46.9202,28421,595.0,300.0,505.0,Rect[PANEL_PX]::7680,595.0,300.0,505.0
10168.1,47.0795,28421,595.0,300.0,505.0,Rect[PANEL_PX]::7680,595.0,300.0,505.0
10228.6,47.2306,28421,595.0,300.0,505.0,Rect[PANEL_PX]::7680,595.0,300.0,505.0
10289.1,47.3741,28421,595.0,300.0,505.0,Rect[PANEL_PX]::7680,595.0,300.0,505.0
10349.6,47.5113,28421,595.0,300.0,505.0,Rect[PANEL_PX]::7680,595.0,300.0,505.0
10410.2,47.6424,28421,595.0,300.0,505.0,Rect[PANEL_PX]::7680,595.0,300.0,505.0
10470.7,47.7678,28421,595.0,300.0,505.0,Rect[PANEL_PX]::7680,595.0,300.0,505.0
10531.2,47.8884,28421,595.0,300.0,505.0,Rect[PANEL_PX]::7680,595.0,300.0,505.0
10591.7,48.0044,28421,595.0,300.0,505.0,Rect[PANEL_PX]::7680,595.0,300.0,505.0
10652.3,48.1167,28421,595.0,300.0,505.0,Rect[PANEL_PX]::7680,595.0,300.0,505.0
10712.8,48.2258,28421,595.0,300.0,505.0,Rect[PANEL_PX]::7680,595.0,300.0,505.0
10773.3,48.332,28421,595.0,300.0,505.0,Rect[PANEL_PX]::7680,595.0,300.0,505.0
10833.8,48.4358,28421,595.0,300.0,505.0,Rect[PANEL_PX]::7680,595.0,300.0,505.0
10894.4,48.5377,28421,595.0,300.0,505.0,Rect[PANEL_PX]::7680,595.0,300.0,505.0
10954.9,48.6377,28421,595.0,300.0,505.0,Rect[PANEL_PX]::7680,595.0,300.0,505.0
11015.4,48.7364,28421,595.0,300.0,505.0,Rect[PANEL_PX]::7680,595.0,300.0,505.0
11075.9,48.834,28421,595.0,300.0,505.0,Rect[PANEL_PX]::7680,595.0,300.0,505.0
11136.5,48.9308,28421,595.0,300.0,505.0,Rect[PANEL_PX]::7680,595.0,300.0,505.0
11197.0,49.0276,28421,595.0,300.0,505.0,Rect[PANEL_PX]::7680,595.0,300.0,505.0
11257.5,49.1242,28421,595.0,300.0,505.0,Rect[PANEL_PX]::7680,595.0,300.0,505.0
11318.0,49.2207,28421,595.0,300.0,505.0,Rect[PANEL_PX]::7680,595.0,300.0,505.0
11378.5,49.3171,28421,595.0,300.0,505.0,Rect[PANEL_PX]::7680,595.0,300.0,505.0
11439.1,49.4136,28421,595.0,300.0,505.0,Rect[PANEL_PX]::7680,595.0,300.0,505.0
11499.6,49.5106,28421,595.0,300.0,505.0,Rect[PANEL_PX]::7680,595.0,300.0,505.0
11560.1,49.6081,28421,595.0,300.0,505.0,Rect[PANEL_PX]::7680,595.0,300.0,505.0
11620.6,49.7061,28421,595.0,300.0,505.0,Rect[PANEL_PX]::7680,595.0,300.0,505.0
11681.2,49.8044,28421,595.0,300.0,505.0,Rect[PANEL_PX]::7680,595.0,300.0,505.0
11741.7,49.903,28421,595.0,300.0,505.0,Rect[PANEL_PX]::7680,595.0,300.0,505.0
11802.2,50.0018,28421,595.0,300.0,505.0,Rect[PANEL_PX]::7680,595.0,300.0,505.0
11862.7,50.1011,28421,595.0,300.0,505.0,Rect[PANEL_PX]::7680,595.0,300.0,505.0
11923.3,50.2006,28421,595.0,300.0,505.0,Rect[PANEL_PX]::7680,595.0,300.0,505.0
11983.8,50.3001,28421,595.0,300.0,505.0,Rect[PANEL_PX]::7680,595.0,300.0,505.0
12044.3,50.399,28421,595.0,300.0,505.0,Rect[PANEL_PX]::7680,595.0,300.0,505.0
12104.8,50.4972,28421,595.0,300.0,505.0,Rect[PANEL_PX]::7680,595.0,300.0,505.0
12165.4,50.5946,28421,595.0,300.0,505.0,Rect[PANEL_PX]::7680,595.0,300.0,505.0
12225.9,50.6912,28421,595.0,300.0,505.0,Rect[PANEL_PX]::7680,595.0,300.0,505.0
12286.4,50.7869,28421,595.0,300.0,505.0,Rect[PANEL_PX]::7680,595.0,300.0,505.0
12346.9,50.882,28421,595.0,300.0,505.0,Rect[PANEL_PX]::7680,595.0,300.0,505.0
12407.5,50.9767,28421,595.0,300.0,505.0,Rect[PANEL_PX]::7680,595.0,300.0,505.0
12468.0,51.0711,28421,595.0,300.0,505.0,Rect[PANEL_PX]::7680,595.0,300.0,505.0
12528.5,51.1658,28421,595.0,300.0,505.0,Rect[PANEL_PX]::7680,595.0,300.0,505.0
12589.0,51.261,28421,595.0,300.0,505.0,Rect[PANEL_PX]::7680,595.0,300.0,505.0
12649.6,51.3568,28421,595.0,300.0,505.0,Rect[PANEL_PX]::7680,595.0,300.0,505.0
12710.1,51.4538,28421,595.0,300.0,505.0,Rect[PANEL_PX]::7680,595.0,300.0,505.0
12770.6,51.5517,28421,595.0,300.0,505.0,Rect[PANEL_PX]::7680,595.0,300.0,505.0
12831.1,51.6499,28421,595.0,300.0,505.0,Rect[PANEL_PX]::7680,595.0,300.0,505.0
12891.7,51.7475,28421,595.0,300.0,505.0,Rect[PANEL_PX]::7680,595.0,300.0,505.0
12952.2,51.8448,28421,595.0,300.0,505.0,Rect[PANEL_PX]::7680,595.0,300.0,505.0
13012.7,51.9424,28421,595.0,300.0,505.0,Rect[PANEL_PX]::7680,595.0,300.0,505.0
13073.2,52.0404,28421,595.0,300.0,505.0,Rect[PANEL_PX]::7680,595.0,300.0,505.0
13133.8,52.1388,28421,595.0,300.0,505.0,Rect[PANEL_PX]::7680,595.0,300.0,505.0
13194.3,50.61,28421,595.0,300.0,505.0,Rect[PANEL_PX]::7680,595.0,300.0,505.0
13254.8,49.124,28421,595.0,300.0,505.0,Rect[PANEL_PX]::7680,595.0,300.0,505.0
13315.3,47.6836,28421,595.0,300.0,505.0,Rect[PANEL_PX]::7680,595.0,300.0,505.0
13375.8,46.2922,28421,595.0,300.0,505.0,Rect[PANEL_PX]::7680,595.0,300.0,505.0
13436.4,44.951,28421,595.0,300.0,505.0,Rect[PANEL_PX]::7680,595.0,300.0,505.0
13496.9,43.6602,28421,595.0,300.0,505.0,Rect[PANEL_PX]::7680,595.0,300.0,505.0
13557.4,42.419,28421,595.0,300.0,505.0,Rect[PANEL_PX]::7680,595.0,300.0,505.0
13617.9,41.2262,28421,595.0,300.0,505.0,Rect[PANEL_PX]::7680,595.0,300.0,505.0
13678.5,40.0794,28421,595.0,300.0,505.0,Rect[PANEL_PX]::7680,595.0,300.0,505.0
13739.0,38.9764,28421,595.0,300.0,505.0,Rect[PANEL_PX]::7680,595.0,300.0,505.0
13799.5,37.9158,28421,595.0,300.0,505.0,Rect[PANEL_PX]::7680,595.0,300.0,505.0
13860.0,36.8952,28421,595.0,300.0,505.0,Rect[PANEL_PX]::7680,595.0,300.0,505.0
13920.6,35.9126,28421,595.0,300.0,505.0,Rect[PANEL_PX]::7680,595.0,300.0,505.0
13981.1,34.9661,28421,595.0,300.0,505.0,Rect[PANEL_PX]::7680,595.0,300.0,505.0
14041.6,34.0536,28421,595.0,300.0,505.0,Rect[PANEL_PX]::7680,595.0,300.0,505.0
14102.1,33.1733,28421,595.0,300.0,505.0,Rect[PANEL_PX]::7680,595.0,300.0,505.0
14162.7,32.3228,28421,595.0,300.0,505.0,Rect[PANEL_PX]::7680,595.0,300.0,505.0
14223.2,33.1329,28421,595.0,300.0,505.0,Rect[PANEL_PX]::7680,595.0,300.0,505.0
14283.7,33.9311,28421,595.0,300.0,505.0,Rect[PANEL_PX]::7680,595.0,300.0,505.0
14344.2,34.7122,28421,595.0,300.0,505.0,Rect[PANEL_PX]::7680,595.0,300.0,505.0
14404.8,35.4708,28421,595.0,300.0,505.0,Rect[PANEL_PX]::7680,595.0,300.0,505.0
14465.3,36.2038,28421,595.0,300.0,505.0,Rect[PANEL_PX]::7680,595.0,300.0,505.0
14525.8,36.9088,28421,595.0,300.0,505.0,Rect[PANEL_PX]::7680,595.0,300.0,505.0
14586.3,37.5843,28421,595.0,300.0,505.0,Rect[PANEL_PX]::7680,595.0,300.0,505.0
14646.9,38.2296,28421,595.0,300.0,505.0,Rect[PANEL_PX]::7680,595.0,300.0,505.0
14707.4,38.8453,28421,595.0,300.0,505.0,Rect[PANEL_PX]::7680,595.0,300.0,505.0
14767.9,39.4315,28421,595.0,300.0,505.0,Rect[PANEL_PX]::7680,595.0,300.0,505.0
14828.4,39.989,28421,595.0,300.0,505.0,Rect[PANEL_PX]::7680,595.0,300.0,505.0
14889.0,40.519,28421,595.0,300.0,505.0,Rect[PANEL_PX]::7680,595.0,300.0,505.0
14949.5,41.0221,28421,595.0,300.0,505.0,Rect[PANEL_PX]::7680,595.0,300.0,505.0
15010.0,41.4996,28421,595.0,300.0,505.0,Rect[PANEL_PX]::7680,595.0,300.0,505.0
15070.5,41.9533,28421,595.0,300.0,505.0,Rect[PANEL_PX]::7680,595.0,300.0,505.0
15131.0,42.3843,28421,595.0,300.0,505.0,Rect[PANEL_PX]::7680,595.0,300.0,505.0
15191.6,42.7929,28421,595.0,300.0,505.0,Rect[PANEL_PX]::7680,595.0,300.0,505.0
15252.1,43.1796,28421,595.0,300.0,505.0,Rect[PANEL_PX]::7680,595.0,300.0,505.0
15312.6,43.5458,28421,595.0,300.0,505.0,Rect[PANEL_PX]::7680,595.0,300.0,505.0
15373.1,43.893,28421,595.0,300.0,505.0,Rect[PANEL_PX]::7680,595.0,300.0,505.0
15433.7,44.2221,28421,595.0,300.0,505.0,Rect[PANEL_PX]::7680,595.0,300.0,505.0
15494.2,44.5336,28421,595.0,300.0,505.0,Rect[PANEL_PX]::7680,595.0,300.0,505.0
15554.7,44.8281,28421,595.0,300.0,505.0,Rect[PANEL_PX]::7680,595.0,300.0,505.0
15615.2,45.1066,28421,595.0,300.0,505.0,Rect[PANEL_PX]::7680,595.0,300.0,505.0
15675.8,45.3698,28421,595.0,300.0,505.0,Rect[PANEL_PX]::7680,595.0,300.0,505.0
15736.3,45.6182,28421,595.0,300.0,505.0,Rect[PANEL_PX]::7680,595.0,300.0,505.0
15796.8,45.8527,28421,595.0,300.0,505.0,Rect[PANEL_PX]::7680,595.0,300.0,505.0
15857.3,46.074,28421,595.0,300.0,505.0,Rect[PANEL_PX]::7680,595.0,300.0,505.0
15917.9,46.283,28421,595.0,300.0,505.0,Rect[PANEL_PX]::7680,595.0,300.0,505.0
15978.4,46.4803,28421,595.0,300.0,505.0,Rect[PANEL_PX]::7680,595.0,300.0,505.0
16038.9,46.6669,28421,595.0,300.0,505.0,Rect[PANEL_PX]::7680,595.0,300.0,505.0
16099.4,46.8437,28421,595.0,300.0,505.0,Rect[PANEL_PX]::7680,595.0,300.0,505.0
16160.0,47.0111,28421,595.0,300.0,505.0,Rect[PANEL_PX]::7680,595.0,300.0,505.0
16220.5,47.1697,28421,595.0,300.0,505.0,Rect[PANEL_PX]::7680,595.0,300.0,505.0
16281.0,47.3202,28421,595.0,300.0,505.0,Rect[PANEL_PX]::7680,595.0,300.0,505.0
16341.5,47.4632,28421,595.0,300.0,505.0,Rect[PANEL_PX]::7680,595.0,300.0,505.0
16402.1,47.5997,28421,595.0,300.0,505.0,Rect[PANEL_PX]::7680,595.0,300.0,505.0
16462.6,47.7302,28421,595.0,300.0,505.0,Rect[PANEL_PX]::7680,595.0,300.0,505.0
16523.1,47.8551,28421,595.0,300.0,505.0,Rect[PANEL_PX]::7680,595.0,300.0,505.0
16583.6,47.9751,28421,595.0,300.0,505.0,Rect[PANEL_PX]::7680,595.0,300.0,505.0
16644.2,48.0905,28421,595.0,300.0,505.0,Rect[PANEL_PX]::7680,595.0,300.0,505.0
16704.7,48.2022,28421,595.0,300.0,505.0,Rect[PANEL_PX]::7680,595.0,300.0,505.0
16765.2,48.3108,28421,595.0,300.0,505.0,Rect[PANEL_PX]::7680,595.0,300.0,505.0
16825.7,48.4164,28421,595.0,300.0,505.0,Rect[PANEL_PX]::7680,595.0,300.0,505.0
16886.3,48.5198,28421,595.0,300.0,505.0,Rect[PANEL_PX]::7680,595.0,300.0,505.0
16946.8,48.6211,28421,595.0,300.0,505.0,Rect[PANEL_PX]::7680,595.0,300.0,505.0
17007.3,48.7206,28421,595.0,300.0,505.0,Rect[PANEL_PX]::7680,595.0,300.0,505.0
17067.8,48.8188,28421,595.0,300.0,505.0,Rect[PANEL_PX]::7680,595.0,300.0,505.0
17128.3,48.9159,28421,595.0,300.0,505.0,Rect[PANEL_PX]::7680,595.0,300.0,505.0
17188.9,49.0122,28421,595.0,300.0,505.0,Rect[PANEL_PX]::7680,595.0,300.0,505.0
17249.4,49.1084,28421,595.0,300.0,505.0,Rect[PANEL_PX]::7680,595.0,300.0,505.0
17309.9,49.2046,28421,595.0,300.0,505.0,Rect[PANEL_PX]::7680,595.0,300.0,505.0
17370.4,49.3006,28421,595.0,300.0,505.0,Rect[PANEL_PX]::7680,595.0,300.0,505.0
17431.0,49.3965,28421,595.0,300.0,505.0,Rect[PANEL_PX]::7680,595.0,300.0,505.0
17491.5,49.4925,28421,595.0,300.0,505.0,Rect[PANEL_PX]::7680,595.0,300.0,505.0
17552.0,49.589,28421,595.0,300.0,505.0,Rect[PANEL_PX]::7680,595.0,300.0,505.0
17612.5,49.6861,28421,595.0,300.0,505.0,Rect[PANEL_PX]::7680,595.0,300.0,505.0
17673.1,49.7836,28421,595.0,300.0,505.0,Rect[PANEL_PX]::7680,595.0,300.0,505.0
17733.6,49.8815,28421,595.0,300.0,505.0,Rect[PANEL_PX]::7680,595.0,300.0,505.0
17794.1,49.9796,28421,595.0,300.0,505.0,Rect[PANEL_PX]::7680,595.0,300.0,505.0
17854.6,50.078,28421,595.0,300.0,505.0,Rect[PANEL_PX]::7680,595.0,300.0,505.0
17915.2,50.1768,28421,595.0,300.0,505.0,Rect[PANEL_PX]::7680,595.0,300.0,505.0
17975.7,50.2759,28421,595.0,300.0,505.0,Rect[PANEL_PX]::7680,595.0,300.0,505.0
18036.2,50.375,28421,595.0,300.0,505.0,Rect[PANEL_PX]::7680,595.0,300.0,505.0
18096.7,50.4734,28421,595.0,300.0,505.0,Rect[PANEL_PX]::7680,595.0,300.0,505.0
18157.3,50.5712,28421,595.0,300.0,505.0,Rect[PANEL_PX]::7680,595.0,300.0,505.0
