case_id,time_s,split,sun_direction,dominant_axis,t_sunface_c,t_opposite_c,t_sunface_minus_opposite_c,dtheta_x_true_urad,dtheta_y_true_urad,dtheta_x_pred_no_correction_urad,dtheta_y_pred_no_correction_urad,dtheta_x_pred_static_bias_urad,dtheta_y_pred_static_bias_urad,dtheta_x_pred_deltaT_urad,dtheta_y_pred_deltaT_urad
04_LTAN06_800km_1213COLD_MY_ALL_HEAT_MY_0p5,0.0,train,MY,y,96.1642,91.5116,4.6525999999999925,20.187667920483022,100.91131868914776,0.0,0.0,19.17389196390849,80.37437109996587,19.17389196390849,99.18326868397364
04_LTAN06_800km_1213COLD_MY_ALL_HEAT_MY_0p5,60.5,train,MY,y,96.41939792083168,91.50710179928028,4.912296121551407,19.77715107927749,107.97087825139344,0.0,0.0,19.17389196390849,80.37437109996587,19.17389196390849,106.62051787349841
04_LTAN06_800km_1213COLD_MY_ALL_HEAT_MY_0p5,121.0,train,MY,y,96.6642057755792,91.50430222061404,5.159903554965169,19.35360951120465,114.75865986989253,0.0,0.0,19.17389196390849,80.37437109996587,19.17389196390849,113.71156787638512
04_LTAN06_800km_1213COLD_MY_ALL_HEAT_MY_0p5,181.5,train,MY,y,96.89891680462618,91.5031014473358,5.395815357290388,18.91857660964879,121.2718332015207,0.0,0.0,19.17389196390849,80.37437109996587,19.17389196390849,120.46767516886624
04_LTAN06_800km_1213COLD_MY_ALL_HEAT_MY_0p5,242.0,train,MY,y,97.1239392389796,91.503299679466,5.620639559513606,18.48722413564938,127.5286327024175,0.0,0.0,19.17389196390849,80.37437109996587,19.17389196390849,126.90625271011439
04_LTAN06_800km_1213COLD_MY_ALL_HEAT_MY_0p5,302.5,train,MY,y,97.33966857114534,91.50479700118962,5.834871569955723,18.065277123955564,133.54103460100814,0.0,0.0,19.17389196390849,80.37437109996587,19.17389196390849,133.0414881403265
04_LTAN06_800km_1213COLD_MY_ALL_HEAT_MY_0p5,363.0,train,MY,y,97.5466040810257,91.50759329191725,6.03901078910846,17.652633004930543,139.31701880788194,0.0,0.0,19.17389196390849,80.37437109996587,19.17389196390849,138.88768342858896
04_LTAN06_800km_1213COLD_MY_ALL_HEAT_MY_0p5,423.5,train,MY,y,97.74564405690305,91.51148911010507,6.234154946797972,17.254036207059617,144.8884976806834,0.0,0.0,19.17389196390849,80.37437109996587,19.17389196390849,144.47627566457078
04_LTAN06_800km_1213COLD_MY_ALL_HEAT_MY_0p5,484.0,train,MY,y,97.93758458488227,91.51658365303594,6.421000931846336,16.86891402133893,150.2645006829795,0.0,0.0,19.17389196390849,80.37437109996587,19.17389196390849,149.82722254265803
04_LTAN06_800km_1213COLD_MY_ALL_HEAT_MY_0p5,544.5,train,MY,y,98.12273293239046,91.52267802855066,6.600054903839805,16.496485983891127,155.4531605157262,0.0,0.0,19.17389196390849,80.37437109996587,19.17389196390849,154.95501960075148
04_LTAN06_800km_1213COLD_MY_ALL_HEAT_MY_0p5,605.0,train,MY,y,98.3021822847135,91.52977161126164,6.7724106734518585,16.136237519620394,160.46259714385735,0.0,0.0,19.17389196390849,80.37437109996587,19.17389196390849,159.89099169074433
04_LTAN06_800km_1213COLD_MY_ALL_HEAT_MY_0p5,665.5,train,MY,y,98.47573703654749,91.5378644008988,6.937872635648688,15.787813290692592,165.3013070674879,0.0,0.0,19.17389196390849,80.37437109996587,19.17389196390849,164.6295370217031
04_LTAN06_800km_1213COLD_MY_ALL_HEAT_MY_0p5,726.0,train,MY,y,98.64379455092194,91.54695639746215,7.096838153459785,15.451665989808664,169.97596597801575,0.0,0.0,19.17389196390849,80.37437109996587,19.17389196390849,169.1820353857147
04_LTAN06_800km_1213COLD_MY_ALL_HEAT_MY_0p5,786.5,train,MY,y,98.80645323420076,91.55694795539034,7.2495052788104175,15.128471422379429,174.49243465927142,0.0,0.0,19.17389196390849,80.37437109996587,19.17389196390849,173.5541586484654
04_LTAN06_800km_1213COLD_MY_ALL_HEAT_MY_0p5,847.0,train,MY,y,98.9642161489657,91.56783894818584,7.396377200779867,14.81706906185252,178.85935149253817,0.0,0.0,19.17389196390849,80.37437109996587,19.17389196390849,177.76031727765763
04_LTAN06_800km_1213COLD_MY_ALL_HEAT_MY_0p5,907.5,train,MY,y,99.1167847630692,91.57962922807482,7.537155534994383,14.515606779080873,183.07558143273152,0.0,0.0,19.17389196390849,80.37437109996587,19.17389196390849,181.79196605925978
04_LTAN06_800km_1213COLD_MY_ALL_HEAT_MY_0p5,968.0,train,MY,y,99.2642568617408,91.59221943361312,7.67203742812768,14.22305908844123,187.1430798949944,0.0,0.0,19.17389196390849,80.37437109996587,19.17389196390849,185.6547509341143
04_LTAN06_800km_1213COLD_MY_ALL_HEAT_MY_0p5,1028.5,train,MY,y,99.40703263222248,91.60570854716389,7.801324085058596,13.939205893257546,191.069566669234,0.0,0.0,19.17389196390849,80.37437109996587,19.17389196390849,189.35729789065581
04_LTAN06_800km_1213COLD_MY_ALL_HEAT_MY_0p5,1089.0,train,MY,y,97.96218675037171,91.613741847018,6.348444903353709,14.861315004812148,151.73267938692166,0.0,0.0,19.17389196390849,80.37437109996587,19.17389196390849,147.74934297757912
04_LTAN06_800km_1213COLD_MY_ALL_HEAT_MY_0p5,1149.5,train,MY,y,96.58079897554528,91.61042584269664,4.970373132848636,15.703687455302209,114.3475421585686,0.0,0.0,19.17389196390849,80.37437109996587,19.17389196390849,108.28374334879618
04_LTAN06_800km_1213COLD_MY_ALL_HEAT_MY_0p5,1210.0,train,MY,y,95.27168202247192,91.5970070720423,3.674674950429619,16.468057769084623,78.89914383327486,0.0,0.0,19.17389196390849,80.37437109996587,19.17389196390849,71.17718126578572
04_LTAN06_800km_1213COLD_MY_ALL_HEAT_MY_0p5,1270.5,train,MY,y,94.03214434164876,91.57458957541716,2.4575547662315955,17.16176182098639,45.32839731047737,0.0,0.0,19.17389196390849,80.37437109996587,19.17389196390849,36.32095757863712
04_LTAN06_800km_1213COLD_MY_ALL_HEAT_MY_0p5,1331.0,train,MY,y,92.85966634170522,91.54396885327164,1.3156974884335852,17.78785454320103,13.570843774282196,0.0,0.0,19.17389196390849,80.37437109996587,19.17389196390849,3.6201337730149064
04_LTAN06_800km_1213COLD_MY_ALL_HEAT_MY_0p5,1391.5,train,MY,y,91.75165078473484,91.50605156120932,0.24559922352551666,18.35011327433414,-16.456740041610725,0.0,0.0,19.17389196390849,80.37437109996587,19.17389196390849,-27.02563562028656
04_LTAN06_800km_1213COLD_MY_ALL_HEAT_MY_0p5,1452.0,train,MY,y,90.70423595505618,91.46152742894913,-0.7572914738929484,18.85264873045111,-44.85608847335848,0.0,0.0,19.17389196390849,80.37437109996587,19.17389196390849,-55.74669615056779
04_LTAN06_800km_1213COLD_MY_ALL_HEAT_MY_0p5,1512.5,train,MY,y,89.71457283991408,91.41100992896084,-1.6964370890467535,19.300205910140114,-71.70408874837598,0.0,0.0,19.17389196390849,80.37437109996587,19.17389196390849,-82.64220742513874
04_LTAN06_800km_1213COLD_MY_ALL_HEAT_MY_0p5,1573.0,train,MY,y,88.77834355584932,91.35508294778586,-2.576739391936542,19.698978995440253,-97.09017582375908,0.0,0.0,19.17389196390849,80.37437109996587,19.17389196390849,-107.85254768587198
04_LTAN06_800km_1213COLD_MY_ALL_HEAT_MY_0p5,1633.5,train,MY,y,87.89191801057503,91.29405622934568,-3.4021382187706593,20.054846966265995,-121.10262025081896,0.0,0.0,19.17389196390849,80.37437109996587,19.17389196390849,-131.49054704926036
04_LTAN06_800km_1213COLD_MY_ALL_HEAT_MY_0p5,1694.0,train,MY,y,87.05203439616719,91.22853695688087,-4.176502560713686,20.371675393340613,-143.81504835980326,0.0,0.0,19.17389196390849,80.37437109996587,19.17389196390849,-153.66700675188434
04_LTAN06_800km_1213COLD_MY_ALL_HEAT_MY_0p5,1754.5,train,MY,y,86.25521381361533,91.15880733641772,-4.903593522802396,20.65458084312036,-165.32034503531133,0.0,0.0,19.17389196390849,80.37437109996587,19.17389196390849,-174.48963835762623
04_LTAN06_800km_1213COLD_MY_ALL_HEAT_MY_0p5,1815.0,train,MY,y,85.49862349248308,91.08518883198414,-5.586565339501064,20.907111034498723,-185.6920602111561,0.0,0.0,19.17389196390849,80.37437109996587,19.17389196390849,-194.04877370345324
04_LTAN06_800km_1213COLD_MY_ALL_HEAT_MY_0p5,1875.5,train,MY,y,84.77901523463318,91.00795794778584,-6.228942713152662,21.13198699172586,-204.99142471369305,0.0,0.0,19.17389196390849,80.37437109996587,19.17389196390849,-212.44535418766955
04_LTAN06_800km_1213COLD_MY_ALL_HEAT_MY_0p5,1936.0,train,MY,y,84.09174201916721,90.92732675148712,-6.8355847323199015,21.3341936160948,-223.2981675698261,0.0,0.0,19.17389196390849,80.37437109996587,19.17389196390849,-229.8185357293508
04_LTAN06_800km_1213COLD_MY_ALL_HEAT_MY_0p5,1996.5,train,MY,y,83.43478197587973,90.8435088716339,-7.408726895754171,21.51599995525916,-240.66987890076675,0.0,0.0,19.17389196390849,80.37437109996587,19.17389196390849,-246.23233915860266
04_LTAN06_800km_1213COLD_MY_ALL_HEAT_MY_0p5,2057.0,train,MY,y,82.80749672835427,90.7566774289491,-7.949180700594837,21.67979224355905,-257.1606900315324,0.0,0.0,19.17389196390849,80.37437109996587,19.17389196390849,-261.7100043544268
04_LTAN06_800km_1213COLD_MY_ALL_HEAT_MY_0p5,2117.5,train,MY,y,83.7829854617545,90.67267958037336,-6.8896941186188485,20.630337383190792,-229.61261003642804,0.0,0.0,19.17389196390849,80.37437109996587,19.17389196390849,-231.36813526512154
04_LTAN06_800km_1213COLD_MY_ALL_HEAT_MY_0p5,2178.0,train,MY,y,84.73166779577,90.59669109385328,-5.865023298083287,19.650514421097263,-203.21930348830085,0.0,0.0,19.17389196390849,80.37437109996587,19.17389196390849,-202.02332955900675
04_LTAN06_800km_1213COLD_MY_ALL_HEAT_MY_0p5,2238.5,train,MY,y,85.63132712704444,90.52821701635553,-4.896889889311083,18.742699580397623,-178.04945451711964,0.0,0.0,19.17389196390849,80.37437109996587,19.17389196390849,-174.29765785190173
04_LTAN06_800km_1213COLD_MY_ALL_HEAT_MY_0p5,2299.0,train,MY,y,86.48177865168539,90.4663394580304,-3.9845608063450157,17.90748940285861,-154.135984568797,0.0,0.0,19.17389196390849,80.37437109996587,19.17389196390849,-148.17012582587583
04_LTAN06_800km_1213COLD_MY_ALL_HEAT_MY_0p5,2359.5,train,MY,y,87.28247124917382,90.4105651354924,-3.128093886318581,17.142792303042235,-131.47383959244087,0.0,0.0,19.17389196390849,80.37437109996587,19.17389196390849,-123.64238983671771
04_LTAN06_800km_1213COLD_MY_ALL_HEAT_MY_0p5,2420.0,train,MY,y,88.03347155129688,90.3602060631092,-2.326734511812319,16.445391106261066,-110.04629501585224,0.0,0.0,19.17389196390849,80.37437109996587,19.17389196390849,-100.69283894253978
04_LTAN06_800km_1213COLD_MY_ALL_HEAT_MY_0p5,2480.5,train,MY,y,88.73611488764045,90.3148410277594,-1.5787261401189454,15.811590480167524,-89.82341347069473,0.0,0.0,19.17389196390849,80.37437109996587,19.17389196390849,-79.27116878859053
04_LTAN06_800km_1213COLD_MY_ALL_HEAT_MY_0p5,2541.0,train,MY,y,89.39215238724599,90.27388921196102,-0.8817368247150341,15.237654950960923,-70.7645860325552,0.0,0.0,19.17389196390849,80.37437109996587,19.17389196390849,-59.31059644685486
04_LTAN06_800km_1213COLD_MY_ALL_HEAT_MY_0p5,2601.5,train,MY,y,90.0046831460674,90.2370323859881,-0.23234923992069412,14.720197227348873,-52.82818173172935,0.0,0.0,19.17389196390849,80.37437109996587,19.17389196390849,-40.71325560153536
04_LTAN06_800km_1213COLD_MY_ALL_HEAT_MY_0p5,2662.0,train,MY,y,90.57570776602776,90.20387974223397,0.3718280237937961,14.255470774046984,-35.96702224795495,0.0,0.0,19.17389196390849,80.37437109996587,19.17389196390849,-23.41066040663445
04_LTAN06_800km_1213COLD_MY_ALL_HEAT_MY_0p5,2722.5,train,MY,y,91.1075307616058,90.17403662646622,0.9334941351395827,13.839898212230874,-20.131577191657787,0.0,0.0,19.17389196390849,80.37437109996587,19.17389196390849,-7.3255113237938225
04_LTAN06_800km_1213COLD_MY_ALL_HEAT_MY_0p5,2783.0,train,MY,y,91.60213769001984,90.14738787177792,1.4547498182419218,13.472070163315674,-5.260204200000419,0.0,0.0,19.17389196390849,80.37437109996587,19.17389196390849,7.602352764159306
04_LTAN06_800km_1213COLD_MY_ALL_HEAT_MY_0p5,2843.5,train,MY,y,92.06204594415992,90.1234501239055,1.9385958202544202,13.149006316916152,8.693689677617614,0.0,0.0,19.17389196390849,80.37437109996587,19.17389196390849,21.458868082235966
04_LTAN06_800km_1213COLD_MY_ALL_HEAT_MY_0p5,2904.0,train,MY,y,92.48971176470587,90.10220634500992,2.3875054196959553,12.87132546700247,21.781959274974987,0.0,0.0,19.17389196390849,80.37437109996587,19.17389196390849,34.31486506313611
04_LTAN06_800km_1213COLD_MY_ALL_HEAT_MY_0p5,2964.5,train,MY,y,92.88797741615728,90.0832715678176,2.8047058483396796,12.645201271958168,34.064991396241425,0.0,0.0,19.17389196390849,80.37437109996587,19.17389196390849,46.262766060901484
04_LTAN06_800km_1213COLD_MY_ALL_HEAT_MY_0p5,3025.0,train,MY,y,93.25889244877726,90.0666318902842,3.192260558493061,12.467245983483616,45.58482651922927,0.0,0.0,19.17389196390849,80.37437109996587,19.17389196390849,57.361664792102246
04_LTAN06_800km_1213COLD_MY_ALL_HEAT_MY_0p5,3085.5,train,MY,y,93.60438623595506,90.05219266358229,3.5521935723727722,12.347636127266057,56.38525317170644,0.0,0.0,19.17389196390849,80.37437109996587,19.17389196390849,67.66952576348811
04_LTAN06_800km_1213COLD_MY_ALL_HEAT_MY_0p5,3146.0,train,MY,y,93.92650137122088,90.0398560383281,3.8866453328927832,12.296300771448005,66.50807263562194,0.0,0.0,19.17389196390849,80.37437109996587,19.17389196390849,77.24764756986305
04_LTAN06_800km_1213COLD_MY_ALL_HEAT_MY_0p5,3206.5,train,MY,y,94.22675710508922,90.0295178453404,4.197239259748827,12.309590852487124,75.98955100877824,0.0,0.0,19.17389196390849,80.37437109996587,19.17389196390849,86.14252215243978
04_LTAN06_800km_1213COLD_MY_ALL_HEAT_MY_0p5,3267.0,train,MY,y,94.50655101602511,90.02147313728729,4.485077878737826,12.395362512704304,84.84192463188721,0.0,0.0,19.17389196390849,80.37437109996587,19.17389196390849,94.38572394922156
04_LTAN06_800km_1213COLD_MY_ALL_HEAT_MY_0p5,3327.5,train,MY,y,94.76698398876404,90.01562746199603,4.7513565267680065,12.554408536969865,93.09061569864411,0.0,0.0,19.17389196390849,80.37437109996587,19.17389196390849,102.0114853484273
04_LTAN06_800km_1213COLD_MY_ALL_HEAT_MY_0p5,3388.0,train,MY,y,95.00936044936394,90.01198088551132,4.997379563852618,12.783092484939036,100.7683623771348,0.0,0.0,19.17389196390849,80.37437109996587,19.17389196390849,109.05716097204154
04_LTAN06_800km_1213COLD_MY_ALL_HEAT_MY_0p5,3448.5,train,MY,y,95.23486490416391,90.01082508261732,5.224039821546597,13.072939642898064,107.90035039160396,0.0,0.0,19.17389196390849,80.37437109996587,19.17389196390849,115.5483199765024
04_LTAN06_800km_1213COLD_MY_ALL_HEAT_MY_0p5,3509.0,train,MY,y,95.444751354924,90.01226530072702,5.432486054196971,13.420437505066602,114.51524337502842,0.0,0.0,19.17389196390849,80.37437109996587,19.17389196390849,121.51786070578731
04_LTAN06_800km_1213COLD_MY_ALL_HEAT_MY_0p5,3569.5,train,MY,y,95.640188468528,90.01601022633405,5.624178242193949,13.820923513764502,120.63862904995922,0.0,0.0,19.17389196390849,80.37437109996587,19.17389196390849,127.00759448117799
04_LTAN06_800km_1213COLD_MY_ALL_HEAT_MY_0p5,3630.0,train,MY,y,95.82185383344348,90.02254187045605,5.7993119629874315,14.263644922221465,126.28615254240758,0.0,0.0,19.17389196390849,80.37437109996587,19.17389196390849,132.0231223036523
04_LTAN06_800km_1213COLD_MY_ALL_HEAT_MY_0p5,3690.5,train,MY,y,95.99067761440608,90.03147994382951,5.959197670576572,14.746090588194702,131.48355437133688,0.0,0.0,19.17389196390849,80.37437109996587,19.17389196390849,136.60197331644463
04_LTAN06_800km_1213COLD_MY_ALL_HEAT_MY_0p5,3751.0,train,MY,y,96.14761615994712,90.04301249173827,6.104603668208853,15.262290321203388,136.25817213056567,0.0,0.0,19.17389196390849,80.37437109996587,19.17389196390849,140.76615039996193
04_LTAN06_800km_1213COLD_MY_ALL_HEAT_MY_0p5,3811.5,train,MY,y,96.29354064771977,90.05694838070059,6.2365922670191765,15.804341137764933,140.63765446226554,0.0,0.0,19.17389196390849,80.37437109996587,19.17389196390849,144.54607631361966
04_LTAN06_800km_1213COLD_MY_ALL_HEAT_MY_0p5,3872.0,train,MY,y,96.42932767222864,90.07328004295393,6.356047629274713,16.370176314472978,144.64366916813074,0.0,0.0,19.17389196390849,80.37437109996587,19.17389196390849,147.96707194040067
04_LTAN06_800km_1213COLD_MY_ALL_HEAT_MY_0p5,3932.5,train,MY,y,96.55621316920026,90.09181748182418,6.464395687376083,16.95190831787644,148.30548560598382,0.0,0.0,19.17389196390849,80.37437109996587,19.17389196390849,151.0699735258657
04_LTAN06_800km_1213COLD_MY_ALL_HEAT_MY_0p5,3993.0,train,MY,y,96.6751597389724,90.11235547662316,6.562804262349232,17.54456196752561,151.647734711514,0.0,0.0,19.17389196390849,80.37437109996587,19.17389196390849,153.8882254508042
04_LTAN06_800km_1213COLD_MY_ALL_HEAT_MY_0p5,4053.5,train,MY,y,96.786620720423,90.13499236615996,6.651628354263039,18.14748240570277,154.68813162312588,0.0,0.0,19.17389196390849,80.37437109996587,19.17389196390849,156.43199430514753
04_LTAN06_800km_1213COLD_MY_ALL_HEAT_MY_0p5,4114.0,train,MY,y,96.8909595902858,90.15933487526846,6.731624715017347,18.75004411245851,157.4595927765265,0.0,0.0,19.17389196390849,80.37437109996587,19.17389196390849,158.72295215862135
04_LTAN06_800km_1213COLD_MY_ALL_HEAT_MY_0p5,4174.5,train,MY,y,96.98899852941176,90.185477032386,6.803521497025756,19.349810572219,159.98034080729678,0.0,0.0,19.17389196390849,80.37437109996587,19.17389196390849,160.78195204097275
04_LTAN06_800km_1213COLD_MY_ALL_HEAT_MY_0p5,4235.0,train,MY,y,97.08113093192333,90.2132236946464,6.867907237276924,19.94613803529164,162.26604630928907,0.0,0.0,19.17389196390849,80.37437109996587,19.17389196390849,162.62584863688383
04_LTAN06_800km_1213COLD_MY_ALL_HEAT_MY_0p5,4295.5,train,MY,y,97.16851931273747,90.24207878737816,6.926440525359311,20.533023314431844,164.35838050607512,0.0,0.0,19.17389196390849,80.37437109996587,19.17389196390849,164.30214109265995
04_LTAN06_800km_1213COLD_MY_ALL_HEAT_MY_0p5,4356.0,train,MY,y,97.25141943159286,90.27203747521482,6.979381956378049,21.11045662046192,166.26829735359038,0.0,0.0,19.17389196390849,80.37437109996587,19.17389196390849,165.8182924028305
04_LTAN06_800km_1213COLD_MY_ALL_HEAT_MY_0p5,4416.5,train,MY,y,97.33039283000166,90.30299350735172,7.027399322649941,21.675927740147333,168.01405586910454,0.0,0.0,19.17389196390849,80.37437109996587,19.17389196390849,167.19342698803473
04_LTAN06_800km_1213COLD_MY_ALL_HEAT_MY_0p5,4477.0,train,MY,y,97.4059669365499,90.33456536682088,7.071401569729019,22.22298926068316,169.62584036471068,0.0,0.0,19.17389196390849,80.37437109996587,19.17389196390849,168.4535754818633
04_LTAN06_800km_1213COLD_MY_ALL_HEAT_MY_0p5,4537.5,train,MY,y,97.47862871777924,90.3667369795109,7.111891738268341,22.75216278257194,171.11141792488564,0.0,0.0,19.17389196390849,80.37437109996587,19.17389196390849,169.6131441013476
04_LTAN06_800km_1213COLD_MY_ALL_HEAT_MY_0p5,4598.0,train,MY,y,97.54886604989262,90.3993090203205,7.149557029572122,23.26128915541485,172.49330945958565,0.0,0.0,19.17389196390849,80.37437109996587,19.17389196390849,170.69181310706398
04_LTAN06_800km_1213COLD_MY_ALL_HEAT_MY_0p5,4658.5,train,MY,y,97.61729781890284,90.4320919365499,7.185205882352946,23.74809418429124,173.79305544270946,0.0,0.0,19.17389196390849,80.37437109996587,19.17389196390849,171.71273478994394
04_LTAN06_800km_1213COLD_MY_ALL_HEAT_MY_0p5,4719.0,train,MY,y,97.6840173467702,90.46497272426896,7.219044622501244,24.212904383524425,175.01598369392622,0.0,0.0,19.17389196390849,80.37437109996587,19.17389196390849,172.68181796777122
04_LTAN06_800km_1213COLD_MY_ALL_HEAT_MY_0p5,4779.5,train,MY,y,97.7493391440846,90.49786168208855,7.251477461996046,24.649316019407863,176.19059413818206,0.0,0.0,19.17389196390849,80.37437109996587,19.17389196390849,173.61063857473957
04_LTAN06_800km_1213COLD_MY_ALL_HEAT_MY_0p5,4840.0,train,MY,y,97.81354237568148,90.53035836775152,7.283184007929961,25.056033985271256,177.3290921930944,0.0,0.0,19.17389196390849,80.37437109996587,19.17389196390849,174.5186593862978
04_LTAN06_800km_1213COLD_MY_ALL_HEAT_MY_0p5,4900.5,train,MY,y,97.87675320555188,90.56255717118307,7.3141960343688055,25.43460943191678,178.43383162997327,0.0,0.0,19.17389196390849,80.37437109996587,19.17389196390849,175.4067903569105
04_LTAN06_800km_1213COLD_MY_ALL_HEAT_MY_0p5,4961.0,train,MY,y,97.93944867812294,90.59387597488433,7.345572703238616,25.7798860370346,179.5309804232923,0.0,0.0,19.17389196390849,80.37437109996587,19.17389196390849,176.30536405808067
04_LTAN06_800km_1213COLD_MY_ALL_HEAT_MY_0p5,5021.5,train,MY,y,98.00173122418636,90.62438719643151,7.3773440277548445,26.092386298827048,180.6230797022607,0.0,0.0,19.17389196390849,80.37437109996587,19.17389196390849,177.2152400165542
04_LTAN06_800km_1213COLD_MY_ALL_HEAT_MY_0p5,5082.0,train,MY,y,98.06362371116988,90.65420042961004,7.409423281559839,26.371559045056777,181.71544273791244,0.0,0.0,19.17389196390849,80.37437109996587,19.17389196390849,178.13393453896938
04_LTAN06_800km_1213COLD_MY_ALL_HEAT_MY_0p5,5142.5,train,MY,y,98.12597635883031,90.6831164546506,7.442859904179713,26.610785835491708,182.83084146696007,0.0,0.0,19.17389196390849,80.37437109996587,19.17389196390849,179.09150176405737
04_LTAN06_800km_1213COLD_MY_ALL_HEAT_MY_0p5,5203.0,train,MY,y,98.1885485128883,90.71113767349637,7.477410839391936,26.811969348335893,183.96852282557683,0.0,0.0,19.17389196390849,80.37437109996587,19.17389196390849,180.08098098064846
04_LTAN06_800km_1213COLD_MY_ALL_HEAT_MY_0p5,5263.5,train,MY,y,98.25140738476787,90.73815881381132,7.513248570956549,26.973257871926823,185.1343912511292,0.0,0.0,19.17389196390849,80.37437109996587,19.17389196390849,181.10731182625776
04_LTAN06_800km_1213COLD_MY_ALL_HEAT_MY_0p5,5324.0,train,MY,y,98.31486511896894,90.76408845009914,7.550776668869801,27.09058326021329,186.33810921287647,0.0,0.0,19.17389196390849,80.37437109996587,19.17389196390849,182.18205184979902
04_LTAN06_800km_1213COLD_MY_ALL_HEAT_MY_0p5,5384.5,train,MY,y,98.37901926635824,90.78891896893587,7.590100297422367,27.165441630295028,187.578496186955,0.0,0.0,19.17389196390849,80.37437109996587,19.17389196390849,183.3082127752476
04_LTAN06_800km_1213COLD_MY_ALL_HEAT_MY_0p5,5445.0,train,MY,y,98.44395901206012,90.81283923674212,7.631119775317998,27.191521099038,188.86150936363148,0.0,0.0,19.17389196390849,80.37437109996587,19.17389196390849,184.48293990213546
04_LTAN06_800km_1213COLD_MY_ALL_HEAT_MY_0p5,5505.5,train,MY,y,98.50990079312623,90.83576754791804,7.674133245208196,27.165955847667536,190.189999100325,0.0,0.0,19.17389196390849,80.37437109996587,19.17389196390849,185.7147715219858
04_LTAN06_800km_1213COLD_MY_ALL_HEAT_MY_0p5,5566.0,train,MY,y,98.57673532132829,90.8578858086899,7.718849512638386,27.091127840312566,191.5618462746865,0.0,0.0,19.17389196390849,80.37437109996587,19.17389196390849,186.99536832765625
04_LTAN06_800km_1213COLD_MY_ALL_HEAT_MY_0p5,5626.5,train,MY,y,98.6441904990086,90.87920811302048,7.7649823859881195,26.96126723102263,192.97442426905155,0.0,0.0,19.17389196390849,80.37437109996587,19.17389196390849,188.3165342845488
04_LTAN06_800km_1213COLD_MY_ALL_HEAT_MY_0p5,5687.0,train,MY,y,98.71243818572373,90.89982732980832,7.812610855915409,26.777076156762604,194.42516466963812,0.0,0.0,19.17389196390849,80.37437109996587,19.17389196390849,189.68053154892425
04_LTAN06_800km_1213COLD_MY_ALL_HEAT_MY_0p5,5747.5,train,MY,y,98.78137815959028,90.91974384602676,7.861634313563513,26.540429085798905,195.91108069593568,0.0,0.0,19.17389196390849,80.37437109996587,19.17389196390849,191.08447885658123
04_LTAN06_800km_1213COLD_MY_ALL_HEAT_MY_0p5,5808.0,train,MY,y,98.85141275611367,90.93925247851948,7.912160277594197,26.245980023430384,197.41752402560576,0.0,0.0,19.17389196390849,80.37437109996587,19.17389196390849,192.53145535662404
04_LTAN06_800km_1213COLD_MY_ALL_HEAT_MY_0p5,5868.5,train,MY,y,98.92205516272922,90.95855070213118,7.963504460598045,25.89621598029683,198.9441781549549,0.0,0.0,19.17389196390849,80.37437109996587,19.17389196390849,194.00186423739967
04_LTAN06_800km_1213COLD_MY_ALL_HEAT_MY_0p5,5929.0,train,MY,y,98.99321176470588,90.9775559484468,8.01565581625907,25.49584767660816,200.48427280603863,0.0,0.0,19.17389196390849,80.37437109996587,19.17389196390849,195.4953891514627
04_LTAN06_800km_1213COLD_MY_ALL_HEAT_MY_0p5,5989.5,train,MY,y,99.0639927969602,90.99673872459935,8.067254072360853,25.05319651691212,202.02076586809503,0.0,0.0,19.17389196390849,80.37437109996587,19.17389196390849,196.9730742477259
04_LTAN06_800km_1213COLD_MY_ALL_HEAT_MY_0p5,6050.0,train,MY,y,99.1345769332452,91.01612425644416,8.118452676801041,24.570213814661702,203.55276421815665,0.0,0.0,19.17389196390849,80.37437109996587,19.17389196390849,198.43931400942446
04_LTAN06_800km_1213COLD_MY_ALL_HEAT_MY_0p5,6110.5,test,MY,y,99.20496166556512,91.03570978189028,8.169251883674846,24.06084300061009,205.07102375329424,0.0,0.0,19.17389196390849,80.37437109996587,19.17389196390849,199.8941157134072
04_LTAN06_800km_1213COLD_MY_ALL_HEAT_MY_0p5,6171.0,test,MY,y,99.27513540393194,91.05568387576407,8.219451528167866,23.53849866089016,206.5672698884568,0.0,0.0,19.17389196390849,80.37437109996587,19.17389196390849,201.33174698448582
04_LTAN06_800km_1213COLD_MY_ALL_HEAT_MY_0p5,6231.5,test,MY,y,99.34492818902842,91.07596478849968,8.268963400528747,23.00402436522245,208.04271043062585,0.0,0.0,19.17389196390849,80.37437109996587,19.17389196390849,202.74968164746042
04_LTAN06_800km_1213COLD_MY_ALL_HEAT_MY_0p5,6292.0,test,MY,y,99.41488574260696,91.09663821245664,8.318247530150316,22.47229861437992,209.5138672490107,0.0,0.0,19.17389196390849,80.37437109996587,19.17389196390849,204.1610941510233
04_LTAN06_800km_1213COLD_MY_ALL_HEAT_MY_0p5,6352.5,test,MY,y,99.48505373430272,91.1175228354263,8.367530898876424,21.949044190872414,210.9874233084012,0.0,0.0,19.17389196390849,80.37437109996587,19.17389196390849,205.572484863852
04_LTAN06_800km_1213COLD_MY_ALL_HEAT_MY_0p5,6413.0,test,MY,y,99.55560244506856,91.13879563852636,8.416806806542198,21.434253345513035,212.4637060292519,0.0,0.0,19.17389196390849,80.37437109996587,19.17389196390849,206.98366190477603
04_LTAN06_800km_1213COLD_MY_ALL_HEAT_MY_0p5,6473.5,test,MY,y,99.62732726371446,91.16037561136814,8.466951652346324,20.932933454458,213.96568925416352,0.0,0.0,19.17389196390849,80.37437109996587,19.17389196390849,208.41972383588097
04_LTAN06_800km_1213COLD_MY_ALL_HEAT_MY_0p5,6534.0,test,MY,y,99.70015609715796,91.18235122273629,8.517804874421671,20.444755966640457,215.4925962738923,0.0,0.0,19.17389196390849,80.37437109996587,19.17389196390849,209.87607244211043
04_LTAN06_800km_1213COLD_MY_ALL_HEAT_MY_0p5,6594.5,test,MY,y,99.77435942507849,91.20462739137618,8.569732033702309,19.969235402158432,217.0425153284565,0.0,0.0,19.17389196390849,80.37437109996587,19.17389196390849,211.36317675836716
04_LTAN06_800km_1213COLD_MY_ALL_HEAT_MY_0p5,6655.0,test,MY,y,99.8501640118969,91.22730228023794,8.622861731658958,19.50614966692508,218.6134109640833,0.0,0.0,19.17389196390849,80.37437109996587,19.17389196390849,212.88471970905601
04_LTAN06_800km_1213COLD_MY_ALL_HEAT_MY_0p5,6715.5,test,MY,y,99.92726917231126,91.25027786221708,8.67699131009418,19.055398687670053,220.20370975519367,0.0,0.0,19.17389196390849,80.37437109996587,19.17389196390849,214.43489751279722
04_LTAN06_800km_1213COLD_MY_ALL_HEAT_MY_0p5,6776.0,test,MY,y,100.0054938367482,91.2737477032386,8.731746133509603,18.617685417727483,221.81032305787272,0.0,0.0,19.17389196390849,80.37437109996587,19.17389196390849,216.00298125481143
04_LTAN06_800km_1213COLD_MY_ALL_HEAT_MY_0p5,6836.5,test,MY,y,100.08443638466622,91.29752640449438,8.786909980171842,18.193920857870403,223.4295674185564,0.0,0.0,19.17389196390849,80.37437109996587,19.17389196390849,217.58277871743385
04_LTAN06_800km_1213COLD_MY_ALL_HEAT_MY_0p5,6897.0,test,MY,y,100.16435222203866,91.32179198744424,8.842560234594416,17.783168875025172,225.06100991867885,0.0,0.0,19.17389196390849,80.37437109996587,19.17389196390849,219.17650605971608
04_LTAN06_800km_1213COLD_MY_ALL_HEAT_MY_0p5,6957.5,test,MY,y,100.2443251817581,91.346560806345,8.897764375413104,17.383735295419488,226.6947134249848,0.0,0.0,19.17389196390849,80.37437109996587,19.17389196390849,220.75745747750966
04_LTAN06_800km_1213COLD_MY_ALL_HEAT_MY_0p5,7018.0,test,MY,y,100.32333256236576,91.37163477614406,8.9516977862217,16.99475903056348,228.3243369421001,0.0,0.0,19.17389196390849,80.37437109996587,19.17389196390849,222.30201737862907
04_LTAN06_800km_1213COLD_MY_ALL_HEAT_MY_0p5,7078.5,test,MY,y,100.40325908790484,91.39720290812954,9.0060561797753,16.61616301051067,229.94962581031828,0.0,0.0,19.17389196390849,80.37437109996587,19.17389196390849,223.85874805286957
04_LTAN06_800km_1213COLD_MY_ALL_HEAT_MY_0p5,7139.0,test,MY,y,98.9638685114819,91.41707391376178,7.5467945977201225,17.445145636146247,188.44684646089704,0.0,0.0,19.17389196390849,80.37437109996587,19.17389196390849,182.06801219740203
04_LTAN06_800km_1213COLD_MY_ALL_HEAT_MY_0p5,7199.5,test,MY,y,97.52520720423,91.42542881692002,6.099778387309982,18.19598352728828,149.02907442296137,0.0,0.0,19.17389196390849,80.37437109996587,19.17389196390849,140.6279626740923
04_LTAN06_800km_1213COLD_MY_ALL_HEAT_MY_0p5,7260.0,test,MY,y,96.16292541308658,91.42322937871778,4.739696034368805,18.87059983826116,111.67182162672272,0.0,0.0,19.17389196390849,80.37437109996587,19.17389196390849,101.67754894950326
04_LTAN06_800km_1213COLD_MY_ALL_HEAT_MY_0p5,7320.5,test,MY,y,94.87404979349084,91.4115857095655,3.46246408392534,19.476459001754503,76.30740898821595,0.0,0.0,19.17389196390849,80.37437109996587,19.17389196390849,65.0998279133798
04_LTAN06_800km_1213COLD_MY_ALL_HEAT_MY_0p5,7381.0,test,MY,y,93.65573884666226,91.39130900528752,2.264429841374735,20.016745069565108,42.8634512290777,0.0,0.0,19.17389196390849,80.37437109996587,19.17389196390849,30.790192689703787
04_LTAN06_800km_1213COLD_MY_ALL_HEAT_MY_0p5,7441.5,test,MY,y,92.5051131670246,91.36329818271932,1.1418149843052845,20.49534778050686,11.24950390355433,0.0,0.0,19.17389196390849,80.37437109996587,19.17389196390849,-1.359561361341271
04_LTAN06_800km_1213COLD_MY_ALL_HEAT_MY_0p5,7502.0,test,MY,y,91.41804917382684,91.32834983476536,0.08969933906148242,20.916407259407283,-18.642831781876737,0.0,0.0,19.17389196390849,80.37437109996587,19.17389196390849,-31.49033953057426
04_LTAN06_800km_1213COLD_MY_ALL_HEAT_MY_0p5,7562.5,test,MY,y,90.39120846001325,91.28707587574355,-0.8958674157303079,21.28474997693788,-46.89656380530868,0.0,0.0,19.17389196390849,80.37437109996587,19.17389196390849,-59.71527221154488
04_LTAN06_800km_1213COLD_MY_ALL_HEAT_MY_0p5,7623.0,test,MY,y,89.42078085246985,91.23998840244506,-1.8192075499752178,21.606595648693062,-73.60675777182962,0.0,0.0,19.17389196390849,80.37437109996587,19.17389196390849,-86.15814176248324
04_LTAN06_800km_1213COLD_MY_ALL_HEAT_MY_0p5,7683.5,test,MY,y,88.50227610707203,91.18766824190352,-2.6853921348314884,21.887823895653067,-98.8669060920908,0.0,0.0,19.17389196390849,80.37437109996587,19.17389196390849,-110.96417491853015
04_LTAN06_800km_1213COLD_MY_ALL_HEAT_MY_0p5,7744.0,test,MY,y,87.63253862547498,91.13034994217745,-3.4978113167024674,22.1323311792144,-122.75547815268092,0.0,0.0,19.17389196390849,80.37437109996587,19.17389196390849,-134.23045962786156
04_LTAN06_800km_1213COLD_MY_ALL_HEAT_MY_0p5,7804.5,test,MY,y,86.80790766688698,91.0685962987442,-4.260688631857221,22.34521266356997,-145.36979898956116,0.0,0.0,19.17389196390849,80.37437109996587,19.17389196390849,-156.07795068759336
04_LTAN06_800km_1213COLD_MY_ALL_HEAT_MY_0p5,7865.0,test,MY,y,86.02523827853956,91.00264506856104,-4.977406790021476,22.52999739582824,-166.7876076668262,0.0,0.0,19.17389196390849,80.37437109996587,19.17389196390849,-176.6035230722757
04_LTAN06_800km_1213COLD_MY_ALL_HEAT_MY_0p5,7925.5,test,MY,y,85.28137073694647,90.93286655651023,-5.651495819563763,22.689376358253984,-187.07398671919947,0.0,0.0,19.17389196390849,80.37437109996587,19.17389196390849,-195.9082707084024
04_LTAN06_800km_1213COLD_MY_ALL_HEAT_MY_0p5,7986.0,test,MY,y,84.57143965631195,90.85938471579644,-6.2879450594844855,22.828320774331857,-206.3122594947332,0.0,0.0,19.17389196390849,80.37437109996587,19.17389196390849,-214.13507966302495
04_LTAN06_800km_1213COLD_MY_ALL_HEAT_MY_0p5,8046.5,test,MY,y,83.89320888815465,90.78240679002148,-6.889197901866837,22.949055109397687,-224.5633830629791,0.0,0.0,19.17389196390849,80.37437109996587,19.17389196390849,-231.3539244728514
04_LTAN06_800km_1213COLD_MY_ALL_HEAT_MY_0p5,8107.0,test,MY,y,83.24597356245869,90.70220429610046,-7.456230733641775,23.053912832278424,-241.88458830771629,0.0,0.0,19.17389196390849,80.37437109996587,19.17389196390849,-247.59276717623462
04_LTAN06_800km_1213COLD_MY_ALL_HEAT_MY_0p5,8167.5,test,MY,y,84.13883604824053,90.62439757145216,-6.485561523211629,21.947713588932988,-215.12325018817708,0.0,0.0,19.17389196390849,80.37437109996587,19.17389196390849,-219.79447448152047
04_LTAN06_800km_1213COLD_MY_ALL_HEAT_MY_0p5,8228.0,test,MY,y,85.07285074355585,90.55419448116324,-5.481343737607389,20.913331659672693,-189.47789833066,0.0,0.0,19.17389196390849,80.37437109996587,19.17389196390849,-191.03540843357837
04_LTAN06_800km_1213COLD_MY_ALL_HEAT_MY_0p5,8288.5,test,MY,y,85.95863556913926,90.49123353708904,-4.532597967949783,19.953045023221616,-165.01889851451327,0.0,0.0,19.17389196390849,80.37437109996587,19.17389196390849,-163.8649652852614
04_LTAN06_800km_1213COLD_MY_ALL_HEAT_MY_0p5,8349.0,test,MY,y,86.79601771315268,90.43479606741572,-3.6387783542630388,19.067390647247336,-141.7808483785957,0.0,0.0,19.17389196390849,80.37437109996587,19.17389196390849,-138.26751254795883
04_LTAN06_800km_1213COLD_MY_ALL_HEAT_MY_0p5,8409.5,test,MY,y,87.58446219431592,90.38419259748844,-2.799730403172518,18.25419804553836,-119.76027434134464,0.0,0.0,19.17389196390849,80.37437109996587,19.17389196390849,-114.23862579777688
04_LTAN06_800km_1213COLD_MY_ALL_HEAT_MY_0p5,8470.0,test,MY,y,88.32401290269289,90.33892023789856,-2.0149073352056774,17.510156095209776,-98.94199285155132,0.0,0.0,19.17389196390849,80.37437109996587,19.17389196390849,-91.76264621330253
04_LTAN06_800km_1213COLD_MY_ALL_HEAT_MY_0p5,8530.5,test,MY,y,89.01585575016523,90.29837070389954,-1.2825149537343066,16.83152082586367,-79.29756993198883,0.0,0.0,19.17389196390849,80.37437109996587,19.17389196390849,-70.78819109640659
04_LTAN06_800km_1213COLD_MY_ALL_HEAT_MY_0p5,8591.0,test,MY,y,89.6617233603172,90.26205161077152,-0.600328250454325,16.21447649205575,-60.78780546303658,0.0,0.0,19.17389196390849,80.37437109996587,19.17389196390849,-51.251540045308104
04_LTAN06_800km_1213COLD_MY_ALL_HEAT_MY_0p5,8651.5,test,MY,y,90.26456298744218,90.22973519497688,0.03482779246529333,15.655577077474868,-43.37250047220861,0.0,0.0,19.17389196390849,80.37437109996587,19.17389196390849,-33.06176602324788
04_LTAN06_800km_1213COLD_MY_ALL_HEAT_MY_0p5,8712.0,test,MY,y,90.82651057501651,90.20085029742236,0.6256602775941502,15.151021372508044,-27.00578642333044,0.0,0.0,19.17389196390849,80.37437109996587,19.17389196390849,-16.141342279839893
04_LTAN06_800km_1213COLD_MY_ALL_HEAT_MY_0p5,8772.5,test,MY,y,91.34967677184868,90.17527288947628,1.1744038823724026,14.697161064834226,-11.639437595948795,0.0,0.0,19.17389196390849,80.37437109996587,19.17389196390849,-0.42627150591616214
04_LTAN06_800km_1213COLD_MY_ALL_HEAT_MY_0p5,8833.0,test,MY,y,91.83614016853932,90.15251820885658,1.683621959682739,14.29252948430501,2.786953962452482,0.0,0.0,19.17389196390849,80.37437109996587,19.17389196390849,14.156856305709226
04_LTAN06_800km_1213COLD_MY_ALL_HEAT_MY_0p5,8893.5,test,MY,y,92.28831025937552,90.13247039484553,2.1558398645299945,13.934107447889271,16.318778623961396,0.0,0.0,19.17389196390849,80.37437109996587,19.17389196390849,27.680362968511083
04_LTAN06_800km_1213COLD_MY_ALL_HEAT_MY_0p5,8954.0,test,MY,y,92.70873222075348,90.11483519497686,2.593897025776613,13.622439406396314,29.00677686437036,0.0,0.0,19.17389196390849,80.37437109996587,19.17389196390849,40.225564829763925
04_LTAN06_800km_1213COLD_MY_ALL_HEAT_MY_0p5,9014.5,test,MY,y,93.09995835123078,90.09950652568976,3.0004518255410204,13.363672764815126,40.91025227987704,0.0,0.0,19.17389196390849,80.37437109996587,19.17389196390849,51.86859337012909
04_LTAN06_800km_1213COLD_MY_ALL_HEAT_MY_0p5,9075.0,test,MY,y,93.464239193655,90.08619173826835,3.3780474553866497,13.154353174243626,52.070189425484905,0.0,0.0,19.17389196390849,80.37437109996587,19.17389196390849,62.68228121136832
04_LTAN06_800km_1213COLD_MY_ALL_HEAT_MY_0p5,9135.5,test,MY,y,93.8035210343688,90.07496944811632,3.728551586252479,13.00460772829162,62.529362742125166,0.0,0.0,19.17389196390849,80.37437109996587,19.17389196390849,72.72011522919709
04_LTAN06_800km_1213COLD_MY_ALL_HEAT_MY_0p5,9196.0,test,MY,y,94.1196552453329,90.06565932595407,4.053995919378821,12.924344452731848,72.32866037947859,0.0,0.0,19.17389196390849,80.37437109996587,19.17389196390849,82.04027984436304
04_LTAN06_800km_1213COLD_MY_ALL_HEAT_MY_0p5,9256.5,test,MY,y,94.4143563450099,90.05824629874422,4.356110046265684,12.909843506147135,81.50343166449154,0.0,0.0,19.17389196390849,80.37437109996587,19.17389196390849,90.6923075755068
04_LTAN06_800km_1213COLD_MY_ALL_HEAT_MY_0p5,9317.0,test,MY,y,94.68875861556252,90.05292043614736,4.63583817941516,12.968927436716124,90.06504891851162,0.0,0.0,19.17389196390849,80.37437109996587,19.17389196390849,98.70323904080922
04_LTAN06_800km_1213COLD_MY_ALL_HEAT_MY_0p5,9377.5,test,MY,y,94.94414281229346,90.04969208526107,4.8944507270323925,13.102361522731409,98.0381121517778,0.0,0.0,19.17389196390849,80.37437109996587,19.17389196390849,106.10945654100558
04_LTAN06_800km_1213COLD_MY_ALL_HEAT_MY_0p5,9438.0,test,MY,y,95.18172471501734,90.0485624483727,5.133162266644632,13.306438044843876,105.45459191904628,0.0,0.0,19.17389196390849,80.37437109996587,19.17389196390849,112.94574348247176
04_LTAN06_800km_1213COLD_MY_ALL_HEAT_MY_0p5,9498.5,test,MY,y,95.40268638466624,90.04971837409121,5.352968010575026,13.572671607323782,112.33890451193874,0.0,0.0,19.17389196390849,80.37437109996587,19.17389196390849,119.24060103033688
04_LTAN06_800km_1213COLD_MY_ALL_HEAT_MY_0p5,9559.0,test,MY,y,95.60827941176473,90.05336014540649,5.55491926635824,13.897489451239869,118.71906054647371,0.0,0.0,19.17389196390849,80.37437109996587,19.17389196390849,125.02413681987647
04_LTAN06_800km_1213COLD_MY_ALL_HEAT_MY_0p5,9619.5,test,MY,y,95.79958328101768,90.05931201057328,5.740271270444396,14.276219928193688,124.61990923528458,0.0,0.0,19.17389196390849,80.37437109996587,19.17389196390849,130.33229865891894
04_LTAN06_800km_1213COLD_MY_ALL_HEAT_MY_0p5,9680.0,test,MY,y,95.97738159286186,90.06775006609385,5.90963152676801,14.698045492385727,130.05653545563024,0.0,0.0,19.17389196390849,80.37437109996587,19.17389196390849,135.18248441277566
04_LTAN06_800km_1213COLD_MY_ALL_HEAT_MY_0p5,9740.5,test,MY,y,96.14250756649596,90.0786848174459,6.063822749050061,15.160450455490286,135.05399578646868,0.0,0.0,19.17389196390849,80.37437109996587,19.17389196390849,139.59825518400757
04_LTAN06_800km_1213COLD_MY_ALL_HEAT_MY_0p5,9801.0,test,MY,y,96.29590931923332,90.0920255783212,6.203883740912119,15.65741710576125,139.63912396172756,0.0,0.0,19.17389196390849,80.37437109996587,19.17389196390849,143.6093605173766
04_LTAN06_800km_1213COLD_MY_ALL_HEAT_MY_0p5,9861.5,test,MY,y,96.43846196298745,90.10767138136153,6.330790581625919,16.181001650108477,143.8389901846398,0.0,0.0,19.17389196390849,80.37437109996587,19.17389196390849,147.243753640406
04_LTAN06_800km_1213COLD_MY_ALL_HEAT_MY_0p5,9922.0,test,MY,y,96.57104247480588,90.12561286965142,6.445429605154459,16.729133329487997,147.67474930193495,0.0,0.0,19.17389196390849,80.37437109996587,19.17389196390849,150.526817629703
04_LTAN06_800km_1213COLD_MY_ALL_HEAT_MY_0p5,9982.5,test,MY,y,96.69496440846002,90.14566824190352,6.549296166556502,17.293865436502045,151.1751795443785,0.0,0.0,19.17389196390849,80.37437109996587,19.17389196390849,153.50137687606872
04_LTAN06_800km_1213COLD_MY_ALL_HEAT_MY_0p5,10043.0,test,MY,y,96.81105828788633,90.16763908444884,6.643419203437489,17.870229715374137,154.36446255687378,0.0,0.0,19.17389196390849,80.37437109996587,19.17389196390849,156.1968983785727
04_LTAN06_800km_1213COLD_MY_ALL_HEAT_MY_0p5,10103.5,test,MY,y,96.91974628099176,90.19160661157024,6.728139669421523,18.457511946689564,157.25985145488647,0.0,0.0,19.17389196390849,80.37437109996587,19.17389196390849,158.62314646118483
04_LTAN06_800km_1213COLD_MY_ALL_HEAT_MY_0p5,10164.0,test,MY,y,97.02134636963696,90.21725445544554,6.804091914191417,19.04508987139208,159.89384248684877,0.0,0.0,19.17389196390849,80.37437109996587,19.17389196390849,160.79828780516388
04_LTAN06_800km_1213COLD_MY_ALL_HEAT_MY_0p5,10224.5,test,MY,y,97.11685520661158,90.24454314049586,6.872312066115711,19.63048435008493,162.2842799392021,0.0,0.0,19.17389196390849,80.37437109996587,19.17389196390849,162.75199534063728
04_LTAN06_800km_1213COLD_MY_ALL_HEAT_MY_0p5,10285.0,test,MY,y,97.2065482644628,90.2735279338843,6.9330203305785005,20.21303430089516,164.44644877943884,0.0,0.0,19.17389196390849,80.37437109996587,19.17389196390849,164.49057537015824
04_LTAN06_800km_1213COLD_MY_ALL_HEAT_MY_0p5,10345.5,test,MY,y,97.29165322314049,90.30346694214876,6.988186280991727,20.786710274633805,166.42166552823775,0.0,0.0,19.17389196390849,80.37437109996587,19.17389196390849,166.07043308058192
04_LTAN06_800km_1213COLD_MY_ALL_HEAT_MY_0p5,10406.0,test,MY,y,97.3723207920792,90.33444455445544,7.037876237623749,21.351485654214606,168.22052761988436,0.0,0.0,19.17389196390849,80.37437109996587,19.17389196390849,167.49346777005405
04_LTAN06_800km_1213COLD_MY_ALL_HEAT_MY_0p5,10466.5,test,MY,y,97.44918231404958,90.3663785123967,7.0828038016528865,21.90482180717298,169.86101940393712,0.0,0.0,19.17389196390849,80.37437109996587,19.17389196390849,168.78011574603036
04_LTAN06_800km_1213COLD_MY_ALL_HEAT_MY_0p5,10527.0,test,MY,y,97.52271140495868,90.39884380165287,7.123867603305811,22.44025540640919,171.37295229941674,0.0,0.0,19.17389196390849,80.37437109996587,19.17389196390849,169.95611222891029
04_LTAN06_800km_1213COLD_MY_ALL_HEAT_MY_0p5,10587.5,test,MY,y,97.59340578512396,90.43180909090908,7.161596694214879,22.95828940394512,172.76388238851246,0.0,0.0,19.17389196390849,80.37437109996587,19.17389196390849,171.03660834532772
04_LTAN06_800km_1213COLD_MY_ALL_HEAT_MY_0p5,10648.0,test,MY,y,97.6616607260726,90.4651300330033,7.196530693069292,23.456749193062084,174.0559958864442,0.0,0.0,19.17389196390849,80.37437109996587,19.17389196390849,172.03705784420637
04_LTAN06_800km_1213COLD_MY_ALL_HEAT_MY_0p5,10708.5,test,MY,y,97.728273553719,90.49871190082644,7.229561652892571,23.93332510299491,175.2705949802316,0.0,0.0,19.17389196390849,80.37437109996587,19.17389196390849,172.98300758618691
04_LTAN06_800km_1213COLD_MY_ALL_HEAT_MY_0p5,10769.0,test,MY,y,97.79328727272728,90.53240479338844,7.2608824793388465,24.388364569198032,176.4127728395247,0.0,0.0,19.17389196390849,80.37437109996587,19.17389196390849,173.8799820566227
04_LTAN06_800km_1213COLD_MY_ALL_HEAT_MY_0p5,10829.5,test,MY,y,97.85697966942148,90.56591900826446,7.291060661157019,24.815403378487424,177.51078564442375,0.0,0.0,19.17389196390849,80.37437109996587,19.17389196390849,174.7442331548976
04_LTAN06_800km_1213COLD_MY_ALL_HEAT_MY_0p5,10890.0,test,MY,y,97.91955478547854,90.59899669966995,7.320558085808585,25.21314824301434,178.57661507684995,0.0,0.0,19.17389196390849,80.37437109996587,19.17389196390849,175.5889885415871
04_LTAN06_800km_1213COLD_MY_ALL_HEAT_MY_0p5,10950.5,test,MY,y,97.98122,90.63181454545456,7.349405454545433,25.583139395139543,179.61240754394163,0.0,0.0,19.17389196390849,80.37437109996587,19.17389196390849,176.4151274476145
04_LTAN06_800km_1213COLD_MY_ALL_HEAT_MY_0p5,11011.0,test,MY,y,98.04244909090907,90.66368727272727,7.3787618181818,25.920213242387646,180.64417458625937,0.0,0.0,19.17389196390849,80.37437109996587,19.17389196390849,177.25584309002636
04_LTAN06_800km_1213COLD_MY_ALL_HEAT_MY_0p5,11071.5,test,MY,y,98.10318545454544,90.69483818181818,7.408347272727255,26.22484635022605,181.6741899420209,0.0,0.0,19.17389196390849,80.37437109996587,19.17389196390849,178.103119501108
04_LTAN06_800km_1213COLD_MY_ALL_HEAT_MY_0p5,11132.0,test,MY,y,98.1637,90.72505742574258,7.438642574257429,26.49650755659968,182.7076613806684,0.0,0.0,19.17389196390849,80.37437109996587,19.17389196390849,178.9707247060132
04_LTAN06_800km_1213COLD_MY_ALL_HEAT_MY_0p5,11192.5,test,MY,y,98.22466280991736,90.75442066115704,7.47024214876032,26.72854567915528,183.76716620708265,0.0,0.0,19.17389196390849,80.37437109996587,19.17389196390849,179.87568204021207
04_LTAN06_800km_1213COLD_MY_ALL_HEAT_MY_0p5,11253.0,test,MY,y,98.28594049586776,90.7827950413223,7.503145454545461,26.9228570285062,184.8517767346056,0.0,0.0,19.17389196390849,80.37437109996587,19.17389196390849,180.81797599062355
04_LTAN06_800km_1213COLD_MY_ALL_HEAT_MY_0p5,11313.5,test,MY,y,98.34761074380164,90.81026198347108,7.537348760330559,27.077574432707426,185.96727189016408,0.0,0.0,19.17389196390849,80.37437109996587,19.17389196390849,181.79749969975578
04_LTAN06_800km_1213COLD_MY_ALL_HEAT_MY_0p5,11374.0,test,MY,y,98.40986611570248,90.83655123966942,7.573314876033066,27.18863338260827,187.1231377011933,0.0,0.0,19.17389196390849,80.37437109996587,19.17389196390849,182.82750724573242
04_LTAN06_800km_1213COLD_MY_ALL_HEAT_MY_0p5,11434.5,test,MY,y,98.47262541254126,90.86169471947196,7.610930693069307,27.257485431417155,188.3181008751696,0.0,0.0,19.17389196390849,80.37437109996587,19.17389196390849,183.90475939372303
04_LTAN06_800km_1213COLD_MY_ALL_HEAT_MY_0p5,11495.0,test,MY,y,98.53644148760333,90.88586760330578,7.650573884297543,27.277843250673666,189.55797672141827,0.0,0.0,19.17389196390849,80.37437109996587,19.17389196390849,185.04007204325757
04_LTAN06_800km_1213COLD_MY_ALL_HEAT_MY_0p5,11555.5,test,MY,y,98.60135785123968,90.90913603305783,7.692221818181849,27.24681010221744,190.84548462962405,0.0,0.0,19.17389196390849,80.37437109996587,19.17389196390849,186.23279706616523
04_LTAN06_800km_1213COLD_MY_ALL_HEAT_MY_0p5,11616.0,test,MY,y,98.6670970247934,90.93150446280993,7.735592561983481,27.16676794496846,192.17838906285283,0.0,0.0,19.17389196390849,80.37437109996587,19.17389196390849,187.4748603948773
04_LTAN06_800km_1213COLD_MY_ALL_HEAT_MY_0p5,11676.5,test,MY,y,98.73353465346534,90.9529402640264,7.780594389438946,27.031931476311826,193.5539597203652,0.0,0.0,19.17389196390849,80.37437109996587,19.17389196390849,188.76363514734905
04_LTAN06_800km_1213COLD_MY_ALL_HEAT_MY_0p5,11737.0,test,MY,y,98.80077173553718,90.9737841322314,7.826987603305781,26.842991914472933,194.96954087755705,0.0,0.0,19.17389196390849,80.37437109996587,19.17389196390849,190.09225680780872
04_LTAN06_800km_1213COLD_MY_ALL_HEAT_MY_0p5,11797.5,test,MY,y,98.86880958677686,90.99384628099172,7.874963305785144,26.601819185988266,196.4220293377957,0.0,0.0,19.17389196390849,80.37437109996587,19.17389196390849,191.46619821382575
04_LTAN06_800km_1213COLD_MY_ALL_HEAT_MY_0p5,11858.0,test,MY,y,98.93783190082644,91.0134773553719,7.924354545454534,26.30307001917667,197.8966949249662,0.0,0.0,19.17389196390849,80.37437109996587,19.17389196390849,192.88067816449407
04_LTAN06_800km_1213COLD_MY_ALL_HEAT_MY_0p5,11918.5,test,MY,y,99.00747128712872,91.03286336633664,7.9746079207920815,25.94920004940396,199.39313564255784,0.0,0.0,19.17389196390849,80.37437109996587,19.17389196390849,194.31984819432475
04_LTAN06_800km_1213COLD_MY_ALL_HEAT_MY_0p5,11979.0,test,MY,y,99.07772247933885,91.05198462809918,8.025737851239668,25.544925001091595,200.90448662492008,0.0,0.0,19.17389196390849,80.37437109996587,19.17389196390849,195.78412125127332
04_LTAN06_800km_1213COLD_MY_ALL_HEAT_MY_0p5,12039.5,test,MY,y,99.14774628099174,91.07117669421488,8.076569586776856,25.098553086995963,202.41364027820444,0.0,0.0,19.17389196390849,80.37437109996587,19.17389196390849,197.23985452009396
04_LTAN06_800km_1213COLD_MY_ALL_HEAT_MY_0p5,12100.0,test,MY,y,99.21756214876034,91.09056082644628,8.127001322314058,24.6120465338072,203.91962708195075,0.0,0.0,19.17389196390849,80.37437109996587,19.17389196390849,198.68413247853906
04_LTAN06_800km_1213COLD_MY_ALL_HEAT_MY_0p5,12160.5,test,MY,y,99.28707227722772,91.11020709570955,8.176865181518167,24.099318767082536,205.4131647334788,0.0,0.0,19.17389196390849,80.37437109996587,19.17389196390849,200.11214743785726
04_LTAN06_800km_1213COLD_MY_ALL_HEAT_MY_0p5,12221.0,test,MY,y,99.35647917355372,91.13018016528926,8.226299008264462,23.573777543213566,206.88584404355456,0.0,0.0,19.17389196390849,80.37437109996587,19.17389196390849,201.52784700898545
04_LTAN06_800km_1213COLD_MY_ALL_HEAT_MY_0p5,12281.5,test,MY,y,99.42560347107438,91.1504558677686,8.275147603305783,23.036283259832725,208.3388564479733,0.0,0.0,19.17389196390849,80.37437109996587,19.17389196390849,202.92678655305778
04_LTAN06_800km_1213COLD_MY_ALL_HEAT_MY_0p5,12342.0,test,MY,y,99.49479537190082,91.17103157024792,8.323763801652902,22.50169532109588,209.7886965308061,0.0,0.0,19.17389196390849,80.37437109996587,19.17389196390849,204.31907065647403
04_LTAN06_800km_1213COLD_MY_ALL_HEAT_MY_0p5,12402.5,test,MY,y,99.56425742574255,91.19187557755777,8.372381848184787,21.975710586644936,211.24194903167967,0.0,0.0,19.17389196390849,80.37437109996587,19.17389196390849,205.7114076887156
04_LTAN06_800km_1213COLD_MY_ALL_HEAT_MY_0p5,12463.0,test,MY,y,99.63412314049586,91.2130479338843,8.421075206611562,21.458334948705943,212.6988922584349,0.0,0.0,19.17389196390849,80.37437109996587,19.17389196390849,207.10590152378458
04_LTAN06_800km_1213COLD_MY_ALL_HEAT_MY_0p5,12523.5,test,MY,y,99.70503223140496,91.23452314049588,8.470509090909076,20.954564643564463,214.1824454838432,0.0,0.0,19.17389196390849,80.37437109996587,19.17389196390849,208.52160274308045
04_LTAN06_800km_1213COLD_MY_ALL_HEAT_MY_0p5,12584.0,test,MY,y,99.77722479338844,91.25639008264464,8.520834710743799,20.464061117312383,215.69181744660176,0.0,0.0,19.17389196390849,80.37437109996587,19.17389196390849,209.9628417307564
04_LTAN06_800km_1213COLD_MY_ALL_HEAT_MY_0p5,12644.5,test,MY,y,99.85060594059406,91.27862326732674,8.571982673267328,19.98633047224704,217.22501635167407,0.0,0.0,19.17389196390849,80.37437109996587,19.17389196390849,211.42763119527157
04_LTAN06_800km_1213COLD_MY_ALL_HEAT_MY_0p5,12705.0,test,MY,y,99.92575239669422,91.30110330578512,8.624649090909102,19.52115428593833,218.7799885548996,0.0,0.0,19.17389196390849,80.37437109996587,19.17389196390849,212.9359065964655
04_LTAN06_800km_1213COLD_MY_ALL_HEAT_MY_0p5,12765.5,test,MY,y,100.00251752066116,91.3240611570248,8.678456363636357,19.068431814536027,220.3550933283433,0.0,0.0,19.17389196390849,80.37437109996587,19.17389196390849,214.47685412040488
04_LTAN06_800km_1213COLD_MY_ALL_HEAT_MY_0p5,12826.0,test,MY,y,100.07950909090908,91.3473358677686,8.732173223140478,18.628846641861223,221.9471910964005,0.0,0.0,19.17389196390849,80.37437109996587,19.17389196390849,216.01521236551153
04_LTAN06_800km_1213COLD_MY_ALL_HEAT_MY_0p5,12886.5,test,MY,y,100.1582211221122,91.37096633663369,8.78725478547851,18.20331737088897,223.5526511562452,0.0,0.0,19.17389196390849,80.37437109996587,19.17389196390849,217.59265334695178
04_LTAN06_800km_1213COLD_MY_ALL_HEAT_MY_0p5,12947.0,test,MY,y,100.23720991735536,91.39512,8.842089917355352,17.790884976235557,225.1708987080284,0.0,0.0,19.17389196390849,80.37437109996587,19.17389196390849,219.16303698484447
04_LTAN06_800km_1213COLD_MY_ALL_HEAT_MY_0p5,13007.5,test,MY,y,100.31620991735537,91.41968561983472,8.896524297520642,17.389851593120394,226.7920475499093,0.0,0.0,19.17389196390849,80.37437109996587,19.17389196390849,220.7219437846383
04_LTAN06_800km_1213COLD_MY_ALL_HEAT_MY_0p5,13068.0,test,MY,y,100.39612396694216,91.4446512396694,8.951472727272758,16.9993753384189,228.4096766515784,0.0,0.0,19.17389196390849,80.37437109996587,19.17389196390849,222.2955720783465
04_LTAN06_800km_1213COLD_MY_ALL_HEAT_MY_0p5,13128.5,test,MY,y,100.47509075907593,91.46997854785478,9.005112211221146,16.61935891068397,230.0235277149875,0.0,0.0,19.17389196390849,80.37437109996587,19.17389196390849,223.83171442093706
04_LTAN06_800km_1213COLD_MY_ALL_HEAT_MY_0p5,13189.0,test,MY,y,99.0990803305785,91.48990049586776,7.609179834710744,17.44698435067167,188.51036011879177,0.0,0.0,19.17389196390849,80.37437109996587,19.17389196390849,183.85461782891875
04_LTAN06_800km_1213COLD_MY_ALL_HEAT_MY_0p5,13249.5,test,MY,y,97.65628082644626,91.49862545454546,6.157655371900802,18.19650507539693,149.08366684854434,0.0,0.0,19.17389196390849,80.37437109996587,19.17389196390849,142.28545972937656
04_LTAN06_800km_1213COLD_MY_ALL_HEAT_MY_0p5,13310.0,test,MY,y,96.29009669421488,91.49665404958677,4.793442644628115,18.869868567122385,111.71885524273452,0.0,0.0,19.17389196390849,80.37437109996587,19.17389196390849,103.21675920494644
04_LTAN06_800km_1213COLD_MY_ALL_HEAT_MY_0p5,13370.5,test,MY,y,94.99729289256196,91.48508628099172,3.5122066115702353,19.474510837544845,76.34808250825537,0.0,0.0,19.17389196390849,80.37437109996587,19.17389196390849,66.524368146025
04_LTAN06_800km_1213COLD_MY_ALL_HEAT_MY_0p5,13431.0,test,MY,y,93.77722970297027,91.46496237623762,2.312267326732652,20.013636400582016,42.89882512387857,0.0,0.0,19.17389196390849,80.37437109996587,19.17389196390849,32.16017579565724
04_LTAN06_800km_1213COLD_MY_ALL_HEAT_MY_0p5,13491.5,test,MY,y,92.62309289256196,91.43705272727271,1.186040165289242,20.4911157828288,11.280529162980228,0.0,0.0,19.17389196390849,80.37437109996587,19.17389196390849,-0.09302842482836127
04_LTAN06_800km_1213COLD_MY_ALL_HEAT_MY_0p5,13552.0,test,MY,y,91.53289834710743,91.40216859504132,0.1307297520661166,20.91111173174912,-18.615315011928733,0.0,0.0,19.17389196390849,80.37437109996587,19.17389196390849,-30.31529924101734
04_LTAN06_800km_1213COLD_MY_ALL_HEAT_MY_0p5,13612.5,test,MY,y,90.5030429752066,91.36083983471076,-0.8577968595041625,21.278425820748925,-46.87179507389277,0.0,0.0,19.17389196390849,80.37437109996587,19.17389196390849,-58.62499711715306
04_LTAN06_800km_1213COLD_MY_ALL_HEAT_MY_0p5,13673.0,test,MY,y,89.53109108910891,91.3138201320132,-1.7827290429042932,21.599300617084296,-73.58407860466906,0.0,0.0,19.17389196390849,80.37437109996587,19.17389196390849,-85.11346021110859
04_LTAN06_800km_1213COLD_MY_ALL_HEAT_MY_0p5,13733.5,test,MY,y,88.61001818181819,91.2614090909091,-2.6513909090909067,21.879611646717784,-98.84571667796372,0.0,0.0,19.17389196390849,80.37437109996587,19.17389196390849,-109.99043843347476
04_LTAN06_800km_1213COLD_MY_ALL_HEAT_MY_0p5,13794.0,test,MY,y,87.7377,91.20405454545455,-3.46635454545455,22.12323809249744,-122.73524188964352,0.0,0.0,19.17389196390849,80.37437109996587,19.17389196390849,-133.32959193268374
04_LTAN06_800km_1213COLD_MY_ALL_HEAT_MY_0p5,13854.5,test,MY,y,86.91070909090908,91.14225454545456,-4.231545454545483,22.33528921579753,-145.35008204862822,0.0,0.0,19.17389196390849,80.37437109996587,19.17389196390849,-155.24334033397287
04_LTAN06_800km_1213COLD_MY_ALL_HEAT_MY_0p5,13915.0,test,MY,y,86.12698085808582,91.07624521452144,-4.94926435643562,22.519278147207817,-166.7679907709994,0.0,0.0,19.17389196390849,80.37437109996587,19.17389196390849,-175.79757229362218
04_LTAN06_800km_1213COLD_MY_ALL_HEAT_MY_0p5,13975.5,test,MY,y,85.38111801652893,91.006307107438,-5.625189090909075,22.677917695295925,-187.0541142562852,0.0,0.0,19.17389196390849,80.37437109996587,19.17389196390849,-195.15489135411198
04_LTAN06_800km_1213COLD_MY_ALL_HEAT_MY_0p5,14036.0,test,MY,y,84.66938942148761,90.93264958677686,-6.263260165289253,22.81614998101368,-206.2918104131521,0.0,0.0,19.17389196390849,80.37437109996587,19.17389196390849,-213.42814685151336
04_LTAN06_800km_1213COLD_MY_ALL_HEAT_MY_0p5,14096.5,test,MY,y,83.98937371900827,90.85556429752066,-6.866190578512388,22.9362167493794,-224.54207360049963,0.0,0.0,19.17389196390849,80.37437109996587,19.17389196390849,-230.69503439798697
04_LTAN06_800km_1213COLD_MY_ALL_HEAT_MY_0p5,14157.0,test,MY,y,83.34146237623763,90.7752905940594,-7.43382821782177,23.04044146687613,-241.862192909548,0.0,0.0,19.17389196390849,80.37437109996587,19.17389196390849,-246.95119774643217
04_LTAN06_800km_1213COLD_MY_ALL_HEAT_MY_0p5,14217.5,test,MY,y,84.1685505785124,90.6970487603306,-6.5284981818182075,21.933660138489586,-215.1000344261147,0.0,0.0,19.17389196390849,80.37437109996587,19.17389196390849,-221.02410635863518
04_LTAN06_800km_1213COLD_MY_ALL_HEAT_MY_0p5,14278.0,test,MY,y,85.1045482644628,90.62629504132232,-5.521746776859516,20.898757057578592,-189.45452431708983,0.0,0.0,19.17389196390849,80.37437109996587,19.17389196390849,-192.1924818204935
04_LTAN06_800km_1213COLD_MY_ALL_HEAT_MY_0p5,14338.5,test,MY,y,85.99237999999998,90.56272611570247,-4.570346115702492,19.93801111756255,-164.99603199929862,0.0,0.0,19.17389196390849,80.37437109996587,19.17389196390849,-164.94600715682557
04_LTAN06_800km_1213COLD_MY_ALL_HEAT_MY_0p5,14399.0,test,MY,y,86.83032079207922,90.50588844884489,-3.675567656765665,19.051932000405504,-141.75901504950468,0.0,0.0,19.17389196390849,80.37437109996587,19.17389196390849,-139.32109474466742
04_LTAN06_800km_1213COLD_MY_ALL_HEAT_MY_0p5,14459.5,test,MY,y,87.62066710743802,90.4547509090909,-2.8340838016528807,18.23836968212053,-119.7399957936007,0.0,0.0,19.17389196390849,80.37437109996587,19.17389196390849,-115.22244790293264
04_LTAN06_800km_1213COLD_MY_ALL_HEAT_MY_0p5,14520.0,test,MY,y,88.36216462809918,90.4090332231405,-2.0468685950413175,17.493990111452312,-98.9236750607662,0.0,0.0,19.17389196390849,80.37437109996587,19.17389196390849,-92.67796159186412
04_LTAN06_800km_1213COLD_MY_ALL_HEAT_MY_0p5,14580.5,test,MY,y,89.05583752066116,90.36799223140495,-1.3121547107437976,16.815056032728872,-79.28159443106186,0.0,0.0,19.17389196390849,80.37437109996587,19.17389196390849,-71.63702263643754
04_LTAN06_800km_1213COLD_MY_ALL_HEAT_MY_0p5,14641.0,test,MY,y,89.70247821782179,90.33133415841584,-0.6288559405940504,16.197753625730318,-60.77449455404526,0.0,0.0,19.17389196390849,80.37437109996587,19.17389196390849,-52.06852390745902
04_LTAN06_800km_1213COLD_MY_ALL_HEAT_MY_0p5,14701.5,test,MY,y,90.30676809917357,90.2985596694215,0.008208429752073698,15.638618193440948,-43.36212131922442,0.0,0.0,19.17389196390849,80.37437109996587,19.17389196390849,-33.82409867797474
04_LTAN06_800km_1213COLD_MY_ALL_HEAT_MY_0p5,14762.0,test,MY,y,90.87014694214876,90.26931834710744,0.600828595041321,15.133857393867224,-26.99856821901759,0.0,0.0,19.17389196390849,80.37437109996587,19.17389196390849,-16.852478856841117
04_LTAN06_800km_1213COLD_MY_ALL_HEAT_MY_0p5,14822.5,test,MY,y,91.39471123966942,90.24330628099172,1.151404958677702,14.679808817639652,-11.635571106712408,0.0,0.0,19.17389196390849,80.37437109996587,19.17389196390849,-1.0849210290069067
04_LTAN06_800km_1213COLD_MY_ALL_HEAT_MY_0p5,14883.0,test,MY,y,91.88175940594058,90.22025742574256,1.6615019801980253,14.275018982006648,2.787322307881252,0.0,0.0,19.17389196390849,80.37437109996587,19.17389196390849,13.523378229439913
04_LTAN06_800km_1213COLD_MY_ALL_HEAT_MY_0p5,14943.5,test,MY,y,92.33498181818182,90.19989338842976,2.1350884297520594,13.916455061519116,16.31552899978739,0.0,0.0,19.17389196390849,80.37437109996587,19.17389196390849,27.08607765319065
04_LTAN06_800km_1213COLD_MY_ALL_HEAT_MY_0p5,15004.0,test,MY,y,92.75641570247932,90.1818652892562,2.574550413223122,13.604663780878296,28.99981468302526,0.0,0.0,19.17389196390849,80.37437109996587,19.17389196390849,39.6715112009537
04_LTAN06_800km_1213COLD_MY_ALL_HEAT_MY_0p5,15064.5,test,MY,y,93.1486818181818,90.16613719008264,2.9825446280991628,13.345780380421257,40.89950660081951,0.0,0.0,19.17389196390849,80.37437109996587,19.17389196390849,51.35576210847796
04_LTAN06_800km_1213COLD_MY_ALL_HEAT_MY_0p5,15125.0,test,MY,y,93.51375950413224,90.15252892561983,3.361230578512405,13.136360061130278,52.05560658849557,0.0,0.0,19.17389196390849,80.37437109996587,19.17389196390849,62.2006748509955
04_LTAN06_800km_1213COLD_MY_ALL_HEAT_MY_0p5,15185.5,test,MY,y,93.85322722772278,90.14103745874588,3.7121897689768986,12.9865499817239,62.51094274732383,0.0,0.0,19.17389196390849,80.37437109996587,19.17389196390849,72.25154099117995
04_LTAN06_800km_1213COLD_MY_ALL_HEAT_MY_0p5,15246.0,test,MY,y,94.16999008264465,90.13135785123968,4.038632231404961,12.90620479242972,72.3063904939323,0.0,0.0,19.17389196390849,80.37437109996587,19.17389196390849,81.60029030871232
04_LTAN06_800km_1213COLD_MY_ALL_HEAT_MY_0p5,15306.5,test,MY,y,94.46524776859503,90.1236561983471,4.341591570247928,12.891640633566212,81.47730915974051,0.0,0.0,19.17389196390849,80.37437109996587,19.17389196390849,90.27652345308273
04_LTAN06_800km_1213COLD_MY_ALL_HEAT_MY_0p5,15367.0,test,MY,y,94.74018446280992,90.11804446280992,4.622140000000002,12.95066953726548,90.0350883464922,0.0,0.0,19.17389196390849,80.37437109996587,19.17389196390849,98.31094679884293
04_LTAN06_800km_1213COLD_MY_ALL_HEAT_MY_0p5,15427.5,test,MY,y,94.99562343234324,90.11444785478548,4.881175577557755,13.08404450433908,98.00436626310722,0.0,0.0,19.17389196390849,80.37437109996587,19.17389196390849,105.7292791472068
04_LTAN06_800km_1213COLD_MY_ALL_HEAT_MY_0p5,15488.0,test,MY,y,95.23359438016529,90.1130229752066,5.120571404958682,13.288074412714062,105.41710436953528,0.0,0.0,19.17389196390849,80.37437109996587,19.17389196390849,112.58516291118772
04_LTAN06_800km_1213COLD_MY_ALL_HEAT_MY_0p5,15548.5,test,MY,y,95.45489553719008,90.11388727272728,5.3410082644628005,13.554265226821292,112.29772805229096,0.0,0.0,19.17389196390849,80.37437109996587,19.17389196390849,118.8980945210032
04_LTAN06_800km_1213COLD_MY_ALL_HEAT_MY_0p5,15609.0,test,MY,y,95.66085322314048,90.11723107438016,5.543622148760321,13.87903418360525,118.67424974634366,0.0,0.0,19.17389196390849,80.37437109996587,19.17389196390849,124.70060684878115
04_LTAN06_800km_1213COLD_MY_ALL_HEAT_MY_0p5,15669.5,test,MY,y,95.85213712871288,90.12279702970298,5.729340099009903,14.257712362005018,124.57155140626836,0.0,0.0,19.17389196390849,80.37437109996587,19.17389196390849,130.01924875503101
04_LTAN06_800km_1213COLD_MY_ALL_HEAT_MY_0p5,15730.0,test,MY,y,96.03011024793388,90.1309252892562,5.8991849586776794,14.679501544694595,130.00469426226272,0.0,0.0,19.17389196390849,80.37437109996587,19.17389196390849,134.8833127131793
04_LTAN06_800km_1213COLD_MY_ALL_HEAT_MY_0p5,15790.5,test,MY,y,96.19551190082645,90.14156495867768,6.0539469421487695,15.141842726812314,134.9987785492413,0.0,0.0,19.17389196390849,80.37437109996587,19.17389196390849,139.3154291008387
04_LTAN06_800km_1213COLD_MY_ALL_HEAT_MY_0p5,15851.0,test,MY,y,96.34904066115703,90.15452545454546,6.19451520661157,15.638755942826286,139.5805943451362,0.0,0.0,19.17389196390849,80.37437109996587,19.17389196390849,143.34106184692456
04_LTAN06_800km_1213COLD_MY_ALL_HEAT_MY_0p5,15911.5,test,MY,y,96.49154554455446,90.16985247524752,6.3216930693069315,16.162291259704876,143.77725187103906,0.0,0.0,19.17389196390849,80.37437109996587,19.17389196390849,146.9832165722477
04_LTAN06_800km_1213COLD_MY_ALL_HEAT_MY_0p5,15972.0,test,MY,y,96.62417867768596,90.1874170247934,6.436761652892557,16.71035654261205,147.60989324105603,0.0,0.0,19.17389196390849,80.37437109996587,19.17389196390849,150.2785824209923
04_LTAN06_800km_1213COLD_MY_ALL_HEAT_MY_0p5,16032.5,test,MY,y,96.74817785123967,90.20718429752066,6.540993553719019,17.275028920587097,151.10729668540515,0.0,0.0,19.17389196390849,80.37437109996587,19.17389196390849,153.2636043586063
04_LTAN06_800km_1213COLD_MY_ALL_HEAT_MY_0p5,16093.0,test,MY,y,96.864213553719,90.22888330578512,6.635330247933879,17.851332531636064,154.29364748735432,0.0,0.0,19.17389196390849,80.37437109996587,19.17389196390849,155.96524463879436
04_LTAN06_800km_1213COLD_MY_ALL_HEAT_MY_0p5,16153.5,test,MY,y,96.97272656765676,90.25244719471948,6.720279372937284,18.43855206305296,157.18620967619853,0.0,0.0,19.17389196390849,80.37437109996587,19.17389196390849,158.39804112149938
04_LTAN06_800km_1213COLD_MY_ALL_HEAT_MY_0p5,16214.0,test,MY,y,97.07444876033058,90.27784958677688,6.796599173553702,19.02605864824654,159.8174813192959,0.0,0.0,19.17389196390849,80.37437109996587,19.17389196390849,160.5837086312345
04_LTAN06_800km_1213COLD_MY_ALL_HEAT_MY_0p5,16274.5,test,MY,y,97.16982561983473,90.30487768595042,6.864947933884309,19.61138195783095,162.20527759934023,0.0,0.0,19.17389196390849,80.37437109996587,19.17389196390849,162.54109928973608
04_LTAN06_800km_1213COLD_MY_ALL_HEAT_MY_0p5,16335.0,test,MY,y,97.25943801652892,90.33350578512398,6.925932231404943,20.193863694354267,164.36492895867215,0.0,0.0,19.17389196390849,80.37437109996587,19.17389196390849,164.28758443013612
04_LTAN06_800km_1213COLD_MY_ALL_HEAT_MY_0p5,16395.5,test,MY,y,97.34429702970296,90.36315445544554,6.981142574257419,20.76746144991577,166.33769189113025,0.0,0.0,19.17389196390849,80.37437109996587,19.17389196390849,165.8687134634847
04_LTAN06_800km_1213COLD_MY_ALL_HEAT_MY_0p5,16456.0,test,MY,y,97.42495090909092,90.3939290909091,7.031021818181827,21.332159749690504,168.13422567651392,0.0,0.0,19.17389196390849,80.37437109996587,19.17389196390849,167.29716901466813
04_LTAN06_800km_1213COLD_MY_ALL_HEAT_MY_0p5,16516.5,test,MY,y,97.50167636363636,90.42554181818184,7.076134545454522,21.8854222338314,169.77246373281247,0.0,0.0,19.17389196390849,80.37437109996587,19.17389196390849,168.58911974670735
04_LTAN06_800km_1213COLD_MY_ALL_HEAT_MY_0p5,16577.0,test,MY,y,97.57503636363636,90.45777636363636,7.117260000000002,22.42077579482789,171.28224294533337,0.0,0.0,19.17389196390849,80.37437109996587,19.17389196390849,169.76688186213678
04_LTAN06_800km_1213COLD_MY_ALL_HEAT_MY_0p5,16637.5,test,MY,y,97.6454386138614,90.49047359735974,7.154965016501663,22.938733395031143,172.67109574863755,0.0,0.0,19.17389196390849,80.37437109996587,19.17389196390849,170.8466885290318
04_LTAN06_800km_1213COLD_MY_ALL_HEAT_MY_0p5,16698.0,test,MY,y,97.71358049586776,90.52362330578512,7.189957190082637,23.43710905294208,173.96124473853914,0.0,0.0,19.17389196390849,80.37437109996587,19.17389196390849,171.84880405178245
04_LTAN06_800km_1213COLD_MY_ALL_HEAT_MY_0p5,16758.5,test,MY,y,97.77996876033058,90.5570011570248,7.222967603305776,23.91361947936125,175.17394298850692,0.0,0.0,19.17389196390849,80.37437109996587,19.17389196390849,172.79416537455856
04_LTAN06_800km_1213COLD_MY_ALL_HEAT_MY_0p5,16819.0,test,MY,y,97.84474595041324,90.5904011570248,7.254344793388441,24.368567996184755,176.31430549647882,0.0,0.0,19.17389196390849,80.37437109996587,19.17389196390849,173.69275400236626
04_LTAN06_800km_1213COLD_MY_ALL_HEAT_MY_0p5,16879.5,test,MY,y,97.90818580858088,90.62366336633664,7.2845224422442385,24.795530407089625,177.4105811667174,0.0,0.0,19.17389196390849,80.37437109996587,19.17389196390849,174.55698983751756
04_LTAN06_800km_1213COLD_MY_ALL_HEAT_MY_0p5,16940.0,test,MY,y,97.97050892561984,90.65660214876034,7.313906776859497,25.193213879193017,178.47476077606436,0.0,0.0,19.17389196390849,80.37437109996587,19.17389196390849,175.39850652054125
04_LTAN06_800km_1213COLD_MY_ALL_HEAT_MY_0p5,17000.5,test,MY,y,98.03191008264464,90.68914710743802,7.342762975206625,25.56312772454911,179.5089670844459,0.0,0.0,19.17389196390849,80.37437109996587,19.17389196390849,176.22489829138428
04_LTAN06_800km_1213COLD_MY_ALL_HEAT_MY_0p5,17061.0,test,MY,y,98.09285504132232,90.7209370247934,7.371918016528923,25.900120625238088,180.5392043569764,0.0,0.0,19.17389196390849,80.37437109996587,19.17389196390849,177.05984840981296
04_LTAN06_800km_1213COLD_MY_ALL_HEAT_MY_0p5,17121.5,test,MY,y,98.1534,90.7518381818182,7.401561818181804,26.204693706612808,181.56776997822803,0.0,0.0,19.17389196390849,80.37437109996587,19.17389196390849,177.9087957814574
04_LTAN06_800km_1213COLD_MY_ALL_HEAT_MY_0p5,17182.0,test,MY,y,98.21363415841584,90.78179554455446,7.431838613861387,26.476294886033696,182.59984989008856,0.0,0.0,19.17389196390849,80.37437109996587,19.17389196390849,178.77587101070685
04_LTAN06_800km_1213COLD_MY_ALL_HEAT_MY_0p5,17242.5,test,MY,y,98.27427719008264,90.8109811570248,7.463296033057844,26.70826661453636,183.65803231139577,0.0,0.0,19.17389196390849,80.37437109996587,19.17389196390849,179.67675726201372
04_LTAN06_800km_1213COLD_MY_ALL_HEAT_MY_0p5,17303.0,test,MY,y,98.33533157024792,90.8392838016529,7.4960477685950195,26.90251884588626,184.7413549945857,0.0,0.0,19.17389196390849,80.37437109996587,19.17389196390849,180.6147105018397
04_LTAN06_800km_1213COLD_MY_ALL_HEAT_MY_0p5,17363.5,test,MY,y,98.3966973553719,90.86650925619836,7.530188099173543,27.057190774002912,185.85562415151244,0.0,0.0,19.17389196390849,80.37437109996587,19.17389196390849,181.59243070962864
04_LTAN06_800km_1213COLD_MY_ALL_HEAT_MY_0p5,17424.0,test,MY,y,98.45853828382836,90.89259669966997,7.565941584158395,27.16819515379301,187.0103439993008,0.0,0.0,19.17389196390849,80.37437109996587,19.17389196390849,182.6163488784398
04_LTAN06_800km_1213COLD_MY_ALL_HEAT_MY_0p5,17484.5,test,MY,y,98.52114545454546,90.91761900826448,7.603526446280981,27.23701628053785,188.20417576176573,0.0,0.0,19.17389196390849,80.37437109996587,19.17389196390849,183.69271453107146
04_LTAN06_800km_1213COLD_MY_ALL_HEAT_MY_0p5,17545.0,test,MY,y,98.58472975206612,90.94154628099172,7.643183471074408,27.25734135736707,189.44297840435283,0.0,0.0,19.17389196390849,80.37437109996587,19.17389196390849,184.82842335006316
04_LTAN06_800km_1213COLD_MY_ALL_HEAT_MY_0p5,17605.5,test,MY,y,98.64931404958678,90.9646388429752,7.684675206611573,27.226268189985227,190.72943857481545,0.0,0.0,19.17389196390849,80.37437109996587,19.17389196390849,186.016675121604
04_LTAN06_800km_1213COLD_MY_ALL_HEAT_MY_0p5,17666.0,test,MY,y,98.71462590759076,90.9868107260726,7.727815181518153,27.146210571549545,192.06136257269665,0.0,0.0,19.17389196390849,80.37437109996587,19.17389196390849,187.25212962702128
04_LTAN06_800km_1213COLD_MY_ALL_HEAT_MY_0p5,17726.5,test,MY,y,98.7809076033058,91.0081120661157,7.772795537190106,27.01135227462841,193.4359691658432,0.0,0.0,19.17389196390849,80.37437109996587,19.17389196390849,188.54028946463185
04_LTAN06_800km_1213COLD_MY_ALL_HEAT_MY_0p5,17787.0,test,MY,y,98.84783719008264,91.02869421487604,7.819142975206603,26.82240907370885,194.8506426474244,0.0,0.0,19.17389196390849,80.37437109996587,19.17389196390849,189.86760018365814
04_LTAN06_800km_1213COLD_MY_ALL_HEAT_MY_0p5,17847.5,test,MY,y,98.91554330578514,91.04857636363636,7.866966942148778,26.581233616063223,196.30223980288577,0.0,0.0,19.17389196390849,80.37437109996587,19.17389196390849,191.2371961454913
04_LTAN06_800km_1213COLD_MY_ALL_HEAT_MY_0p5,17908.0,test,MY,y,98.98421386138614,91.06808316831685,7.916130693069292,26.28248353852313,197.776039551192,0.0,0.0,19.17389196390849,80.37437109996587,19.17389196390849,192.64516121059606
04_LTAN06_800km_1213COLD_MY_ALL_HEAT_MY_0p5,17968.5,test,MY,y,99.0537170247934,91.08722694214876,7.96649008264464,25.92862993912723,199.27167081848103,0.0,0.0,19.17389196390849,80.37437109996587,19.17389196390849,194.08736730542245
04_LTAN06_800km_1213COLD_MY_ALL_HEAT_MY_0p5,18029.0,test,MY,y,99.12375752066114,91.10615074380163,8.017606776859509,25.524383993832185,200.7822250834908,0.0,0.0,19.17389196390849,80.37437109996587,19.17389196390849,195.55126129948601
04_LTAN06_800km_1213COLD_MY_ALL_HEAT_MY_0p5,18089.5,test,MY,y,99.19350512396694,91.1251388429752,8.06836628099174,25.078043911605924,202.29059839027124,0.0,0.0,19.17389196390849,80.37437109996587,19.17389196390849,197.00492598539998
04_LTAN06_800km_1213COLD_MY_ALL_HEAT_MY_0p5,18150.0,test,MY,y,99.26301584158416,91.14428712871288,8.118728712871288,24.591579196134244,203.79584850308072,0.0,0.0,19.17389196390849,80.37437109996587,19.17389196390849,198.44721920657355
