time_s,probe_name,panel,temperature,femap_node_id,x_mm,y_mm,z_mm,mapped_entity_name,target_x_mm,target_y_mm,target_z_mm
0.0,prop_attach,PANEL_PY,38.2627,10760,575.0,600.0,155.0,Rect[PANEL_PY]::794A,576.11,600.0,157.4
0.0,prop_attach,PANEL_PY,38.2627,10760,575.0,600.0,155.0,Rect[PANEL_PY]::794A,576.11,600.0,157.4
60.5242,prop_attach,PANEL_PY,38.2601,10760,575.0,600.0,155.0,Rect[PANEL_PY]::794A,576.11,600.0,157.4
121.048,prop_attach,PANEL_PY,38.2579,10760,575.0,600.0,155.0,Rect[PANEL_PY]::794A,576.11,600.0,157.4
181.573,prop_attach,PANEL_PY,38.2561,10760,575.0,600.0,155.0,Rect[PANEL_PY]::794A,576.11,600.0,157.4
242.097,prop_attach,PANEL_PY,38.2549,10760,575.0,600.0,155.0,Rect[PANEL_PY]::794A,576.11,600.0,157.4
302.621,prop_attach,PANEL_PY,38.2544,10760,575.0,600.0,155.0,Rect[PANEL_PY]::794A,576.11,600.0,157.4
363.145,prop_attach,PANEL_PY,38.2547,10760,575.0,600.0,155.0,Rect[PANEL_PY]::794A,576.11,600.0,157.4
423.669,prop_attach,PANEL_PY,38.2558,10760,575.0,600.0,155.0,Rect[PANEL_PY]::794A,576.11,600.0,157.4
484.194,prop_attach,PANEL_PY,38.2578,10760,575.0,600.0,155.0,Rect[PANEL_PY]::794A,576.11,600.0,157.4
544.718,prop_attach,PANEL_PY,38.2607,10760,575.0,600.0,155.0,Rect[PANEL_PY]::794A,576.11,600.0,157.4
605.242,prop_attach,PANEL_PY,38.2647,10760,575.0,600.0,155.0,Rect[PANEL_PY]::794A,576.11,600.0,157.4
665.766,prop_attach,PANEL_PY,38.2696,10760,575.0,600.0,155.0,Rect[PANEL_PY]::794A,576.11,600.0,157.4
726.29,prop_attach,PANEL_PY,38.2755,10760,575.0,600.0,155.0,Rect[PANEL_PY]::794A,576.11,600.0,157.4
786.815,prop_attach,PANEL_PY,38.2825,10760,575.0,600.0,155.0,Rect[PANEL_PY]::794A,576.11,600.0,157.4
847.339,prop_attach,PANEL_PY,38.2904,10760,575.0,600.0,155.0,Rect[PANEL_PY]::794A,576.11,600.0,157.4
907.863,prop_attach,PANEL_PY,38.2994,10760,575.0,600.0,155.0,Rect[PANEL_PY]::794A,576.11,600.0,157.4
968.387,prop_attach,PANEL_PY,38.3094,10760,575.0,600.0,155.0,Rect[PANEL_PY]::794A,576.11,600.0,157.4
1028.91,prop_attach,PANEL_PY,38.3204,10760,575.0,600.0,155.0,Rect[PANEL_PY]::794A,576.11,600.0,157.4
1089.44,prop_attach,PANEL_PY,38.3308,10760,575.0,600.0,155.0,Rect[PANEL_PY]::794A,576.11,600.0,157.4
1149.96,prop_attach,PANEL_PY,38.3387,10760,575.0,600.0,155.0,Rect[PANEL_PY]::794A,576.11,600.0,157.4
1210.48,prop_attach,PANEL_PY,38.3437,10760,575.0,600.0,155.0,Rect[PANEL_PY]::794A,576.11,600.0,157.4
1271.01,prop_attach,PANEL_PY,38.3456,10760,575.0,600.0,155.0,Rect[PANEL_PY]::794A,576.11,600.0,157.4
1331.53,prop_attach,PANEL_PY,38.3439,10760,575.0,600.0,155.0,Rect[PANEL_PY]::794A,576.11,600.0,157.4
1392.06,prop_attach,PANEL_PY,38.3382,10760,575.0,600.0,155.0,Rect[PANEL_PY]::794A,576.11,600.0,157.4
1452.58,prop_attach,PANEL_PY,38.3283,10760,575.0,600.0,155.0,Rect[PANEL_PY]::794A,576.11,600.0,157.4
1513.11,prop_attach,PANEL_PY,38.3137,10760,575.0,600.0,155.0,Rect[PANEL_PY]::794A,576.11,600.0,157.4
1573.63,prop_attach,PANEL_PY,38.2941,10760,575.0,600.0,155.0,Rect[PANEL_PY]::794A,576.11,600.0,157.4
1634.15,prop_attach,PANEL_PY,38.2692,10760,575.0,600.0,155.0,Rect[PANEL_PY]::794A,576.11,600.0,157.4
1694.68,prop_attach,PANEL_PY,38.2389,10760,575.0,600.0,155.0,Rect[PANEL_PY]::794A,576.11,600.0,157.4
1755.2,prop_attach,PANEL_PY,38.203,10760,575.0,600.0,155.0,Rect[PANEL_PY]::794A,576.11,600.0,157.4
1815.73,prop_attach,PANEL_PY,38.1613,10760,575.0,600.0,155.0,Rect[PANEL_PY]::794A,576.11,600.0,157.4
1876.25,prop_attach,PANEL_PY,38.1139,10760,575.0,600.0,155.0,Rect[PANEL_PY]::794A,576.11,600.0,157.4
1936.77,prop_attach,PANEL_PY,38.0609,10760,575.0,600.0,155.0,Rect[PANEL_PY]::794A,576.11,600.0,157.4
1997.3,prop_attach,PANEL_PY,38.0022,10760,575.0,600.0,155.0,Rect[PANEL_PY]::794A,576.11,600.0,157.4
2057.82,prop_attach,PANEL_PY,37.938,10760,575.0,600.0,155.0,Rect[PANEL_PY]::794A,576.11,600.0,157.4
2118.35,prop_attach,PANEL_PY,37.8698,10760,575.0,600.0,155.0,Rect[PANEL_PY]::794A,576.11,600.0,157.4
2178.87,prop_attach,PANEL_PY,37.7994,10760,575.0,600.0,155.0,Rect[PANEL_PY]::794A,576.11,600.0,157.4
2239.4,prop_attach,PANEL_PY,37.7272,10760,575.0,600.0,155.0,Rect[PANEL_PY]::794A,576.11,600.0,157.4
2299.92,prop_attach,PANEL_PY,37.6538,10760,575.0,600.0,155.0,Rect[PANEL_PY]::794A,576.11,600.0,157.4
2360.44,prop_attach,PANEL_PY,37.5797,10760,575.0,600.0,155.0,Rect[PANEL_PY]::794A,576.11,600.0,157.4
2420.97,prop_attach,PANEL_PY,37.5056,10760,575.0,600.0,155.0,Rect[PANEL_PY]::794A,576.11,600.0,157.4
2481.49,prop_attach,PANEL_PY,37.4321,10760,575.0,600.0,155.0,Rect[PANEL_PY]::794A,576.11,600.0,157.4
2542.02,prop_attach,PANEL_PY,37.3598,10760,575.0,600.0,155.0,Rect[PANEL_PY]::794A,576.11,600.0,157.4
2602.54,prop_attach,PANEL_PY,37.2891,10760,575.0,600.0,155.0,Rect[PANEL_PY]::794A,576.11,600.0,157.4
2663.06,prop_attach,PANEL_PY,37.2207,10760,575.0,600.0,155.0,Rect[PANEL_PY]::794A,576.11,600.0,157.4
2723.59,prop_attach,PANEL_PY,37.1547,10760,575.0,600.0,155.0,Rect[PANEL_PY]::794A,576.11,600.0,157.4
2784.11,prop_attach,PANEL_PY,37.0917,10760,575.0,600.0,155.0,Rect[PANEL_PY]::794A,576.11,600.0,157.4
2844.64,prop_attach,PANEL_PY,37.032,10760,575.0,600.0,155.0,Rect[PANEL_PY]::794A,576.11,600.0,157.4
2905.16,prop_attach,PANEL_PY,36.9757,10760,575.0,600.0,155.0,Rect[PANEL_PY]::794A,576.11,600.0,157.4
2965.69,prop_attach,PANEL_PY,36.9231,10760,575.0,600.0,155.0,Rect[PANEL_PY]::794A,576.11,600.0,157.4
3026.21,prop_attach,PANEL_PY,36.8744,10760,575.0,600.0,155.0,Rect[PANEL_PY]::794A,576.11,600.0,157.4
3086.73,prop_attach,PANEL_PY,36.8296,10760,575.0,600.0,155.0,Rect[PANEL_PY]::794A,576.11,600.0,157.4
3147.26,prop_attach,PANEL_PY,36.7889,10760,575.0,600.0,155.0,Rect[PANEL_PY]::794A,576.11,600.0,157.4
3207.78,prop_attach,PANEL_PY,36.7522,10760,575.0,600.0,155.0,Rect[PANEL_PY]::794A,576.11,600.0,157.4
3268.31,prop_attach,PANEL_PY,36.7197,10760,575.0,600.0,155.0,Rect[PANEL_PY]::794A,576.11,600.0,157.4
3328.83,prop_attach,PANEL_PY,36.6915,10760,575.0,600.0,155.0,Rect[PANEL_PY]::794A,576.11,600.0,157.4
3389.36,prop_attach,PANEL_PY,36.6674,10760,575.0,600.0,155.0,Rect[PANEL_PY]::794A,576.11,600.0,157.4
3449.88,prop_attach,PANEL_PY,36.6473,10760,575.0,600.0,155.0,Rect[PANEL_PY]::794A,576.11,600.0,157.4
3510.4,prop_attach,PANEL_PY,36.6311,10760,575.0,600.0,155.0,Rect[PANEL_PY]::794A,576.11,600.0,157.4
3570.93,prop_attach,PANEL_PY,36.6186,10760,575.0,600.0,155.0,Rect[PANEL_PY]::794A,576.11,600.0,157.4
3631.45,prop_attach,PANEL_PY,36.6098,10760,575.0,600.0,155.0,Rect[PANEL_PY]::794A,576.11,600.0,157.4
3691.98,prop_attach,PANEL_PY,36.6045,10760,575.0,600.0,155.0,Rect[PANEL_PY]::794A,576.11,600.0,157.4
3752.5,prop_attach,PANEL_PY,36.6024,10760,575.0,600.0,155.0,Rect[PANEL_PY]::794A,576.11,600.0,157.4
3813.02,prop_attach,PANEL_PY,36.6035,10760,575.0,600.0,155.0,Rect[PANEL_PY]::794A,576.11,600.0,157.4
3873.55,prop_attach,PANEL_PY,36.6075,10760,575.0,600.0,155.0,Rect[PANEL_PY]::794A,576.11,600.0,157.4
3934.07,prop_attach,PANEL_PY,36.6143,10760,575.0,600.0,155.0,Rect[PANEL_PY]::794A,576.11,600.0,157.4
3994.6,prop_attach,PANEL_PY,36.6234,10760,575.0,600.0,155.0,Rect[PANEL_PY]::794A,576.11,600.0,157.4
4055.12,prop_attach,PANEL_PY,36.6349,10760,575.0,600.0,155.0,Rect[PANEL_PY]::794A,576.11,600.0,157.4
4115.65,prop_attach,PANEL_PY,36.6485,10760,575.0,600.0,155.0,Rect[PANEL_PY]::794A,576.11,600.0,157.4
4176.17,prop_attach,PANEL_PY,36.6639,10760,575.0,600.0,155.0,Rect[PANEL_PY]::794A,576.11,600.0,157.4
4236.69,prop_attach,PANEL_PY,36.6811,10760,575.0,600.0,155.0,Rect[PANEL_PY]::794A,576.11,600.0,157.4
4297.22,prop_attach,PANEL_PY,36.6998,10760,575.0,600.0,155.0,Rect[PANEL_PY]::794A,576.11,600.0,157.4
4357.74,prop_attach,PANEL_PY,36.7198,10760,575.0,600.0,155.0,Rect[PANEL_PY]::794A,576.11,600.0,157.4
4418.27,prop_attach,PANEL_PY,36.7411,10760,575.0,600.0,155.0,Rect[PANEL_PY]::794A,576.11,600.0,157.4
4478.79,prop_attach,PANEL_PY,36.7634,10760,575.0,600.0,155.0,Rect[PANEL_PY]::794A,576.11,600.0,157.4
4539.31,prop_attach,PANEL_PY,36.7868,10760,575.0,600.0,155.0,Rect[PANEL_PY]::794A,576.11,600.0,157.4
4599.84,prop_attach,PANEL_PY,36.811,10760,575.0,600.0,155.0,Rect[PANEL_PY]::794A,576.11,600.0,157.4
4660.36,prop_attach,PANEL_PY,36.8359,10760,575.0,600.0,155.0,Rect[PANEL_PY]::794A,576.11,600.0,157.4
4720.89,prop_attach,PANEL_PY,36.8615,10760,575.0,600.0,155.0,Rect[PANEL_PY]::794A,576.11,600.0,157.4
4781.41,prop_attach,PANEL_PY,36.8877,10760,575.0,600.0,155.0,Rect[PANEL_PY]::794A,576.11,600.0,157.4
4841.94,prop_attach,PANEL_PY,36.9145,10760,575.0,600.0,155.0,Rect[PANEL_PY]::794A,576.11,600.0,157.4
4902.46,prop_attach,PANEL_PY,36.9417,10760,575.0,600.0,155.0,Rect[PANEL_PY]::794A,576.11,600.0,157.4
4962.98,prop_attach,PANEL_PY,36.9694,10760,575.0,600.0,155.0,Rect[PANEL_PY]::794A,576.11,600.0,157.4
5023.51,prop_attach,PANEL_PY,36.9975,10760,575.0,600.0,155.0,Rect[PANEL_PY]::794A,576.11,600.0,157.4
5084.03,prop_attach,PANEL_PY,37.0259,10760,575.0,600.0,155.0,Rect[PANEL_PY]::794A,576.11,600.0,157.4
5144.56,prop_attach,PANEL_PY,37.0546,10760,575.0,600.0,155.0,Rect[PANEL_PY]::794A,576.11,600.0,157.4
5205.08,prop_attach,PANEL_PY,37.0836,10760,575.0,600.0,155.0,Rect[PANEL_PY]::794A,576.11,600.0,157.4
5265.61,prop_attach,PANEL_PY,37.1129,10760,575.0,600.0,155.0,Rect[PANEL_PY]::794A,576.11,600.0,157.4
5326.13,prop_attach,PANEL_PY,37.1424,10760,575.0,600.0,155.0,Rect[PANEL_PY]::794A,576.11,600.0,157.4
5386.65,prop_attach,PANEL_PY,37.1722,10760,575.0,600.0,155.0,Rect[PANEL_PY]::794A,576.11,600.0,157.4
5447.18,prop_attach,PANEL_PY,37.2022,10760,575.0,600.0,155.0,Rect[PANEL_PY]::794A,576.11,600.0,157.4
5507.7,prop_attach,PANEL_PY,37.2323,10760,575.0,600.0,155.0,Rect[PANEL_PY]::794A,576.11,600.0,157.4
5568.23,prop_attach,PANEL_PY,37.2626,10760,575.0,600.0,155.0,Rect[PANEL_PY]::794A,576.11,600.0,157.4
5628.75,prop_attach,PANEL_PY,37.293,10760,575.0,600.0,155.0,Rect[PANEL_PY]::794A,576.11,600.0,157.4
5689.27,prop_attach,PANEL_PY,37.3236,10760,575.0,600.0,155.0,Rect[PANEL_PY]::794A,576.11,600.0,157.4
5749.8,prop_attach,PANEL_PY,37.3542,10760,575.0,600.0,155.0,Rect[PANEL_PY]::794A,576.11,600.0,157.4
5810.32,prop_attach,PANEL_PY,37.3848,10760,575.0,600.0,155.0,Rect[PANEL_PY]::794A,576.11,600.0,157.4
5870.85,prop_attach,PANEL_PY,37.4156,10760,575.0,600.0,155.0,Rect[PANEL_PY]::794A,576.11,600.0,157.4
5931.37,prop_attach,PANEL_PY,37.4464,10760,575.0,600.0,155.0,Rect[PANEL_PY]::794A,576.11,600.0,157.4
5991.9,prop_attach,PANEL_PY,37.4772,10760,575.0,600.0,155.0,Rect[PANEL_PY]::794A,576.11,600.0,157.4
6052.42,prop_attach,PANEL_PY,37.5082,10760,575.0,600.0,155.0,Rect[PANEL_PY]::794A,576.11,600.0,157.4
6112.94,prop_attach,PANEL_PY,37.5392,10760,575.0,600.0,155.0,Rect[PANEL_PY]::794A,576.11,600.0,157.4
6173.47,prop_attach,PANEL_PY,37.5705,10760,575.0,600.0,155.0,Rect[PANEL_PY]::794A,576.11,600.0,157.4
6233.99,prop_attach,PANEL_PY,37.602,10760,575.0,600.0,155.0,Rect[PANEL_PY]::794A,576.11,600.0,157.4
6294.52,prop_attach,PANEL_PY,37.6337,10760,575.0,600.0,155.0,Rect[PANEL_PY]::794A,576.11,600.0,157.4
6355.04,prop_attach,PANEL_PY,37.6656,10760,575.0,600.0,155.0,Rect[PANEL_PY]::794A,576.11,600.0,157.4
6415.57,prop_attach,PANEL_PY,37.6978,10760,575.0,600.0,155.0,Rect[PANEL_PY]::794A,576.11,600.0,157.4
6476.09,prop_attach,PANEL_PY,37.7303,10760,575.0,600.0,155.0,Rect[PANEL_PY]::794A,576.11,600.0,157.4
6536.61,prop_attach,PANEL_PY,37.7631,10760,575.0,600.0,155.0,Rect[PANEL_PY]::794A,576.11,600.0,157.4
6597.14,prop_attach,PANEL_PY,37.7961,10760,575.0,600.0,155.0,Rect[PANEL_PY]::794A,576.11,600.0,157.4
6657.66,prop_attach,PANEL_PY,37.8292,10760,575.0,600.0,155.0,Rect[PANEL_PY]::794A,576.11,600.0,157.4
6718.19,prop_attach,PANEL_PY,37.8625,10760,575.0,600.0,155.0,Rect[PANEL_PY]::794A,576.11,600.0,157.4
6778.71,prop_attach,PANEL_PY,37.8959,10760,575.0,600.0,155.0,Rect[PANEL_PY]::794A,576.11,600.0,157.4
6839.23,prop_attach,PANEL_PY,37.9294,10760,575.0,600.0,155.0,Rect[PANEL_PY]::794A,576.11,600.0,157.4
6899.76,prop_attach,PANEL_PY,37.963,10760,575.0,600.0,155.0,Rect[PANEL_PY]::794A,576.11,600.0,157.4
6960.28,prop_attach,PANEL_PY,37.9967,10760,575.0,600.0,155.0,Rect[PANEL_PY]::794A,576.11,600.0,157.4
7020.81,prop_attach,PANEL_PY,38.0305,10760,575.0,600.0,155.0,Rect[PANEL_PY]::794A,576.11,600.0,157.4
7081.33,prop_attach,PANEL_PY,38.0643,10760,575.0,600.0,155.0,Rect[PANEL_PY]::794A,576.11,600.0,157.4
7141.86,prop_attach,PANEL_PY,38.0965,10760,575.0,600.0,155.0,Rect[PANEL_PY]::794A,576.11,600.0,157.4
7202.38,prop_attach,PANEL_PY,38.1253,10760,575.0,600.0,155.0,Rect[PANEL_PY]::794A,576.11,600.0,157.4
7262.9,prop_attach,PANEL_PY,38.1502,10760,575.0,600.0,155.0,Rect[PANEL_PY]::794A,576.11,600.0,157.4
7323.43,prop_attach,PANEL_PY,38.1711,10760,575.0,600.0,155.0,Rect[PANEL_PY]::794A,576.11,600.0,157.4
7383.95,prop_attach,PANEL_PY,38.1875,10760,575.0,600.0,155.0,Rect[PANEL_PY]::794A,576.11,600.0,157.4
7444.48,prop_attach,PANEL_PY,38.199,10760,575.0,600.0,155.0,Rect[PANEL_PY]::794A,576.11,600.0,157.4
7505.0,prop_attach,PANEL_PY,38.2055,10760,575.0,600.0,155.0,Rect[PANEL_PY]::794A,576.11,600.0,157.4
7565.52,prop_attach,PANEL_PY,38.2064,10760,575.0,600.0,155.0,Rect[PANEL_PY]::794A,576.11,600.0,157.4
7626.05,prop_attach,PANEL_PY,38.2016,10760,575.0,600.0,155.0,Rect[PANEL_PY]::794A,576.11,600.0,157.4
7686.57,prop_attach,PANEL_PY,38.1908,10760,575.0,600.0,155.0,Rect[PANEL_PY]::794A,576.11,600.0,157.4
7747.1,prop_attach,PANEL_PY,38.1738,10760,575.0,600.0,155.0,Rect[PANEL_PY]::794A,576.11,600.0,157.4
7807.62,prop_attach,PANEL_PY,38.1504,10760,575.0,600.0,155.0,Rect[PANEL_PY]::794A,576.11,600.0,157.4
7868.15,prop_attach,PANEL_PY,38.1208,10760,575.0,600.0,155.0,Rect[PANEL_PY]::794A,576.11,600.0,157.4
7928.67,prop_attach,PANEL_PY,38.0847,10760,575.0,600.0,155.0,Rect[PANEL_PY]::794A,576.11,600.0,157.4
7989.19,prop_attach,PANEL_PY,38.0424,10760,575.0,600.0,155.0,Rect[PANEL_PY]::794A,576.11,600.0,157.4
8049.72,prop_attach,PANEL_PY,37.9939,10760,575.0,600.0,155.0,Rect[PANEL_PY]::794A,576.11,600.0,157.4
8110.24,prop_attach,PANEL_PY,37.9393,10760,575.0,600.0,155.0,Rect[PANEL_PY]::794A,576.11,600.0,157.4
8170.77,prop_attach,PANEL_PY,37.8803,10760,575.0,600.0,155.0,Rect[PANEL_PY]::794A,576.11,600.0,157.4
8231.29,prop_attach,PANEL_PY,37.8185,10760,575.0,600.0,155.0,Rect[PANEL_PY]::794A,576.11,600.0,157.4
8291.82,prop_attach,PANEL_PY,37.7545,10760,575.0,600.0,155.0,Rect[PANEL_PY]::794A,576.11,600.0,157.4
8352.34,prop_attach,PANEL_PY,37.6889,10760,575.0,600.0,155.0,Rect[PANEL_PY]::794A,576.11,600.0,157.4
8412.86,prop_attach,PANEL_PY,37.6222,10760,575.0,600.0,155.0,Rect[PANEL_PY]::794A,576.11,600.0,157.4
8473.39,prop_attach,PANEL_PY,37.5551,10760,575.0,600.0,155.0,Rect[PANEL_PY]::794A,576.11,600.0,157.4
8533.91,prop_attach,PANEL_PY,37.4883,10760,575.0,600.0,155.0,Rect[PANEL_PY]::794A,576.11,600.0,157.4
8594.44,prop_attach,PANEL_PY,37.4222,10760,575.0,600.0,155.0,Rect[PANEL_PY]::794A,576.11,600.0,157.4
8654.96,prop_attach,PANEL_PY,37.3576,10760,575.0,600.0,155.0,Rect[PANEL_PY]::794A,576.11,600.0,157.4
8715.48,prop_attach,PANEL_PY,37.2947,10760,575.0,600.0,155.0,Rect[PANEL_PY]::794A,576.11,600.0,157.4
8776.01,prop_attach,PANEL_PY,37.2341,10760,575.0,600.0,155.0,Rect[PANEL_PY]::794A,576.11,600.0,157.4
8836.53,prop_attach,PANEL_PY,37.1762,10760,575.0,600.0,155.0,Rect[PANEL_PY]::794A,576.11,600.0,157.4
8897.06,prop_attach,PANEL_PY,37.1213,10760,575.0,600.0,155.0,Rect[PANEL_PY]::794A,576.11,600.0,157.4
8957.58,prop_attach,PANEL_PY,37.0695,10760,575.0,600.0,155.0,Rect[PANEL_PY]::794A,576.11,600.0,157.4
9018.11,prop_attach,PANEL_PY,37.0213,10760,575.0,600.0,155.0,Rect[PANEL_PY]::794A,576.11,600.0,157.4
9078.63,prop_attach,PANEL_PY,36.9766,10760,575.0,600.0,155.0,Rect[PANEL_PY]::794A,576.11,600.0,157.4
9139.15,prop_attach,PANEL_PY,36.9356,10760,575.0,600.0,155.0,Rect[PANEL_PY]::794A,576.11,600.0,157.4
9199.68,prop_attach,PANEL_PY,36.8985,10760,575.0,600.0,155.0,Rect[PANEL_PY]::794A,576.11,600.0,157.4
9260.2,prop_attach,PANEL_PY,36.8652,10760,575.0,600.0,155.0,Rect[PANEL_PY]::794A,576.11,600.0,157.4
9320.73,prop_attach,PANEL_PY,36.8359,10760,575.0,600.0,155.0,Rect[PANEL_PY]::794A,576.11,600.0,157.4
9381.25,prop_attach,PANEL_PY,36.8107,10760,575.0,600.0,155.0,Rect[PANEL_PY]::794A,576.11,600.0,157.4
9441.78,prop_attach,PANEL_PY,36.7895,10760,575.0,600.0,155.0,Rect[PANEL_PY]::794A,576.11,600.0,157.4
9502.3,prop_attach,PANEL_PY,36.772,10760,575.0,600.0,155.0,Rect[PANEL_PY]::794A,576.11,600.0,157.4
9562.82,prop_attach,PANEL_PY,36.7583,10760,575.0,600.0,155.0,Rect[PANEL_PY]::794A,576.11,600.0,157.4
9623.35,prop_attach,PANEL_PY,36.7482,10760,575.0,600.0,155.0,Rect[PANEL_PY]::794A,576.11,600.0,157.4
9683.87,prop_attach,PANEL_PY,36.7416,10760,575.0,600.0,155.0,Rect[PANEL_PY]::794A,576.11,600.0,157.4
9744.4,prop_attach,PANEL_PY,36.7383,10760,575.0,600.0,155.0,Rect[PANEL_PY]::794A,576.11,600.0,157.4
9804.92,prop_attach,PANEL_PY,36.7382,10760,575.0,600.0,155.0,Rect[PANEL_PY]::794A,576.11,600.0,157.4
9865.44,prop_attach,PANEL_PY,36.7411,10760,575.0,600.0,155.0,Rect[PANEL_PY]::794A,576.11,600.0,157.4
9925.97,prop_attach,PANEL_PY,36.7468,10760,575.0,600.0,155.0,Rect[PANEL_PY]::794A,576.11,600.0,157.4
9986.49,prop_attach,PANEL_PY,36.755,10760,575.0,600.0,155.0,Rect[PANEL_PY]::794A,576.11,600.0,157.4
10047.0,prop_attach,PANEL_PY,36.7656,10760,575.0,600.0,155.0,Rect[PANEL_PY]::794A,576.11,600.0,157.4
10107.5,prop_attach,PANEL_PY,36.7785,10760,575.0,600.0,155.0,Rect[PANEL_PY]::794A,576.11,600.0,157.4
10168.1,prop_attach,PANEL_PY,36.7932,10760,575.0,600.0,155.0,Rect[PANEL_PY]::794A,576.11,600.0,157.4
10228.6,prop_attach,PANEL_PY,36.8098,10760,575.0,600.0,155.0,Rect[PANEL_PY]::794A,576.11,600.0,157.4
10289.1,prop_attach,PANEL_PY,36.828,10760,575.0,600.0,155.0,Rect[PANEL_PY]::794A,576.11,600.0,157.4
10349.6,prop_attach,PANEL_PY,36.8476,10760,575.0,600.0,155.0,Rect[PANEL_PY]::794A,576.11,600.0,157.4
10410.2,prop_attach,PANEL_PY,36.8684,10760,575.0,600.0,155.0,Rect[PANEL_PY]::794A,576.11,600.0,157.4
10470.7,prop_attach,PANEL_PY,36.8905,10760,575.0,600.0,155.0,Rect[PANEL_PY]::794A,576.11,600.0,157.4
10531.2,prop_attach,PANEL_PY,36.9136,10760,575.0,600.0,155.0,Rect[PANEL_PY]::794A,576.11,600.0,157.4
10591.7,prop_attach,PANEL_PY,36.9375,10760,575.0,600.0,155.0,Rect[PANEL_PY]::794A,576.11,600.0,157.4
10652.3,prop_attach,PANEL_PY,36.9623,10760,575.0,600.0,155.0,Rect[PANEL_PY]::794A,576.11,600.0,157.4
10712.8,prop_attach,PANEL_PY,36.9877,10760,575.0,600.0,155.0,Rect[PANEL_PY]::794A,576.11,600.0,157.4
10773.3,prop_attach,PANEL_PY,37.0137,10760,575.0,600.0,155.0,Rect[PANEL_PY]::794A,576.11,600.0,157.4
10833.8,prop_attach,PANEL_PY,37.0403,10760,575.0,600.0,155.0,Rect[PANEL_PY]::794A,576.11,600.0,157.4
10894.4,prop_attach,PANEL_PY,37.0673,10760,575.0,600.0,155.0,Rect[PANEL_PY]::794A,576.11,600.0,157.4
10954.9,prop_attach,PANEL_PY,37.0949,10760,575.0,600.0,155.0,Rect[PANEL_PY]::794A,576.11,600.0,157.4
11015.4,prop_attach,PANEL_PY,37.1228,10760,575.0,600.0,155.0,Rect[PANEL_PY]::794A,576.11,600.0,157.4
11075.9,prop_attach,PANEL_PY,37.151,10760,575.0,600.0,155.0,Rect[PANEL_PY]::794A,576.11,600.0,157.4
11136.5,prop_attach,PANEL_PY,37.1795,10760,575.0,600.0,155.0,Rect[PANEL_PY]::794A,576.11,600.0,157.4
11197.0,prop_attach,PANEL_PY,37.2082,10760,575.0,600.0,155.0,Rect[PANEL_PY]::794A,576.11,600.0,157.4
11257.5,prop_attach,PANEL_PY,37.2372,10760,575.0,600.0,155.0,Rect[PANEL_PY]::794A,576.11,600.0,157.4
11318.0,prop_attach,PANEL_PY,37.2665,10760,575.0,600.0,155.0,Rect[PANEL_PY]::794A,576.11,600.0,157.4
11378.5,prop_attach,PANEL_PY,37.296,10760,575.0,600.0,155.0,Rect[PANEL_PY]::794A,576.11,600.0,157.4
11439.1,prop_attach,PANEL_PY,37.3257,10760,575.0,600.0,155.0,Rect[PANEL_PY]::794A,576.11,600.0,157.4
11499.6,prop_attach,PANEL_PY,37.3555,10760,575.0,600.0,155.0,Rect[PANEL_PY]::794A,576.11,600.0,157.4
11560.1,prop_attach,PANEL_PY,37.3855,10760,575.0,600.0,155.0,Rect[PANEL_PY]::794A,576.11,600.0,157.4
11620.6,prop_attach,PANEL_PY,37.4156,10760,575.0,600.0,155.0,Rect[PANEL_PY]::794A,576.11,600.0,157.4
11681.2,prop_attach,PANEL_PY,37.4458,10760,575.0,600.0,155.0,Rect[PANEL_PY]::794A,576.11,600.0,157.4
11741.7,prop_attach,PANEL_PY,37.4761,10760,575.0,600.0,155.0,Rect[PANEL_PY]::794A,576.11,600.0,157.4
11802.2,prop_attach,PANEL_PY,37.5064,10760,575.0,600.0,155.0,Rect[PANEL_PY]::794A,576.11,600.0,157.4
11862.7,prop_attach,PANEL_PY,37.5368,10760,575.0,600.0,155.0,Rect[PANEL_PY]::794A,576.11,600.0,157.4
11923.3,prop_attach,PANEL_PY,37.5672,10760,575.0,600.0,155.0,Rect[PANEL_PY]::794A,576.11,600.0,157.4
11983.8,prop_attach,PANEL_PY,37.5977,10760,575.0,600.0,155.0,Rect[PANEL_PY]::794A,576.11,600.0,157.4
12044.3,prop_attach,PANEL_PY,37.6282,10760,575.0,600.0,155.0,Rect[PANEL_PY]::794A,576.11,600.0,157.4
12104.8,prop_attach,PANEL_PY,37.6587,10760,575.0,600.0,155.0,Rect[PANEL_PY]::794A,576.11,600.0,157.4
12165.4,prop_attach,PANEL_PY,37.6894,10760,575.0,600.0,155.0,Rect[PANEL_PY]::794A,576.11,600.0,157.4
12225.9,prop_attach,PANEL_PY,37.7202,10760,575.0,600.0,155.0,Rect[PANEL_PY]::794A,576.11,600.0,157.4
12286.4,prop_attach,PANEL_PY,37.7513,10760,575.0,600.0,155.0,Rect[PANEL_PY]::794A,576.11,600.0,157.4
12346.9,prop_attach,PANEL_PY,37.7825,10760,575.0,600.0,155.0,Rect[PANEL_PY]::794A,576.11,600.0,157.4
12407.5,prop_attach,PANEL_PY,37.814,10760,575.0,600.0,155.0,Rect[PANEL_PY]::794A,576.11,600.0,157.4
12468.0,prop_attach,PANEL_PY,37.8457,10760,575.0,600.0,155.0,Rect[PANEL_PY]::794A,576.11,600.0,157.4
12528.5,prop_attach,PANEL_PY,37.8777,10760,575.0,600.0,155.0,Rect[PANEL_PY]::794A,576.11,600.0,157.4
12589.0,prop_attach,PANEL_PY,37.91,10760,575.0,600.0,155.0,Rect[PANEL_PY]::794A,576.11,600.0,157.4
12649.6,prop_attach,PANEL_PY,37.9424,10760,575.0,600.0,155.0,Rect[PANEL_PY]::794A,576.11,600.0,157.4
12710.1,prop_attach,PANEL_PY,37.9751,10760,575.0,600.0,155.0,Rect[PANEL_PY]::794A,576.11,600.0,157.4
12770.6,prop_attach,PANEL_PY,38.0078,10760,575.0,600.0,155.0,Rect[PANEL_PY]::794A,576.11,600.0,157.4
12831.1,prop_attach,PANEL_PY,38.0407,10760,575.0,600.0,155.0,Rect[PANEL_PY]::794A,576.11,600.0,157.4
12891.7,prop_attach,PANEL_PY,38.0737,10760,575.0,600.0,155.0,Rect[PANEL_PY]::794A,576.11,600.0,157.4
12952.2,prop_attach,PANEL_PY,38.1067,10760,575.0,600.0,155.0,Rect[PANEL_PY]::794A,576.11,600.0,157.4
13012.7,prop_attach,PANEL_PY,38.1398,10760,575.0,600.0,155.0,Rect[PANEL_PY]::794A,576.11,600.0,157.4
13073.2,prop_attach,PANEL_PY,38.173,10760,575.0,600.0,155.0,Rect[PANEL_PY]::794A,576.11,600.0,157.4
13133.8,prop_attach,PANEL_PY,38.2062,10760,575.0,600.0,155.0,Rect[PANEL_PY]::794A,576.11,600.0,157.4
13194.3,prop_attach,PANEL_PY,38.2378,10760,575.0,600.0,155.0,Rect[PANEL_PY]::794A,576.11,600.0,157.4
13254.8,prop_attach,PANEL_PY,38.266,10760,575.0,600.0,155.0,Rect[PANEL_PY]::794A,576.11,600.0,157.4
13315.3,prop_attach,PANEL_PY,38.2904,10760,575.0,600.0,155.0,Rect[PANEL_PY]::794A,576.11,600.0,157.4
13375.8,prop_attach,PANEL_PY,38.3106,10760,575.0,600.0,155.0,Rect[PANEL_PY]::794A,576.11,600.0,157.4
13436.4,prop_attach,PANEL_PY,38.3264,10760,575.0,600.0,155.0,Rect[PANEL_PY]::794A,576.11,600.0,157.4
13496.9,prop_attach,PANEL_PY,38.3373,10760,575.0,600.0,155.0,Rect[PANEL_PY]::794A,576.11,600.0,157.4
13557.4,prop_attach,PANEL_PY,38.3431,10760,575.0,600.0,155.0,Rect[PANEL_PY]::794A,576.11,600.0,157.4
13617.9,prop_attach,PANEL_PY,38.3434,10760,575.0,600.0,155.0,Rect[PANEL_PY]::794A,576.11,600.0,157.4
13678.5,prop_attach,PANEL_PY,38.338,10760,575.0,600.0,155.0,Rect[PANEL_PY]::794A,576.11,600.0,157.4
13739.0,prop_attach,PANEL_PY,38.3265,10760,575.0,600.0,155.0,Rect[PANEL_PY]::794A,576.11,600.0,157.4
13799.5,prop_attach,PANEL_PY,38.3088,10760,575.0,600.0,155.0,Rect[PANEL_PY]::794A,576.11,600.0,157.4
13860.0,prop_attach,PANEL_PY,38.2848,10760,575.0,600.0,155.0,Rect[PANEL_PY]::794A,576.11,600.0,157.4
13920.6,prop_attach,PANEL_PY,38.2545,10760,575.0,600.0,155.0,Rect[PANEL_PY]::794A,576.11,600.0,157.4
13981.1,prop_attach,PANEL_PY,38.2177,10760,575.0,600.0,155.0,Rect[PANEL_PY]::794A,576.11,600.0,157.4
14041.6,prop_attach,PANEL_PY,38.1748,10760,575.0,600.0,155.0,Rect[PANEL_PY]::794A,576.11,600.0,157.4
14102.1,prop_attach,PANEL_PY,38.1256,10760,575.0,600.0,155.0,Rect[PANEL_PY]::794A,576.11,600.0,157.4
14162.7,prop_attach,PANEL_PY,38.0704,10760,575.0,600.0,155.0,Rect[PANEL_PY]::794A,576.11,600.0,157.4
14223.2,prop_attach,PANEL_PY,38.0106,10760,575.0,600.0,155.0,Rect[PANEL_PY]::794A,576.11,600.0,157.4
14283.7,prop_attach,PANEL_PY,37.9482,10760,575.0,600.0,155.0,Rect[PANEL_PY]::794A,576.11,600.0,157.4
14344.2,prop_attach,PANEL_PY,37.8835,10760,575.0,600.0,155.0,Rect[PANEL_PY]::794A,576.11,600.0,157.4
14404.8,prop_attach,PANEL_PY,37.8173,10760,575.0,600.0,155.0,Rect[PANEL_PY]::794A,576.11,600.0,157.4
14465.3,prop_attach,PANEL_PY,37.7499,10760,575.0,600.0,155.0,Rect[PANEL_PY]::794A,576.11,600.0,157.4
14525.8,prop_attach,PANEL_PY,37.6822,10760,575.0,600.0,155.0,Rect[PANEL_PY]::794A,576.11,600.0,157.4
14586.3,prop_attach,PANEL_PY,37.6147,10760,575.0,600.0,155.0,Rect[PANEL_PY]::794A,576.11,600.0,157.4
14646.9,prop_attach,PANEL_PY,37.548,10760,575.0,600.0,155.0,Rect[PANEL_PY]::794A,576.11,600.0,157.4
14707.4,prop_attach,PANEL_PY,37.4827,10760,575.0,600.0,155.0,Rect[PANEL_PY]::794A,576.11,600.0,157.4
14767.9,prop_attach,PANEL_PY,37.4192,10760,575.0,600.0,155.0,Rect[PANEL_PY]::794A,576.11,600.0,157.4
14828.4,prop_attach,PANEL_PY,37.358,10760,575.0,600.0,155.0,Rect[PANEL_PY]::794A,576.11,600.0,157.4
14889.0,prop_attach,PANEL_PY,37.2995,10760,575.0,600.0,155.0,Rect[PANEL_PY]::794A,576.11,600.0,157.4
14949.5,prop_attach,PANEL_PY,37.244,10760,575.0,600.0,155.0,Rect[PANEL_PY]::794A,576.11,600.0,157.4
15010.0,prop_attach,PANEL_PY,37.1916,10760,575.0,600.0,155.0,Rect[PANEL_PY]::794A,576.11,600.0,157.4
15070.5,prop_attach,PANEL_PY,37.1427,10760,575.0,600.0,155.0,Rect[PANEL_PY]::794A,576.11,600.0,157.4
15131.0,prop_attach,PANEL_PY,37.0975,10760,575.0,600.0,155.0,Rect[PANEL_PY]::794A,576.11,600.0,157.4
15191.6,prop_attach,PANEL_PY,37.0559,10760,575.0,600.0,155.0,Rect[PANEL_PY]::794A,576.11,600.0,157.4
15252.1,prop_attach,PANEL_PY,37.0182,10760,575.0,600.0,155.0,Rect[PANEL_PY]::794A,576.11,600.0,157.4
15312.6,prop_attach,PANEL_PY,36.9843,10760,575.0,600.0,155.0,Rect[PANEL_PY]::794A,576.11,600.0,157.4
15373.1,prop_attach,PANEL_PY,36.9545,10760,575.0,600.0,155.0,Rect[PANEL_PY]::794A,576.11,600.0,157.4
15433.7,prop_attach,PANEL_PY,36.9287,10760,575.0,600.0,155.0,Rect[PANEL_PY]::794A,576.11,600.0,157.4
15494.2,prop_attach,PANEL_PY,36.9069,10760,575.0,600.0,155.0,Rect[PANEL_PY]::794A,576.11,600.0,157.4
15554.7,prop_attach,PANEL_PY,36.8888,10760,575.0,600.0,155.0,Rect[PANEL_PY]::794A,576.11,600.0,157.4
15615.2,prop_attach,PANEL_PY,36.8746,10760,575.0,600.0,155.0,Rect[PANEL_PY]::794A,576.11,600.0,157.4
15675.8,prop_attach,PANEL_PY,36.8639,10760,575.0,600.0,155.0,Rect[PANEL_PY]::794A,576.11,600.0,157.4
15736.3,prop_attach,PANEL_PY,36.8567,10760,575.0,600.0,155.0,Rect[PANEL_PY]::794A,576.11,600.0,157.4
15796.8,prop_attach,PANEL_PY,36.8529,10760,575.0,600.0,155.0,Rect[PANEL_PY]::794A,576.11,600.0,157.4
15857.3,prop_attach,PANEL_PY,36.8522,10760,575.0,600.0,155.0,Rect[PANEL_PY]::794A,576.11,600.0,157.4
15917.9,prop_attach,PANEL_PY,36.8545,10760,575.0,600.0,155.0,Rect[PANEL_PY]::794A,576.11,600.0,157.4
15978.4,prop_attach,PANEL_PY,36.8597,10760,575.0,600.0,155.0,Rect[PANEL_PY]::794A,576.11,600.0,157.4
16038.9,prop_attach,PANEL_PY,36.8674,10760,575.0,600.0,155.0,Rect[PANEL_PY]::794A,576.11,600.0,157.4
16099.4,prop_attach,PANEL_PY,36.8774,10760,575.0,600.0,155.0,Rect[PANEL_PY]::794A,576.11,600.0,157.4
16160.0,prop_attach,PANEL_PY,36.8897,10760,575.0,600.0,155.0,Rect[PANEL_PY]::794A,576.11,600.0,157.4
16220.5,prop_attach,PANEL_PY,36.904,10760,575.0,600.0,155.0,Rect[PANEL_PY]::794A,576.11,600.0,157.4
16281.0,prop_attach,PANEL_PY,36.92,10760,575.0,600.0,155.0,Rect[PANEL_PY]::794A,576.11,600.0,157.4
16341.5,prop_attach,PANEL_PY,36.9377,10760,575.0,600.0,155.0,Rect[PANEL_PY]::794A,576.11,600.0,157.4
16402.1,prop_attach,PANEL_PY,36.9567,10760,575.0,600.0,155.0,Rect[PANEL_PY]::794A,576.11,600.0,157.4
16462.6,prop_attach,PANEL_PY,36.9771,10760,575.0,600.0,155.0,Rect[PANEL_PY]::794A,576.11,600.0,157.4
16523.1,prop_attach,PANEL_PY,36.9986,10760,575.0,600.0,155.0,Rect[PANEL_PY]::794A,576.11,600.0,157.4
16583.6,prop_attach,PANEL_PY,37.0211,10760,575.0,600.0,155.0,Rect[PANEL_PY]::794A,576.11,600.0,157.4
16644.2,prop_attach,PANEL_PY,37.0446,10760,575.0,600.0,155.0,Rect[PANEL_PY]::794A,576.11,600.0,157.4
16704.7,prop_attach,PANEL_PY,37.0688,10760,575.0,600.0,155.0,Rect[PANEL_PY]::794A,576.11,600.0,157.4
16765.2,prop_attach,PANEL_PY,37.0937,10760,575.0,600.0,155.0,Rect[PANEL_PY]::794A,576.11,600.0,157.4
16825.7,prop_attach,PANEL_PY,37.1192,10760,575.0,600.0,155.0,Rect[PANEL_PY]::794A,576.11,600.0,157.4
16886.3,prop_attach,PANEL_PY,37.1452,10760,575.0,600.0,155.0,Rect[PANEL_PY]::794A,576.11,600.0,157.4
16946.8,prop_attach,PANEL_PY,37.1718,10760,575.0,600.0,155.0,Rect[PANEL_PY]::794A,576.11,600.0,157.4
17007.3,prop_attach,PANEL_PY,37.1988,10760,575.0,600.0,155.0,Rect[PANEL_PY]::794A,576.11,600.0,157.4
17067.8,prop_attach,PANEL_PY,37.2262,10760,575.0,600.0,155.0,Rect[PANEL_PY]::794A,576.11,600.0,157.4
17128.3,prop_attach,PANEL_PY,37.2539,10760,575.0,600.0,155.0,Rect[PANEL_PY]::794A,576.11,600.0,157.4
17188.9,prop_attach,PANEL_PY,37.2819,10760,575.0,600.0,155.0,Rect[PANEL_PY]::794A,576.11,600.0,157.4
17249.4,prop_attach,PANEL_PY,37.3102,10760,575.0,600.0,155.0,Rect[PANEL_PY]::794A,576.11,600.0,157.4
17309.9,prop_attach,PANEL_PY,37.3387,10760,575.0,600.0,155.0,Rect[PANEL_PY]::794A,576.11,600.0,157.4
17370.4,prop_attach,PANEL_PY,37.3674,10760,575.0,600.0,155.0,Rect[PANEL_PY]::794A,576.11,600.0,157.4
17431.0,prop_attach,PANEL_PY,37.3964,10760,575.0,600.0,155.0,Rect[PANEL_PY]::794A,576.11,600.0,157.4
17491.5,prop_attach,PANEL_PY,37.4256,10760,575.0,600.0,155.0,Rect[PANEL_PY]::794A,576.11,600.0,157.4
17552.0,prop_attach,PANEL_PY,37.455,10760,575.0,600.0,155.0,Rect[PANEL_PY]::794A,576.11,600.0,157.4
17612.5,prop_attach,PANEL_PY,37.4845,10760,575.0,600.0,155.0,Rect[PANEL_PY]::794A,576.11,600.0,157.4
17673.1,prop_attach,PANEL_PY,37.5141,10760,575.0,600.0,155.0,Rect[PANEL_PY]::794A,576.11,600.0,157.4
17733.6,prop_attach,PANEL_PY,37.5438,10760,575.0,600.0,155.0,Rect[PANEL_PY]::794A,576.11,600.0,157.4
17794.1,prop_attach,PANEL_PY,37.5736,10760,575.0,600.0,155.0,Rect[PANEL_PY]::794A,576.11,600.0,157.4
17854.6,prop_attach,PANEL_PY,37.6035,10760,575.0,600.0,155.0,Rect[PANEL_PY]::794A,576.11,600.0,157.4
17915.2,prop_attach,PANEL_PY,37.6334,10760,575.0,600.0,155.0,Rect[PANEL_PY]::794A,576.11,600.0,157.4
17975.7,prop_attach,PANEL_PY,37.6633,10760,575.0,600.0,155.0,Rect[PANEL_PY]::794A,576.11,600.0,157.4
18036.2,prop_attach,PANEL_PY,37.6933,10760,575.0,600.0,155.0,Rect[PANEL_PY]::794A,576.11,600.0,157.4
18096.7,prop_attach,PANEL_PY,37.7233,10760,575.0,600.0,155.0,Rect[PANEL_PY]::794A,576.11,600.0,157.4
18157.3,prop_attach,PANEL_PY,37.7534,10760,575.0,600.0,155.0,Rect[PANEL_PY]::794A,576.11,600.0,157.4
0.0,pcdu_attach,PANEL_MY,16.3234,23274,325.0,0.0,645.0,Rect[PANEL_MY]::7A7E,322.5,0.0,649.0
0.0,pcdu_attach,PANEL_MY,16.3234,23274,325.0,0.0,645.0,Rect[PANEL_MY]::7A7E,322.5,0.0,649.0
60.5242,pcdu_attach,PANEL_MY,16.3057,23274,325.0,0.0,645.0,Rect[PANEL_MY]::7A7E,322.5,0.0,649.0
121.048,pcdu_attach,PANEL_MY,16.2835,23274,325.0,0.0,645.0,Rect[PANEL_MY]::7A7E,322.5,0.0,649.0
181.573,pcdu_attach,PANEL_MY,16.2572,23274,325.0,0.0,645.0,Rect[PANEL_MY]::7A7E,322.5,0.0,649.0
242.097,pcdu_attach,PANEL_MY,16.2288,23274,325.0,0.0,645.0,Rect[PANEL_MY]::7A7E,322.5,0.0,649.0
302.621,pcdu_attach,PANEL_MY,16.1992,23274,325.0,0.0,645.0,Rect[PANEL_MY]::7A7E,322.5,0.0,649.0
363.145,pcdu_attach,PANEL_MY,16.1686,23274,325.0,0.0,645.0,Rect[PANEL_MY]::7A7E,322.5,0.0,649.0
423.669,pcdu_attach,PANEL_MY,16.1381,23274,325.0,0.0,645.0,Rect[PANEL_MY]::7A7E,322.5,0.0,649.0
484.194,pcdu_attach,PANEL_MY,16.1079,23274,325.0,0.0,645.0,Rect[PANEL_MY]::7A7E,322.5,0.0,649.0
544.718,pcdu_attach,PANEL_MY,16.0783,23274,325.0,0.0,645.0,Rect[PANEL_MY]::7A7E,322.5,0.0,649.0
605.242,pcdu_attach,PANEL_MY,16.0511,23274,325.0,0.0,645.0,Rect[PANEL_MY]::7A7E,322.5,0.0,649.0
665.766,pcdu_attach,PANEL_MY,16.0259,23274,325.0,0.0,645.0,Rect[PANEL_MY]::7A7E,322.5,0.0,649.0
726.29,pcdu_attach,PANEL_MY,16.003,23274,325.0,0.0,645.0,Rect[PANEL_MY]::7A7E,322.5,0.0,649.0
786.815,pcdu_attach,PANEL_MY,15.9831,23274,325.0,0.0,645.0,Rect[PANEL_MY]::7A7E,322.5,0.0,649.0
847.339,pcdu_attach,PANEL_MY,15.9662,23274,325.0,0.0,645.0,Rect[PANEL_MY]::7A7E,322.5,0.0,649.0
907.863,pcdu_attach,PANEL_MY,15.9529,23274,325.0,0.0,645.0,Rect[PANEL_MY]::7A7E,322.5,0.0,649.0
968.387,pcdu_attach,PANEL_MY,15.9435,23274,325.0,0.0,645.0,Rect[PANEL_MY]::7A7E,322.5,0.0,649.0
1028.91,pcdu_attach,PANEL_MY,15.9378,23274,325.0,0.0,645.0,Rect[PANEL_MY]::7A7E,322.5,0.0,649.0
1089.44,pcdu_attach,PANEL_MY,15.9338,23274,325.0,0.0,645.0,Rect[PANEL_MY]::7A7E,322.5,0.0,649.0
1149.96,pcdu_attach,PANEL_MY,15.9273,23274,325.0,0.0,645.0,Rect[PANEL_MY]::7A7E,322.5,0.0,649.0
1210.48,pcdu_attach,PANEL_MY,15.9167,23274,325.0,0.0,645.0,Rect[PANEL_MY]::7A7E,322.5,0.0,649.0
1271.01,pcdu_attach,PANEL_MY,15.9017,23274,325.0,0.0,645.0,Rect[PANEL_MY]::7A7E,322.5,0.0,649.0
1331.53,pcdu_attach,PANEL_MY,15.8813,23274,325.0,0.0,645.0,Rect[PANEL_MY]::7A7E,322.5,0.0,649.0
1392.06,pcdu_attach,PANEL_MY,15.8549,23274,325.0,0.0,645.0,Rect[PANEL_MY]::7A7E,322.5,0.0,649.0
1452.58,pcdu_attach,PANEL_MY,15.8223,23274,325.0,0.0,645.0,Rect[PANEL_MY]::7A7E,322.5,0.0,649.0
1513.11,pcdu_attach,PANEL_MY,15.7837,23274,325.0,0.0,645.0,Rect[PANEL_MY]::7A7E,322.5,0.0,649.0
1573.63,pcdu_attach,PANEL_MY,15.7396,23274,325.0,0.0,645.0,Rect[PANEL_MY]::7A7E,322.5,0.0,649.0
1634.15,pcdu_attach,PANEL_MY,15.6907,23274,325.0,0.0,645.0,Rect[PANEL_MY]::7A7E,322.5,0.0,649.0
1694.68,pcdu_attach,PANEL_MY,15.6372,23274,325.0,0.0,645.0,Rect[PANEL_MY]::7A7E,322.5,0.0,649.0
1755.2,pcdu_attach,PANEL_MY,15.579,23274,325.0,0.0,645.0,Rect[PANEL_MY]::7A7E,322.5,0.0,649.0
1815.73,pcdu_attach,PANEL_MY,15.5165,23274,325.0,0.0,645.0,Rect[PANEL_MY]::7A7E,322.5,0.0,649.0
1876.25,pcdu_attach,PANEL_MY,15.45,23274,325.0,0.0,645.0,Rect[PANEL_MY]::7A7E,322.5,0.0,649.0
1936.77,pcdu_attach,PANEL_MY,15.3791,23274,325.0,0.0,645.0,Rect[PANEL_MY]::7A7E,322.5,0.0,649.0
1997.3,pcdu_attach,PANEL_MY,15.3042,23274,325.0,0.0,645.0,Rect[PANEL_MY]::7A7E,322.5,0.0,649.0
2057.82,pcdu_attach,PANEL_MY,15.2255,23274,325.0,0.0,645.0,Rect[PANEL_MY]::7A7E,322.5,0.0,649.0
2118.35,pcdu_attach,PANEL_MY,15.1455,23274,325.0,0.0,645.0,Rect[PANEL_MY]::7A7E,322.5,0.0,649.0
2178.87,pcdu_attach,PANEL_MY,15.068,23274,325.0,0.0,645.0,Rect[PANEL_MY]::7A7E,322.5,0.0,649.0
2239.4,pcdu_attach,PANEL_MY,14.9943,23274,325.0,0.0,645.0,Rect[PANEL_MY]::7A7E,322.5,0.0,649.0
2299.92,pcdu_attach,PANEL_MY,14.9256,23274,325.0,0.0,645.0,Rect[PANEL_MY]::7A7E,322.5,0.0,649.0
2360.44,pcdu_attach,PANEL_MY,14.8632,23274,325.0,0.0,645.0,Rect[PANEL_MY]::7A7E,322.5,0.0,649.0
2420.97,pcdu_attach,PANEL_MY,14.8062,23274,325.0,0.0,645.0,Rect[PANEL_MY]::7A7E,322.5,0.0,649.0
2481.49,pcdu_attach,PANEL_MY,14.7543,23274,325.0,0.0,645.0,Rect[PANEL_MY]::7A7E,322.5,0.0,649.0
2542.02,pcdu_attach,PANEL_MY,14.7078,23274,325.0,0.0,645.0,Rect[PANEL_MY]::7A7E,322.5,0.0,649.0
2602.54,pcdu_attach,PANEL_MY,14.6653,23274,325.0,0.0,645.0,Rect[PANEL_MY]::7A7E,322.5,0.0,649.0
2663.06,pcdu_attach,PANEL_MY,14.6265,23274,325.0,0.0,645.0,Rect[PANEL_MY]::7A7E,322.5,0.0,649.0
2723.59,pcdu_attach,PANEL_MY,14.5912,23274,325.0,0.0,645.0,Rect[PANEL_MY]::7A7E,322.5,0.0,649.0
2784.11,pcdu_attach,PANEL_MY,14.5588,23274,325.0,0.0,645.0,Rect[PANEL_MY]::7A7E,322.5,0.0,649.0
2844.64,pcdu_attach,PANEL_MY,14.5289,23274,325.0,0.0,645.0,Rect[PANEL_MY]::7A7E,322.5,0.0,649.0
2905.16,pcdu_attach,PANEL_MY,14.5011,23274,325.0,0.0,645.0,Rect[PANEL_MY]::7A7E,322.5,0.0,649.0
2965.69,pcdu_attach,PANEL_MY,14.4748,23274,325.0,0.0,645.0,Rect[PANEL_MY]::7A7E,322.5,0.0,649.0
3026.21,pcdu_attach,PANEL_MY,14.4499,23274,325.0,0.0,645.0,Rect[PANEL_MY]::7A7E,322.5,0.0,649.0
3086.73,pcdu_attach,PANEL_MY,14.427,23274,325.0,0.0,645.0,Rect[PANEL_MY]::7A7E,322.5,0.0,649.0
3147.26,pcdu_attach,PANEL_MY,14.4067,23274,325.0,0.0,645.0,Rect[PANEL_MY]::7A7E,322.5,0.0,649.0
3207.78,pcdu_attach,PANEL_MY,14.3887,23274,325.0,0.0,645.0,Rect[PANEL_MY]::7A7E,322.5,0.0,649.0
3268.31,pcdu_attach,PANEL_MY,14.3725,23274,325.0,0.0,645.0,Rect[PANEL_MY]::7A7E,322.5,0.0,649.0
3328.83,pcdu_attach,PANEL_MY,14.3582,23274,325.0,0.0,645.0,Rect[PANEL_MY]::7A7E,322.5,0.0,649.0
3389.36,pcdu_attach,PANEL_MY,14.3459,23274,325.0,0.0,645.0,Rect[PANEL_MY]::7A7E,322.5,0.0,649.0
3449.88,pcdu_attach,PANEL_MY,14.3369,23274,325.0,0.0,645.0,Rect[PANEL_MY]::7A7E,322.5,0.0,649.0
3510.4,pcdu_attach,PANEL_MY,14.331,23274,325.0,0.0,645.0,Rect[PANEL_MY]::7A7E,322.5,0.0,649.0
3570.93,pcdu_attach,PANEL_MY,14.3282,23274,325.0,0.0,645.0,Rect[PANEL_MY]::7A7E,322.5,0.0,649.0
3631.45,pcdu_attach,PANEL_MY,14.3298,23274,325.0,0.0,645.0,Rect[PANEL_MY]::7A7E,322.5,0.0,649.0
3691.98,pcdu_attach,PANEL_MY,14.3351,23274,325.0,0.0,645.0,Rect[PANEL_MY]::7A7E,322.5,0.0,649.0
3752.5,pcdu_attach,PANEL_MY,14.3444,23274,325.0,0.0,645.0,Rect[PANEL_MY]::7A7E,322.5,0.0,649.0
3813.02,pcdu_attach,PANEL_MY,14.3581,23274,325.0,0.0,645.0,Rect[PANEL_MY]::7A7E,322.5,0.0,649.0
3873.55,pcdu_attach,PANEL_MY,14.376,23274,325.0,0.0,645.0,Rect[PANEL_MY]::7A7E,322.5,0.0,649.0
3934.07,pcdu_attach,PANEL_MY,14.3991,23274,325.0,0.0,645.0,Rect[PANEL_MY]::7A7E,322.5,0.0,649.0
3994.6,pcdu_attach,PANEL_MY,14.4275,23274,325.0,0.0,645.0,Rect[PANEL_MY]::7A7E,322.5,0.0,649.0
4055.12,pcdu_attach,PANEL_MY,14.4611,23274,325.0,0.0,645.0,Rect[PANEL_MY]::7A7E,322.5,0.0,649.0
4115.65,pcdu_attach,PANEL_MY,14.5001,23274,325.0,0.0,645.0,Rect[PANEL_MY]::7A7E,322.5,0.0,649.0
4176.17,pcdu_attach,PANEL_MY,14.5444,23274,325.0,0.0,645.0,Rect[PANEL_MY]::7A7E,322.5,0.0,649.0
4236.69,pcdu_attach,PANEL_MY,14.5939,23274,325.0,0.0,645.0,Rect[PANEL_MY]::7A7E,322.5,0.0,649.0
4297.22,pcdu_attach,PANEL_MY,14.6499,23274,325.0,0.0,645.0,Rect[PANEL_MY]::7A7E,322.5,0.0,649.0
4357.74,pcdu_attach,PANEL_MY,14.7118,23274,325.0,0.0,645.0,Rect[PANEL_MY]::7A7E,322.5,0.0,649.0
4418.27,pcdu_attach,PANEL_MY,14.7793,23274,325.0,0.0,645.0,Rect[PANEL_MY]::7A7E,322.5,0.0,649.0
4478.79,pcdu_attach,PANEL_MY,14.8522,23274,325.0,0.0,645.0,Rect[PANEL_MY]::7A7E,322.5,0.0,649.0
4539.31,pcdu_attach,PANEL_MY,14.9304,23274,325.0,0.0,645.0,Rect[PANEL_MY]::7A7E,322.5,0.0,649.0
4599.84,pcdu_attach,PANEL_MY,15.0131,23274,325.0,0.0,645.0,Rect[PANEL_MY]::7A7E,322.5,0.0,649.0
4660.36,pcdu_attach,PANEL_MY,15.0999,23274,325.0,0.0,645.0,Rect[PANEL_MY]::7A7E,322.5,0.0,649.0
4720.89,pcdu_attach,PANEL_MY,15.1904,23274,325.0,0.0,645.0,Rect[PANEL_MY]::7A7E,322.5,0.0,649.0
4781.41,pcdu_attach,PANEL_MY,15.2846,23274,325.0,0.0,645.0,Rect[PANEL_MY]::7A7E,322.5,0.0,649.0
4841.94,pcdu_attach,PANEL_MY,15.3824,23274,325.0,0.0,645.0,Rect[PANEL_MY]::7A7E,322.5,0.0,649.0
4902.46,pcdu_attach,PANEL_MY,15.4833,23274,325.0,0.0,645.0,Rect[PANEL_MY]::7A7E,322.5,0.0,649.0
4962.98,pcdu_attach,PANEL_MY,15.5838,23274,325.0,0.0,645.0,Rect[PANEL_MY]::7A7E,322.5,0.0,649.0
5023.51,pcdu_attach,PANEL_MY,15.6838,23274,325.0,0.0,645.0,Rect[PANEL_MY]::7A7E,322.5,0.0,649.0
5084.03,pcdu_attach,PANEL_MY,15.7831,23274,325.0,0.0,645.0,Rect[PANEL_MY]::7A7E,322.5,0.0,649.0
5144.56,pcdu_attach,PANEL_MY,15.88,23274,325.0,0.0,645.0,Rect[PANEL_MY]::7A7E,322.5,0.0,649.0
5205.08,pcdu_attach,PANEL_MY,15.9744,23274,325.0,0.0,645.0,Rect[PANEL_MY]::7A7E,322.5,0.0,649.0
5265.61,pcdu_attach,PANEL_MY,16.0653,23274,325.0,0.0,645.0,Rect[PANEL_MY]::7A7E,322.5,0.0,649.0
5326.13,pcdu_attach,PANEL_MY,16.1508,23274,325.0,0.0,645.0,Rect[PANEL_MY]::7A7E,322.5,0.0,649.0
5386.65,pcdu_attach,PANEL_MY,16.2313,23274,325.0,0.0,645.0,Rect[PANEL_MY]::7A7E,322.5,0.0,649.0
5447.18,pcdu_attach,PANEL_MY,16.305,23274,325.0,0.0,645.0,Rect[PANEL_MY]::7A7E,322.5,0.0,649.0
5507.7,pcdu_attach,PANEL_MY,16.371,23274,325.0,0.0,645.0,Rect[PANEL_MY]::7A7E,322.5,0.0,649.0
5568.23,pcdu_attach,PANEL_MY,16.4298,23274,325.0,0.0,645.0,Rect[PANEL_MY]::7A7E,322.5,0.0,649.0
5628.75,pcdu_attach,PANEL_MY,16.48,23274,325.0,0.0,645.0,Rect[PANEL_MY]::7A7E,322.5,0.0,649.0
5689.27,pcdu_attach,PANEL_MY,16.5215,23274,325.0,0.0,645.0,Rect[PANEL_MY]::7A7E,322.5,0.0,649.0
5749.8,pcdu_attach,PANEL_MY,16.5543,23274,325.0,0.0,645.0,Rect[PANEL_MY]::7A7E,322.5,0.0,649.0
5810.32,pcdu_attach,PANEL_MY,16.5775,23274,325.0,0.0,645.0,Rect[PANEL_MY]::7A7E,322.5,0.0,649.0
5870.85,pcdu_attach,PANEL_MY,16.5918,23274,325.0,0.0,645.0,Rect[PANEL_MY]::7A7E,322.5,0.0,649.0
5931.37,pcdu_attach,PANEL_MY,16.5978,23274,325.0,0.0,645.0,Rect[PANEL_MY]::7A7E,322.5,0.0,649.0
5991.9,pcdu_attach,PANEL_MY,16.5968,23274,325.0,0.0,645.0,Rect[PANEL_MY]::7A7E,322.5,0.0,649.0
6052.42,pcdu_attach,PANEL_MY,16.5887,23274,325.0,0.0,645.0,Rect[PANEL_MY]::7A7E,322.5,0.0,649.0
6112.94,pcdu_attach,PANEL_MY,16.575,23274,325.0,0.0,645.0,Rect[PANEL_MY]::7A7E,322.5,0.0,649.0
6173.47,pcdu_attach,PANEL_MY,16.5571,23274,325.0,0.0,645.0,Rect[PANEL_MY]::7A7E,322.5,0.0,649.0
6233.99,pcdu_attach,PANEL_MY,16.5354,23274,325.0,0.0,645.0,Rect[PANEL_MY]::7A7E,322.5,0.0,649.0
6294.52,pcdu_attach,PANEL_MY,16.5114,23274,325.0,0.0,645.0,Rect[PANEL_MY]::7A7E,322.5,0.0,649.0
6355.04,pcdu_attach,PANEL_MY,16.4861,23274,325.0,0.0,645.0,Rect[PANEL_MY]::7A7E,322.5,0.0,649.0
6415.57,pcdu_attach,PANEL_MY,16.4594,23274,325.0,0.0,645.0,Rect[PANEL_MY]::7A7E,322.5,0.0,649.0
6476.09,pcdu_attach,PANEL_MY,16.4323,23274,325.0,0.0,645.0,Rect[PANEL_MY]::7A7E,322.5,0.0,649.0
6536.61,pcdu_attach,PANEL_MY,16.405,23274,325.0,0.0,645.0,Rect[PANEL_MY]::7A7E,322.5,0.0,649.0
6597.14,pcdu_attach,PANEL_MY,16.3778,23274,325.0,0.0,645.0,Rect[PANEL_MY]::7A7E,322.5,0.0,649.0
6657.66,pcdu_attach,PANEL_MY,16.3524,23274,325.0,0.0,645.0,Rect[PANEL_MY]::7A7E,322.5,0.0,649.0
6718.19,pcdu_attach,PANEL_MY,16.3285,23274,325.0,0.0,645.0,Rect[PANEL_MY]::7A7E,322.5,0.0,649.0
6778.71,pcdu_attach,PANEL_MY,16.3065,23274,325.0,0.0,645.0,Rect[PANEL_MY]::7A7E,322.5,0.0,649.0
6839.23,pcdu_attach,PANEL_MY,16.2869,23274,325.0,0.0,645.0,Rect[PANEL_MY]::7A7E,322.5,0.0,649.0
6899.76,pcdu_attach,PANEL_MY,16.2699,23274,325.0,0.0,645.0,Rect[PANEL_MY]::7A7E,322.5,0.0,649.0
6960.28,pcdu_attach,PANEL_MY,16.2561,23274,325.0,0.0,645.0,Rect[PANEL_MY]::7A7E,322.5,0.0,649.0
7020.81,pcdu_attach,PANEL_MY,16.2459,23274,325.0,0.0,645.0,Rect[PANEL_MY]::7A7E,322.5,0.0,649.0
7081.33,pcdu_attach,PANEL_MY,16.239,23274,325.0,0.0,645.0,Rect[PANEL_MY]::7A7E,322.5,0.0,649.0
7141.86,pcdu_attach,PANEL_MY,16.2336,23274,325.0,0.0,645.0,Rect[PANEL_MY]::7A7E,322.5,0.0,649.0
7202.38,pcdu_attach,PANEL_MY,16.2252,23274,325.0,0.0,645.0,Rect[PANEL_MY]::7A7E,322.5,0.0,649.0
7262.9,pcdu_attach,PANEL_MY,16.2126,23274,325.0,0.0,645.0,Rect[PANEL_MY]::7A7E,322.5,0.0,649.0
7323.43,pcdu_attach,PANEL_MY,16.1952,23274,325.0,0.0,645.0,Rect[PANEL_MY]::7A7E,322.5,0.0,649.0
7383.95,pcdu_attach,PANEL_MY,16.1722,23274,325.0,0.0,645.0,Rect[PANEL_MY]::7A7E,322.5,0.0,649.0
7444.48,pcdu_attach,PANEL_MY,16.143,23274,325.0,0.0,645.0,Rect[PANEL_MY]::7A7E,322.5,0.0,649.0
7505.0,pcdu_attach,PANEL_MY,16.1076,23274,325.0,0.0,645.0,Rect[PANEL_MY]::7A7E,322.5,0.0,649.0
7565.52,pcdu_attach,PANEL_MY,16.0659,23274,325.0,0.0,645.0,Rect[PANEL_MY]::7A7E,322.5,0.0,649.0
7626.05,pcdu_attach,PANEL_MY,16.0187,23274,325.0,0.0,645.0,Rect[PANEL_MY]::7A7E,322.5,0.0,649.0
7686.57,pcdu_attach,PANEL_MY,15.9665,23274,325.0,0.0,645.0,Rect[PANEL_MY]::7A7E,322.5,0.0,649.0
7747.1,pcdu_attach,PANEL_MY,15.9098,23274,325.0,0.0,645.0,Rect[PANEL_MY]::7A7E,322.5,0.0,649.0
7807.62,pcdu_attach,PANEL_MY,15.8484,23274,325.0,0.0,645.0,Rect[PANEL_MY]::7A7E,322.5,0.0,649.0
7868.15,pcdu_attach,PANEL_MY,15.7825,23274,325.0,0.0,645.0,Rect[PANEL_MY]::7A7E,322.5,0.0,649.0
7928.67,pcdu_attach,PANEL_MY,15.7127,23274,325.0,0.0,645.0,Rect[PANEL_MY]::7A7E,322.5,0.0,649.0
7989.19,pcdu_attach,PANEL_MY,15.6385,23274,325.0,0.0,645.0,Rect[PANEL_MY]::7A7E,322.5,0.0,649.0
8049.72,pcdu_attach,PANEL_MY,15.5603,23274,325.0,0.0,645.0,Rect[PANEL_MY]::7A7E,322.5,0.0,649.0
8110.24,pcdu_attach,PANEL_MY,15.4783,23274,325.0,0.0,645.0,Rect[PANEL_MY]::7A7E,322.5,0.0,649.0
8170.77,pcdu_attach,PANEL_MY,15.395,23274,325.0,0.0,645.0,Rect[PANEL_MY]::7A7E,322.5,0.0,649.0
8231.29,pcdu_attach,PANEL_MY,15.3143,23274,325.0,0.0,645.0,Rect[PANEL_MY]::7A7E,322.5,0.0,649.0
8291.82,pcdu_attach,PANEL_MY,15.2376,23274,325.0,0.0,645.0,Rect[PANEL_MY]::7A7E,322.5,0.0,649.0
8352.34,pcdu_attach,PANEL_MY,15.1659,23274,325.0,0.0,645.0,Rect[PANEL_MY]::7A7E,322.5,0.0,649.0
8412.86,pcdu_attach,PANEL_MY,15.1005,23274,325.0,0.0,645.0,Rect[PANEL_MY]::7A7E,322.5,0.0,649.0
8473.39,pcdu_attach,PANEL_MY,15.0407,23274,325.0,0.0,645.0,Rect[PANEL_MY]::7A7E,322.5,0.0,649.0
8533.91,pcdu_attach,PANEL_MY,14.986,23274,325.0,0.0,645.0,Rect[PANEL_MY]::7A7E,322.5,0.0,649.0
8594.44,pcdu_attach,PANEL_MY,14.9367,23274,325.0,0.0,645.0,Rect[PANEL_MY]::7A7E,322.5,0.0,649.0
8654.96,pcdu_attach,PANEL_MY,14.8915,23274,325.0,0.0,645.0,Rect[PANEL_MY]::7A7E,322.5,0.0,649.0
8715.48,pcdu_attach,PANEL_MY,14.8501,23274,325.0,0.0,645.0,Rect[PANEL_MY]::7A7E,322.5,0.0,649.0
8776.01,pcdu_attach,PANEL_MY,14.8122,23274,325.0,0.0,645.0,Rect[PANEL_MY]::7A7E,322.5,0.0,649.0
8836.53,pcdu_attach,PANEL_MY,14.7773,23274,325.0,0.0,645.0,Rect[PANEL_MY]::7A7E,322.5,0.0,649.0
8897.06,pcdu_attach,PANEL_MY,14.745,23274,325.0,0.0,645.0,Rect[PANEL_MY]::7A7E,322.5,0.0,649.0
8957.58,pcdu_attach,PANEL_MY,14.7148,23274,325.0,0.0,645.0,Rect[PANEL_MY]::7A7E,322.5,0.0,649.0
9018.11,pcdu_attach,PANEL_MY,14.6861,23274,325.0,0.0,645.0,Rect[PANEL_MY]::7A7E,322.5,0.0,649.0
9078.63,pcdu_attach,PANEL_MY,14.6589,23274,325.0,0.0,645.0,Rect[PANEL_MY]::7A7E,322.5,0.0,649.0
9139.15,pcdu_attach,PANEL_MY,14.6338,23274,325.0,0.0,645.0,Rect[PANEL_MY]::7A7E,322.5,0.0,649.0
9199.68,pcdu_attach,PANEL_MY,14.6113,23274,325.0,0.0,645.0,Rect[PANEL_MY]::7A7E,322.5,0.0,649.0
9260.2,pcdu_attach,PANEL_MY,14.5911,23274,325.0,0.0,645.0,Rect[PANEL_MY]::7A7E,322.5,0.0,649.0
9320.73,pcdu_attach,PANEL_MY,14.5728,23274,325.0,0.0,645.0,Rect[PANEL_MY]::7A7E,322.5,0.0,649.0
9381.25,pcdu_attach,PANEL_MY,14.5565,23274,325.0,0.0,645.0,Rect[PANEL_MY]::7A7E,322.5,0.0,649.0
9441.78,pcdu_attach,PANEL_MY,14.5421,23274,325.0,0.0,645.0,Rect[PANEL_MY]::7A7E,322.5,0.0,649.0
9502.3,pcdu_attach,PANEL_MY,14.5312,23274,325.0,0.0,645.0,Rect[PANEL_MY]::7A7E,322.5,0.0,649.0
9562.82,pcdu_attach,PANEL_MY,14.5233,23274,325.0,0.0,645.0,Rect[PANEL_MY]::7A7E,322.5,0.0,649.0
9623.35,pcdu_attach,PANEL_MY,14.5187,23274,325.0,0.0,645.0,Rect[PANEL_MY]::7A7E,322.5,0.0,649.0
9683.87,pcdu_attach,PANEL_MY,14.5184,23274,325.0,0.0,645.0,Rect[PANEL_MY]::7A7E,322.5,0.0,649.0
9744.4,pcdu_attach,PANEL_MY,14.522,23274,325.0,0.0,645.0,Rect[PANEL_MY]::7A7E,322.5,0.0,649.0
9804.92,pcdu_attach,PANEL_MY,14.5295,23274,325.0,0.0,645.0,Rect[PANEL_MY]::7A7E,322.5,0.0,649.0
9865.44,pcdu_attach,PANEL_MY,14.5414,23274,325.0,0.0,645.0,Rect[PANEL_MY]::7A7E,322.5,0.0,649.0
9925.97,pcdu_attach,PANEL_MY,14.5577,23274,325.0,0.0,645.0,Rect[PANEL_MY]::7A7E,322.5,0.0,649.0
9986.49,pcdu_attach,PANEL_MY,14.5791,23274,325.0,0.0,645.0,Rect[PANEL_MY]::7A7E,322.5,0.0,649.0
10047.0,pcdu_attach,PANEL_MY,14.6059,23274,325.0,0.0,645.0,Rect[PANEL_MY]::7A7E,322.5,0.0,649.0
10107.5,pcdu_attach,PANEL_MY,14.6379,23274,325.0,0.0,645.0,Rect[PANEL_MY]::7A7E,322.5,0.0,649.0
10168.1,pcdu_attach,PANEL_MY,14.6754,23274,325.0,0.0,645.0,Rect[PANEL_MY]::7A7E,322.5,0.0,649.0
10228.6,pcdu_attach,PANEL_MY,14.7182,23274,325.0,0.0,645.0,Rect[PANEL_MY]::7A7E,322.5,0.0,649.0
10289.1,pcdu_attach,PANEL_MY,14.7662,23274,325.0,0.0,645.0,Rect[PANEL_MY]::7A7E,322.5,0.0,649.0
10349.6,pcdu_attach,PANEL_MY,14.8207,23274,325.0,0.0,645.0,Rect[PANEL_MY]::7A7E,322.5,0.0,649.0
10410.2,pcdu_attach,PANEL_MY,14.8812,23274,325.0,0.0,645.0,Rect[PANEL_MY]::7A7E,322.5,0.0,649.0
10470.7,pcdu_attach,PANEL_MY,14.9474,23274,325.0,0.0,645.0,Rect[PANEL_MY]::7A7E,322.5,0.0,649.0
10531.2,pcdu_attach,PANEL_MY,15.0189,23274,325.0,0.0,645.0,Rect[PANEL_MY]::7A7E,322.5,0.0,649.0
10591.7,pcdu_attach,PANEL_MY,15.0957,23274,325.0,0.0,645.0,Rect[PANEL_MY]::7A7E,322.5,0.0,649.0
10652.3,pcdu_attach,PANEL_MY,15.1772,23274,325.0,0.0,645.0,Rect[PANEL_MY]::7A7E,322.5,0.0,649.0
10712.8,pcdu_attach,PANEL_MY,15.2626,23274,325.0,0.0,645.0,Rect[PANEL_MY]::7A7E,322.5,0.0,649.0
10773.3,pcdu_attach,PANEL_MY,15.3518,23274,325.0,0.0,645.0,Rect[PANEL_MY]::7A7E,322.5,0.0,649.0
10833.8,pcdu_attach,PANEL_MY,15.4449,23274,325.0,0.0,645.0,Rect[PANEL_MY]::7A7E,322.5,0.0,649.0
10894.4,pcdu_attach,PANEL_MY,15.5414,23274,325.0,0.0,645.0,Rect[PANEL_MY]::7A7E,322.5,0.0,649.0
10954.9,pcdu_attach,PANEL_MY,15.6411,23274,325.0,0.0,645.0,Rect[PANEL_MY]::7A7E,322.5,0.0,649.0
11015.4,pcdu_attach,PANEL_MY,15.7404,23274,325.0,0.0,645.0,Rect[PANEL_MY]::7A7E,322.5,0.0,649.0
11075.9,pcdu_attach,PANEL_MY,15.8393,23274,325.0,0.0,645.0,Rect[PANEL_MY]::7A7E,322.5,0.0,649.0
11136.5,pcdu_attach,PANEL_MY,15.9375,23274,325.0,0.0,645.0,Rect[PANEL_MY]::7A7E,322.5,0.0,649.0
11197.0,pcdu_attach,PANEL_MY,16.0333,23274,325.0,0.0,645.0,Rect[PANEL_MY]::7A7E,322.5,0.0,649.0
11257.5,pcdu_attach,PANEL_MY,16.1266,23274,325.0,0.0,645.0,Rect[PANEL_MY]::7A7E,322.5,0.0,649.0
11318.0,pcdu_attach,PANEL_MY,16.2164,23274,325.0,0.0,645.0,Rect[PANEL_MY]::7A7E,322.5,0.0,649.0
11378.5,pcdu_attach,PANEL_MY,16.3009,23274,325.0,0.0,645.0,Rect[PANEL_MY]::7A7E,322.5,0.0,649.0
11439.1,pcdu_attach,PANEL_MY,16.3804,23274,325.0,0.0,645.0,Rect[PANEL_MY]::7A7E,322.5,0.0,649.0
11499.6,pcdu_attach,PANEL_MY,16.453,23274,325.0,0.0,645.0,Rect[PANEL_MY]::7A7E,322.5,0.0,649.0
11560.1,pcdu_attach,PANEL_MY,16.518,23274,325.0,0.0,645.0,Rect[PANEL_MY]::7A7E,322.5,0.0,649.0
11620.6,pcdu_attach,PANEL_MY,16.5759,23274,325.0,0.0,645.0,Rect[PANEL_MY]::7A7E,322.5,0.0,649.0
11681.2,pcdu_attach,PANEL_MY,16.6251,23274,325.0,0.0,645.0,Rect[PANEL_MY]::7A7E,322.5,0.0,649.0
11741.7,pcdu_attach,PANEL_MY,16.6656,23274,325.0,0.0,645.0,Rect[PANEL_MY]::7A7E,322.5,0.0,649.0
11802.2,pcdu_attach,PANEL_MY,16.6975,23274,325.0,0.0,645.0,Rect[PANEL_MY]::7A7E,322.5,0.0,649.0
11862.7,pcdu_attach,PANEL_MY,16.7198,23274,325.0,0.0,645.0,Rect[PANEL_MY]::7A7E,322.5,0.0,649.0
11923.3,pcdu_attach,PANEL_MY,16.7332,23274,325.0,0.0,645.0,Rect[PANEL_MY]::7A7E,322.5,0.0,649.0
11983.8,pcdu_attach,PANEL_MY,16.7384,23274,325.0,0.0,645.0,Rect[PANEL_MY]::7A7E,322.5,0.0,649.0
12044.3,pcdu_attach,PANEL_MY,16.7364,23274,325.0,0.0,645.0,Rect[PANEL_MY]::7A7E,322.5,0.0,649.0
12104.8,pcdu_attach,PANEL_MY,16.7275,23274,325.0,0.0,645.0,Rect[PANEL_MY]::7A7E,322.5,0.0,649.0
12165.4,pcdu_attach,PANEL_MY,16.713,23274,325.0,0.0,645.0,Rect[PANEL_MY]::7A7E,322.5,0.0,649.0
12225.9,pcdu_attach,PANEL_MY,16.6943,23274,325.0,0.0,645.0,Rect[PANEL_MY]::7A7E,322.5,0.0,649.0
12286.4,pcdu_attach,PANEL_MY,16.6717,23274,325.0,0.0,645.0,Rect[PANEL_MY]::7A7E,322.5,0.0,649.0
12346.9,pcdu_attach,PANEL_MY,16.647,23274,325.0,0.0,645.0,Rect[PANEL_MY]::7A7E,322.5,0.0,649.0
12407.5,pcdu_attach,PANEL_MY,16.6209,23274,325.0,0.0,645.0,Rect[PANEL_MY]::7A7E,322.5,0.0,649.0
12468.0,pcdu_attach,PANEL_MY,16.5935,23274,325.0,0.0,645.0,Rect[PANEL_MY]::7A7E,322.5,0.0,649.0
12528.5,pcdu_attach,PANEL_MY,16.5656,23274,325.0,0.0,645.0,Rect[PANEL_MY]::7A7E,322.5,0.0,649.0
12589.0,pcdu_attach,PANEL_MY,16.5376,23274,325.0,0.0,645.0,Rect[PANEL_MY]::7A7E,322.5,0.0,649.0
12649.6,pcdu_attach,PANEL_MY,16.5096,23274,325.0,0.0,645.0,Rect[PANEL_MY]::7A7E,322.5,0.0,649.0
12710.1,pcdu_attach,PANEL_MY,16.4835,23274,325.0,0.0,645.0,Rect[PANEL_MY]::7A7E,322.5,0.0,649.0
12770.6,pcdu_attach,PANEL_MY,16.4589,23274,325.0,0.0,645.0,Rect[PANEL_MY]::7A7E,322.5,0.0,649.0
12831.1,pcdu_attach,PANEL_MY,16.4362,23274,325.0,0.0,645.0,Rect[PANEL_MY]::7A7E,322.5,0.0,649.0
12891.7,pcdu_attach,PANEL_MY,16.4159,23274,325.0,0.0,645.0,Rect[PANEL_MY]::7A7E,322.5,0.0,649.0
12952.2,pcdu_attach,PANEL_MY,16.3983,23274,325.0,0.0,645.0,Rect[PANEL_MY]::7A7E,322.5,0.0,649.0
13012.7,pcdu_attach,PANEL_MY,16.3838,23274,325.0,0.0,645.0,Rect[PANEL_MY]::7A7E,322.5,0.0,649.0
13073.2,pcdu_attach,PANEL_MY,16.373,23274,325.0,0.0,645.0,Rect[PANEL_MY]::7A7E,322.5,0.0,649.0
13133.8,pcdu_attach,PANEL_MY,16.3654,23274,325.0,0.0,645.0,Rect[PANEL_MY]::7A7E,322.5,0.0,649.0
13194.3,pcdu_attach,PANEL_MY,16.3594,23274,325.0,0.0,645.0,Rect[PANEL_MY]::7A7E,322.5,0.0,649.0
13254.8,pcdu_attach,PANEL_MY,16.3503,23274,325.0,0.0,645.0,Rect[PANEL_MY]::7A7E,322.5,0.0,649.0
13315.3,pcdu_attach,PANEL_MY,16.337,23274,325.0,0.0,645.0,Rect[PANEL_MY]::7A7E,322.5,0.0,649.0
13375.8,pcdu_attach,PANEL_MY,16.319,23274,325.0,0.0,645.0,Rect[PANEL_MY]::7A7E,322.5,0.0,649.0
13436.4,pcdu_attach,PANEL_MY,16.2954,23274,325.0,0.0,645.0,Rect[PANEL_MY]::7A7E,322.5,0.0,649.0
13496.9,pcdu_attach,PANEL_MY,16.2655,23274,325.0,0.0,645.0,Rect[PANEL_MY]::7A7E,322.5,0.0,649.0
13557.4,pcdu_attach,PANEL_MY,16.2295,23274,325.0,0.0,645.0,Rect[PANEL_MY]::7A7E,322.5,0.0,649.0
13617.9,pcdu_attach,PANEL_MY,16.1872,23274,325.0,0.0,645.0,Rect[PANEL_MY]::7A7E,322.5,0.0,649.0
13678.5,pcdu_attach,PANEL_MY,16.1393,23274,325.0,0.0,645.0,Rect[PANEL_MY]::7A7E,322.5,0.0,649.0
13739.0,pcdu_attach,PANEL_MY,16.0865,23274,325.0,0.0,645.0,Rect[PANEL_MY]::7A7E,322.5,0.0,649.0
13799.5,pcdu_attach,PANEL_MY,16.0292,23274,325.0,0.0,645.0,Rect[PANEL_MY]::7A7E,322.5,0.0,649.0
13860.0,pcdu_attach,PANEL_MY,15.9671,23274,325.0,0.0,645.0,Rect[PANEL_MY]::7A7E,322.5,0.0,649.0
13920.6,pcdu_attach,PANEL_MY,15.9007,23274,325.0,0.0,645.0,Rect[PANEL_MY]::7A7E,322.5,0.0,649.0
13981.1,pcdu_attach,PANEL_MY,15.8302,23274,325.0,0.0,645.0,Rect[PANEL_MY]::7A7E,322.5,0.0,649.0
14041.6,pcdu_attach,PANEL_MY,15.7554,23274,325.0,0.0,645.0,Rect[PANEL_MY]::7A7E,322.5,0.0,649.0
14102.1,pcdu_attach,PANEL_MY,15.6767,23274,325.0,0.0,645.0,Rect[PANEL_MY]::7A7E,322.5,0.0,649.0
14162.7,pcdu_attach,PANEL_MY,15.5941,23274,325.0,0.0,645.0,Rect[PANEL_MY]::7A7E,322.5,0.0,649.0
14223.2,pcdu_attach,PANEL_MY,15.5102,23274,325.0,0.0,645.0,Rect[PANEL_MY]::7A7E,322.5,0.0,649.0
14283.7,pcdu_attach,PANEL_MY,15.429,23274,325.0,0.0,645.0,Rect[PANEL_MY]::7A7E,322.5,0.0,649.0
14344.2,pcdu_attach,PANEL_MY,15.3517,23274,325.0,0.0,645.0,Rect[PANEL_MY]::7A7E,322.5,0.0,649.0
14404.8,pcdu_attach,PANEL_MY,15.2795,23274,325.0,0.0,645.0,Rect[PANEL_MY]::7A7E,322.5,0.0,649.0
14465.3,pcdu_attach,PANEL_MY,15.2135,23274,325.0,0.0,645.0,Rect[PANEL_MY]::7A7E,322.5,0.0,649.0
14525.8,pcdu_attach,PANEL_MY,15.1532,23274,325.0,0.0,645.0,Rect[PANEL_MY]::7A7E,322.5,0.0,649.0
14586.3,pcdu_attach,PANEL_MY,15.098,23274,325.0,0.0,645.0,Rect[PANEL_MY]::7A7E,322.5,0.0,649.0
14646.9,pcdu_attach,PANEL_MY,15.0482,23274,325.0,0.0,645.0,Rect[PANEL_MY]::7A7E,322.5,0.0,649.0
14707.4,pcdu_attach,PANEL_MY,15.0025,23274,325.0,0.0,645.0,Rect[PANEL_MY]::7A7E,322.5,0.0,649.0
14767.9,pcdu_attach,PANEL_MY,14.9606,23274,325.0,0.0,645.0,Rect[PANEL_MY]::7A7E,322.5,0.0,649.0
14828.4,pcdu_attach,PANEL_MY,14.9222,23274,325.0,0.0,645.0,Rect[PANEL_MY]::7A7E,322.5,0.0,649.0
14889.0,pcdu_attach,PANEL_MY,14.8868,23274,325.0,0.0,645.0,Rect[PANEL_MY]::7A7E,322.5,0.0,649.0
14949.5,pcdu_attach,PANEL_MY,14.854,23274,325.0,0.0,645.0,Rect[PANEL_MY]::7A7E,322.5,0.0,649.0
15010.0,pcdu_attach,PANEL_MY,14.8233,23274,325.0,0.0,645.0,Rect[PANEL_MY]::7A7E,322.5,0.0,649.0
15070.5,pcdu_attach,PANEL_MY,14.7942,23274,325.0,0.0,645.0,Rect[PANEL_MY]::7A7E,322.5,0.0,649.0
15131.0,pcdu_attach,PANEL_MY,14.7665,23274,325.0,0.0,645.0,Rect[PANEL_MY]::7A7E,322.5,0.0,649.0
15191.6,pcdu_attach,PANEL_MY,14.7409,23274,325.0,0.0,645.0,Rect[PANEL_MY]::7A7E,322.5,0.0,649.0
15252.1,pcdu_attach,PANEL_MY,14.718,23274,325.0,0.0,645.0,Rect[PANEL_MY]::7A7E,322.5,0.0,649.0
15312.6,pcdu_attach,PANEL_MY,14.6974,23274,325.0,0.0,645.0,Rect[PANEL_MY]::7A7E,322.5,0.0,649.0
15373.1,pcdu_attach,PANEL_MY,14.6786,23274,325.0,0.0,645.0,Rect[PANEL_MY]::7A7E,322.5,0.0,649.0
15433.7,pcdu_attach,PANEL_MY,14.6618,23274,325.0,0.0,645.0,Rect[PANEL_MY]::7A7E,322.5,0.0,649.0
15494.2,pcdu_attach,PANEL_MY,14.647,23274,325.0,0.0,645.0,Rect[PANEL_MY]::7A7E,322.5,0.0,649.0
15554.7,pcdu_attach,PANEL_MY,14.6356,23274,325.0,0.0,645.0,Rect[PANEL_MY]::7A7E,322.5,0.0,649.0
15615.2,pcdu_attach,PANEL_MY,14.6273,23274,325.0,0.0,645.0,Rect[PANEL_MY]::7A7E,322.5,0.0,649.0
15675.8,pcdu_attach,PANEL_MY,14.6222,23274,325.0,0.0,645.0,Rect[PANEL_MY]::7A7E,322.5,0.0,649.0
15736.3,pcdu_attach,PANEL_MY,14.6215,23274,325.0,0.0,645.0,Rect[PANEL_MY]::7A7E,322.5,0.0,649.0
15796.8,pcdu_attach,PANEL_MY,14.6246,23274,325.0,0.0,645.0,Rect[PANEL_MY]::7A7E,322.5,0.0,649.0
15857.3,pcdu_attach,PANEL_MY,14.6317,23274,325.0,0.0,645.0,Rect[PANEL_MY]::7A7E,322.5,0.0,649.0
15917.9,pcdu_attach,PANEL_MY,14.6432,23274,325.0,0.0,645.0,Rect[PANEL_MY]::7A7E,322.5,0.0,649.0
15978.4,pcdu_attach,PANEL_MY,14.659,23274,325.0,0.0,645.0,Rect[PANEL_MY]::7A7E,322.5,0.0,649.0
16038.9,pcdu_attach,PANEL_MY,14.68,23274,325.0,0.0,645.0,Rect[PANEL_MY]::7A7E,322.5,0.0,649.0
16099.4,pcdu_attach,PANEL_MY,14.7064,23274,325.0,0.0,645.0,Rect[PANEL_MY]::7A7E,322.5,0.0,649.0
16160.0,pcdu_attach,PANEL_MY,14.7379,23274,325.0,0.0,645.0,Rect[PANEL_MY]::7A7E,322.5,0.0,649.0
16220.5,pcdu_attach,PANEL_MY,14.775,23274,325.0,0.0,645.0,Rect[PANEL_MY]::7A7E,322.5,0.0,649.0
16281.0,pcdu_attach,PANEL_MY,14.8173,23274,325.0,0.0,645.0,Rect[PANEL_MY]::7A7E,322.5,0.0,649.0
16341.5,pcdu_attach,PANEL_MY,14.8649,23274,325.0,0.0,645.0,Rect[PANEL_MY]::7A7E,322.5,0.0,649.0
16402.1,pcdu_attach,PANEL_MY,14.919,23274,325.0,0.0,645.0,Rect[PANEL_MY]::7A7E,322.5,0.0,649.0
16462.6,pcdu_attach,PANEL_MY,14.9791,23274,325.0,0.0,645.0,Rect[PANEL_MY]::7A7E,322.5,0.0,649.0
16523.1,pcdu_attach,PANEL_MY,15.0447,23274,325.0,0.0,645.0,Rect[PANEL_MY]::7A7E,322.5,0.0,649.0
16583.6,pcdu_attach,PANEL_MY,15.1159,23274,325.0,0.0,645.0,Rect[PANEL_MY]::7A7E,322.5,0.0,649.0
16644.2,pcdu_attach,PANEL_MY,15.1922,23274,325.0,0.0,645.0,Rect[PANEL_MY]::7A7E,322.5,0.0,649.0
16704.7,pcdu_attach,PANEL_MY,15.2733,23274,325.0,0.0,645.0,Rect[PANEL_MY]::7A7E,322.5,0.0,649.0
16765.2,pcdu_attach,PANEL_MY,15.3583,23274,325.0,0.0,645.0,Rect[PANEL_MY]::7A7E,322.5,0.0,649.0
16825.7,pcdu_attach,PANEL_MY,15.4471,23274,325.0,0.0,645.0,Rect[PANEL_MY]::7A7E,322.5,0.0,649.0
16886.3,pcdu_attach,PANEL_MY,15.5397,23274,325.0,0.0,645.0,Rect[PANEL_MY]::7A7E,322.5,0.0,649.0
16946.8,pcdu_attach,PANEL_MY,15.6358,23274,325.0,0.0,645.0,Rect[PANEL_MY]::7A7E,322.5,0.0,649.0
17007.3,pcdu_attach,PANEL_MY,15.7351,23274,325.0,0.0,645.0,Rect[PANEL_MY]::7A7E,322.5,0.0,649.0
17067.8,pcdu_attach,PANEL_MY,15.8339,23274,325.0,0.0,645.0,Rect[PANEL_MY]::7A7E,322.5,0.0,649.0
17128.3,pcdu_attach,PANEL_MY,15.9324,23274,325.0,0.0,645.0,Rect[PANEL_MY]::7A7E,322.5,0.0,649.0
17188.9,pcdu_attach,PANEL_MY,16.0302,23274,325.0,0.0,645.0,Rect[PANEL_MY]::7A7E,322.5,0.0,649.0
17249.4,pcdu_attach,PANEL_MY,16.1255,23274,325.0,0.0,645.0,Rect[PANEL_MY]::7A7E,322.5,0.0,649.0
17309.9,pcdu_attach,PANEL_MY,16.2184,23274,325.0,0.0,645.0,Rect[PANEL_MY]::7A7E,322.5,0.0,649.0
17370.4,pcdu_attach,PANEL_MY,16.3077,23274,325.0,0.0,645.0,Rect[PANEL_MY]::7A7E,322.5,0.0,649.0
17431.0,pcdu_attach,PANEL_MY,16.3918,23274,325.0,0.0,645.0,Rect[PANEL_MY]::7A7E,322.5,0.0,649.0
17491.5,pcdu_attach,PANEL_MY,16.4709,23274,325.0,0.0,645.0,Rect[PANEL_MY]::7A7E,322.5,0.0,649.0
17552.0,pcdu_attach,PANEL_MY,16.5431,23274,325.0,0.0,645.0,Rect[PANEL_MY]::7A7E,322.5,0.0,649.0
17612.5,pcdu_attach,PANEL_MY,16.6077,23274,325.0,0.0,645.0,Rect[PANEL_MY]::7A7E,322.5,0.0,649.0
17673.1,pcdu_attach,PANEL_MY,16.6651,23274,325.0,0.0,645.0,Rect[PANEL_MY]::7A7E,322.5,0.0,649.0
17733.6,pcdu_attach,PANEL_MY,16.7139,23274,325.0,0.0,645.0,Rect[PANEL_MY]::7A7E,322.5,0.0,649.0
17794.1,pcdu_attach,PANEL_MY,16.754,23274,325.0,0.0,645.0,Rect[PANEL_MY]::7A7E,322.5,0.0,649.0
17854.6,pcdu_attach,PANEL_MY,16.7855,23274,325.0,0.0,645.0,Rect[PANEL_MY]::7A7E,322.5,0.0,649.0
17915.2,pcdu_attach,PANEL_MY,16.8074,23274,325.0,0.0,645.0,Rect[PANEL_MY]::7A7E,322.5,0.0,649.0
17975.7,pcdu_attach,PANEL_MY,16.8203,23274,325.0,0.0,645.0,Rect[PANEL_MY]::7A7E,322.5,0.0,649.0
18036.2,pcdu_attach,PANEL_MY,16.8251,23274,325.0,0.0,645.0,Rect[PANEL_MY]::7A7E,322.5,0.0,649.0
18096.7,pcdu_attach,PANEL_MY,16.8228,23274,325.0,0.0,645.0,Rect[PANEL_MY]::7A7E,322.5,0.0,649.0
18157.3,pcdu_attach,PANEL_MY,16.8134,23274,325.0,0.0,645.0,Rect[PANEL_MY]::7A7E,322.5,0.0,649.0
