case_id,time_s,split,sun_direction,dominant_axis,t_sunface_c,dtheta_x_true_urad,dtheta_y_true_urad,dtheta_x_pred_no_correction_urad,dtheta_y_pred_no_correction_urad,dtheta_x_pred_static_bias_urad,dtheta_y_pred_static_bias_urad,dtheta_x_pred_sunface_urad,dtheta_y_pred_sunface_urad,t_sunface_minus_ref_c,t_sunface_minus_opposite_c
14_LTAN06_800km_1213COLD_MY_STTLCT_PCDU_HEAT_MY_0p5,0.0,train,MY,y,102.241,13.338284169954555,252.90963381285343,0.0,0.0,12.474230838930394,224.90041269073868,12.474230838930394,261.14750039104047,78.34100000000001,9.031899999999993
14_LTAN06_800km_1213COLD_MY_STTLCT_PCDU_HEAT_MY_0p5,60.5,train,MY,y,102.73680167932828,12.753195908378943,266.428833703629,0.0,0.0,12.474230838930394,224.90041269073868,12.474230838930394,275.48359505883343,78.83680167932829,9.531100319872081
14_LTAN06_800km_1213COLD_MY_STTLCT_PCDU_HEAT_MY_0p5,121.0,train,MY,y,103.20362963330128,12.17152614614115,279.2321557469594,0.0,0.0,12.474230838930394,224.90041269073868,12.474230838930394,288.9144497779043,79.30362963330128,9.99772979191657
14_LTAN06_800km_1213COLD_MY_STTLCT_PCDU_HEAT_MY_0p5,181.5,train,MY,y,103.64546689797604,11.59486161195638,291.3338571920348,0.0,0.0,12.474230838930394,224.90041269073868,12.474230838930394,301.55865801617097,79.74546689797603,10.43597123998346
14_LTAN06_800km_1213COLD_MY_STTLCT_PCDU_HEAT_MY_0p5,242.0,train,MY,y,104.06233168660368,11.034608285746971,302.78524627266694,0.0,0.0,12.474230838930394,224.90041269073868,12.474230838930394,313.4266542918347,80.1623316866037,10.84634210395879
14_LTAN06_800km_1213COLD_MY_STTLCT_PCDU_HEAT_MY_0p5,302.5,train,MY,y,104.45621231247108,10.494928879564611,313.62575868235007,0.0,0.0,12.474230838930394,224.90041269073868,12.474230838930394,324.5776493446444,80.55621231247108,11.230930905095477
14_LTAN06_800km_1213COLD_MY_STTLCT_PCDU_HEAT_MY_0p5,363.0,train,MY,y,104.82910638754872,9.975112105434652,323.88702483249085,0.0,0.0,12.474230838930394,224.90041269073868,12.474230838930394,335.0770561919737,80.92910638754873,11.592134417751623
14_LTAN06_800km_1213COLD_MY_STTLCT_PCDU_HEAT_MY_0p5,423.5,train,MY,y,105.18301153261515,9.479617110094852,333.64112399848693,0.0,0.0,12.474230838930394,224.90041269073868,12.474230838930394,344.98039728839797,81.28301153261515,11.931851183001797
14_LTAN06_800km_1213COLD_MY_STTLCT_PCDU_HEAT_MY_0p5,484.0,train,MY,y,105.51792622883109,9.007022283300056,342.9203050460391,0.0,0.0,12.474230838930394,224.90041269073868,12.474230838930394,354.2955455334137,81.6179262288311,12.250478475010368
14_LTAN06_800km_1213COLD_MY_STTLCT_PCDU_HEAT_MY_0p5,544.5,train,MY,y,105.83784739937876,8.555976999925086,351.75546896804804,0.0,0.0,12.474230838930394,224.90041269073868,12.474230838930394,363.13951504204664,81.93784739937877,12.552113313726792
14_LTAN06_800km_1213COLD_MY_STTLCT_PCDU_HEAT_MY_0p5,605.0,train,MY,y,106.14278048377504,8.126827807846514,360.1839286925179,0.0,0.0,12.474230838930394,224.90041269073868,12.474230838930394,371.512472539569,82.24278048377505,12.83676165157624
14_LTAN06_800km_1213COLD_MY_STTLCT_PCDU_HEAT_MY_0p5,665.5,train,MY,y,106.43372106932787,7.718235003070582,368.2291964773375,0.0,0.0,12.474230838930394,224.90041269073868,12.474230838930394,379.44702278650465,82.53372106932787,13.105618197739759
14_LTAN06_800km_1213COLD_MY_STTLCT_PCDU_HEAT_MY_0p5,726.0,train,MY,y,106.71266317493888,7.32867056276931,375.907916077799,0.0,0.0,12.474230838930394,224.90041269073868,12.474230838930394,387.00056575331865,82.81266317493888,13.360677691494303
14_LTAN06_800km_1213COLD_MY_STTLCT_PCDU_HEAT_MY_0p5,786.5,train,MY,y,106.97961040892191,6.956559155748089,383.2331078224615,0.0,0.0,12.474230838930394,224.90041269073868,12.474230838930394,394.17716329096845,83.07961040892192,13.602143122676551
14_LTAN06_800km_1213COLD_MY_STTLCT_PCDU_HEAT_MY_0p5,847.0,train,MY,y,107.2355661225299,6.600492876098807,390.2276382271042,0.0,0.0,12.474230838930394,224.90041269073868,12.474230838930394,401.00766614519875,83.33556612252991,13.831117351794319
14_LTAN06_800km_1213COLD_MY_STTLCT_PCDU_HEAT_MY_0p5,907.5,train,MY,y,107.48152458528848,6.2588273432315535,396.89113440068,0.0,0.0,12.474230838930394,224.90041269073868,12.474230838930394,407.5187323154718,83.58152458528849,14.048496117242763
14_LTAN06_800km_1213COLD_MY_STTLCT_PCDU_HEAT_MY_0p5,968.0,train,MY,y,107.71749097878526,5.930512978831833,403.231752692797,0.0,0.0,12.474230838930394,224.90041269073868,12.474230838930394,413.71247308327645,83.81749097878526,14.254383442931697
14_LTAN06_800km_1213COLD_MY_STTLCT_PCDU_HEAT_MY_0p5,1028.5,train,MY,y,107.94446223749648,5.614811261714149,409.2712081987178,0.0,0.0,12.474230838930394,224.90041269073868,12.474230838930394,419.62152333998694,84.04446223749648,14.449974950018998
14_LTAN06_800km_1213COLD_MY_STTLCT_PCDU_HEAT_MY_0p5,1089.0,train,MY,y,105.09785511316704,7.589927956825198,331.6853433128651,0.0,0.0,12.474230838930394,224.90041269073868,12.474230838930394,337.3068494079006,81.19785511316704,11.583598314885208
14_LTAN06_800km_1213COLD_MY_STTLCT_PCDU_HEAT_MY_0p5,1149.5,train,MY,y,102.41935492399207,9.397555491903873,259.0383594119893,0.0,0.0,12.474230838930394,224.90041269073868,12.474230838930394,260.2926103340023,78.51935492399207,8.908626801057508
14_LTAN06_800km_1213COLD_MY_STTLCT_PCDU_HEAT_MY_0p5,1210.0,train,MY,y,99.91843132848643,11.038421815586718,191.10468974643987,0.0,0.0,12.474230838930394,224.90041269073868,12.474230838930394,188.79199479298182,76.01843132848643,6.431540978189034
14_LTAN06_800km_1213COLD_MY_STTLCT_PCDU_HEAT_MY_0p5,1270.5,train,MY,y,97.58327371551296,12.520876931831165,127.60283299885616,0.0,0.0,12.474230838930394,224.90041269073868,12.474230838930394,122.41727336308031,73.68327371551297,4.138120683958363
14_LTAN06_800km_1213COLD_MY_STTLCT_PCDU_HEAT_MY_0p5,1331.0,train,MY,y,95.4032859550562,13.85432695668468,68.26875955854891,0.0,0.0,12.474230838930394,224.90041269073868,12.474230838930394,60.81809320932746,71.50328595505621,2.0154824025116085
14_LTAN06_800km_1213COLD_MY_STTLCT_PCDU_HEAT_MY_0p5,1391.5,train,MY,y,93.36852240211464,15.049861959191578,12.82864672163902,0.0,0.0,12.474230838930394,224.90041269073868,12.474230838930394,3.672145145989873,69.46852240211464,0.05186276226663722
14_LTAN06_800km_1213COLD_MY_STTLCT_PCDU_HEAT_MY_0p5,1452.0,train,MY,y,91.4670174818242,16.11973198479936,-39.001913907563534,0.0,0.0,12.474230838930394,224.90041269073868,12.474230838930394,-49.39627107492316,67.5670174818242,-1.7662827495042848
14_LTAN06_800km_1213COLD_MY_STTLCT_PCDU_HEAT_MY_0p5,1512.5,train,MY,y,89.69030193292582,17.07463672647435,-87.46122622028477,0.0,0.0,12.474230838930394,224.90041269073868,12.474230838930394,-98.65721452361731,65.79030193292581,-3.4487493969932217
14_LTAN06_800km_1213COLD_MY_STTLCT_PCDU_HEAT_MY_0p5,1573.0,train,MY,y,88.02819585261072,17.92776640228305,-132.8010287456872,0.0,0.0,12.474230838930394,224.90041269073868,12.474230838930394,-144.43082107276632,64.12819585261073,-5.007085723727684
14_LTAN06_800km_1213COLD_MY_STTLCT_PCDU_HEAT_MY_0p5,1633.5,train,MY,y,86.47131505287508,18.690923464949257,-175.2566704930398,0.0,0.0,12.474230838930394,224.90041269073868,12.474230838930394,-187.00143955013283,62.571315052875086,-6.451395373430259
14_LTAN06_800km_1213COLD_MY_STTLCT_PCDU_HEAT_MY_0p5,1694.0,train,MY,y,85.01129841400959,19.37171583843456,-215.02030404684777,0.0,0.0,12.474230838930394,224.90041269073868,12.474230838930394,-226.62985943774393,61.11129841400959,-7.791055294895088
14_LTAN06_800km_1213COLD_MY_STTLCT_PCDU_HEAT_MY_0p5,1754.5,train,MY,y,83.63807723066756,19.97751874979584,-252.30558791361497,0.0,0.0,12.474230838930394,224.90041269073868,12.474230838930394,-263.6190373092396,59.738077230667564,-9.036798645076004
14_LTAN06_800km_1213COLD_MY_STTLCT_PCDU_HEAT_MY_0p5,1815.0,train,MY,y,82.34449737320338,20.51607127846125,-287.29151431132124,0.0,0.0,12.474230838930394,224.90041269073868,12.474230838930394,-298.1895339555183,58.44449737320338,-10.196518684949595
14_LTAN06_800km_1213COLD_MY_STTLCT_PCDU_HEAT_MY_0p5,1875.5,train,MY,y,81.12382144745538,20.99450864340817,-320.13130220444657,0.0,0.0,12.474230838930394,224.90041269073868,12.474230838930394,-330.5424047262029,57.223821447455386,-11.277313516192976
14_LTAN06_800km_1213COLD_MY_STTLCT_PCDU_HEAT_MY_0p5,1936.0,train,MY,y,79.96898750826173,21.42167061065876,-351.0040420386474,0.0,0.0,12.474230838930394,224.90041269073868,12.474230838930394,-360.89117986024473,56.068987508261735,-12.286763697951088
14_LTAN06_800km_1213COLD_MY_STTLCT_PCDU_HEAT_MY_0p5,1996.5,train,MY,y,78.87515365934247,21.802889946985665,-380.0417051643003,0.0,0.0,12.474230838930394,224.90041269073868,12.474230838930394,-389.38169430416826,54.975153659342475,-13.230038080290768
14_LTAN06_800km_1213COLD_MY_STTLCT_PCDU_HEAT_MY_0p5,2057.0,train,MY,y,77.83725733641772,22.14161490503989,-407.3798972781365,0.0,0.0,12.474230838930394,224.90041269073868,12.474230838930394,-416.1685561394395,53.93725733641772,-14.112648215465953
14_LTAN06_800km_1213COLD_MY_STTLCT_PCDU_HEAT_MY_0p5,2117.5,train,MY,y,79.90840125557575,20.1526399063471,-349.35626255064744,0.0,0.0,12.474230838930394,224.90041269073868,12.474230838930394,-353.60127386217226,56.008401255575755,-11.892293903849321
14_LTAN06_800km_1213COLD_MY_STTLCT_PCDU_HEAT_MY_0p5,2178.0,train,MY,y,81.9007742399207,18.295115814572647,-294.30928073182804,0.0,0.0,12.474230838930394,224.90041269073868,12.474230838930394,-293.61518125555995,58.000774239920695,-9.766540565102446
14_LTAN06_800km_1213COLD_MY_STTLCT_PCDU_HEAT_MY_0p5,2238.5,train,MY,y,83.77189114488684,16.577298860257333,-242.32502119126,0.0,0.0,12.474230838930394,224.90041269073868,12.474230838930394,-237.40911116898098,59.87189114488684,-7.776672278209148
14_LTAN06_800km_1213COLD_MY_STTLCT_PCDU_HEAT_MY_0p5,2299.0,train,MY,y,85.52319570389955,15.001651880793526,-193.415898762252,0.0,0.0,12.474230838930394,224.90041269073868,12.474230838930394,-184.91295297642824,61.62319570389955,-5.919806543291472
14_LTAN06_800km_1213COLD_MY_STTLCT_PCDU_HEAT_MY_0p5,2359.5,train,MY,y,87.15605789821547,13.564323458908031,-147.51925855677243,0.0,0.0,12.474230838930394,224.90041269073868,12.474230838930394,-136.0599352429811,63.25605789821547,-4.193195902181088
14_LTAN06_800km_1213COLD_MY_STTLCT_PCDU_HEAT_MY_0p5,2420.0,train,MY,y,88.67212195605485,12.258262706336522,-104.55622617568936,0.0,0.0,12.474230838930394,224.90041269073868,12.474230838930394,-90.78110875600873,64.77212195605486,-2.594106525689753
14_LTAN06_800km_1213COLD_MY_STTLCT_PCDU_HEAT_MY_0p5,2480.5,train,MY,y,90.07566249173829,11.075906543615451,-64.41892545361853,0.0,0.0,12.474230838930394,224.90041269073868,12.474230838930394,-48.93303030338183,66.17566249173828,-1.117234930601441
14_LTAN06_800km_1213COLD_MY_STTLCT_PCDU_HEAT_MY_0p5,2541.0,train,MY,y,91.37197439286304,10.009760104671663,-26.976230104456924,0.0,0.0,12.474230838930394,224.90041269073868,12.474230838930394,-10.34008567146185,67.47197439286305,0.2438841235750715
14_LTAN06_800km_1213COLD_MY_STTLCT_PCDU_HEAT_MY_0p5,2601.5,train,MY,y,92.56885432914738,9.051722500765464,7.9144198912333,0.0,0.0,12.474230838930394,224.90041269073868,12.474230838930394,25.23462994471106,68.6688543291474,1.497678255122267
14_LTAN06_800km_1213COLD_MY_STTLCT_PCDU_HEAT_MY_0p5,2662.0,train,MY,y,93.67229510905486,8.193932705524263,40.38898437780015,0.0,0.0,12.474230838930394,224.90041269073868,12.474230838930394,57.98305414107864,69.77229510905485,2.6511211169861184
14_LTAN06_800km_1213COLD_MY_STTLCT_PCDU_HEAT_MY_0p5,2722.5,train,MY,y,94.68783129026929,7.42885274077071,70.58189412928913,0.0,0.0,12.474230838930394,224.90041269073868,12.474230838930394,88.07635426027099,70.78783129026928,3.710346158929468
14_LTAN06_800km_1213COLD_MY_STTLCT_PCDU_HEAT_MY_0p5,2783.0,train,MY,y,95.62120247851948,6.750214231300954,98.64277645602458,0.0,0.0,12.474230838930394,224.90041269073868,12.474230838930394,115.68995715354242,71.72120247851947,4.681609187045581
14_LTAN06_800km_1213COLD_MY_STTLCT_PCDU_HEAT_MY_0p5,2843.5,train,MY,y,96.47817840740127,6.152180425424925,124.6972989434324,0.0,0.0,12.474230838930394,224.90041269073868,12.474230838930394,140.99956472822186,72.57817840740128,5.571166314224314
14_LTAN06_800km_1213COLD_MY_STTLCT_PCDU_HEAT_MY_0p5,2904.0,train,MY,y,97.26592115003304,5.632096071289553,148.88005678420498,0.0,0.0,12.474230838930394,224.90041269073868,12.474230838930394,164.22532398251087,73.36592115003305,6.386886384666212
14_LTAN06_800km_1213COLD_MY_STTLCT_PCDU_HEAT_MY_0p5,2964.5,train,MY,y,97.99115853295886,5.192406490766863,171.34163045413405,0.0,0.0,12.474230838930394,224.90041269073868,12.474230838930394,185.56675698024873,74.09115853295887,7.135794564678662
14_LTAN06_800km_1213COLD_MY_STTLCT_PCDU_HEAT_MY_0p5,3025.0,train,MY,y,98.65906440846,4.826674840743234,192.1887091325081,0.0,0.0,12.474230838930394,224.90041269073868,12.474230838930394,205.17887239098167,74.75906440846,7.823372538003952
14_LTAN06_800km_1213COLD_MY_STTLCT_PCDU_HEAT_MY_0p5,3085.5,train,MY,y,99.27431302048907,4.544780640763933,211.52542813925524,0.0,0.0,12.474230838930394,224.90041269073868,12.474230838930394,223.20399718288718,75.37431302048907,8.454687838730976
14_LTAN06_800km_1213COLD_MY_STTLCT_PCDU_HEAT_MY_0p5,3146.0,train,MY,y,99.84150766562036,4.355981346543897,229.45038579068617,0.0,0.0,12.474230838930394,224.90041269073868,12.474230838930394,239.77278013255432,75.94150766562035,9.03425162729225
14_LTAN06_800km_1213COLD_MY_STTLCT_PCDU_HEAT_MY_0p5,3206.5,train,MY,y,100.36396602775942,4.253379094956356,246.0536384313507,0.0,0.0,12.474230838930394,224.90041269073868,12.474230838930394,254.99046693526844,76.46396602775943,9.565873562458691
14_LTAN06_800km_1213COLD_MY_STTLCT_PCDU_HEAT_MY_0p5,3267.0,train,MY,y,100.84461176276228,4.23946373512187,261.39823405381856,0.0,0.0,12.474230838930394,224.90041269073868,12.474230838930394,268.9374473020421,76.94461176276229,10.052288402445086
14_LTAN06_800km_1213COLD_MY_STTLCT_PCDU_HEAT_MY_0p5,3327.5,train,MY,y,101.28435244547256,4.312643431047062,275.5559663509553,0.0,0.0,12.474230838930394,224.90041269073868,12.474230838930394,281.63786255427664,77.38435244547256,10.494304097818883
14_LTAN06_800km_1213COLD_MY_STTLCT_PCDU_HEAT_MY_0p5,3388.0,train,MY,y,101.68794531637204,4.4683178209945735,288.6024670838517,0.0,0.0,12.474230838930394,224.90041269073868,12.474230838930394,293.2343756780657,77.78794531637203,10.89696778456964
14_LTAN06_800km_1213COLD_MY_STTLCT_PCDU_HEAT_MY_0p5,3448.5,train,MY,y,102.05856311962988,4.700529719975748,300.5828308200804,0.0,0.0,12.474230838930394,224.90041269073868,12.474230838930394,303.81260779187255,78.15856311962989,11.263165730337079
14_LTAN06_800km_1213COLD_MY_STTLCT_PCDU_HEAT_MY_0p5,3509.0,train,MY,y,102.39913483146069,5.00392391497038,311.5642564881908,0.0,0.0,12.474230838930394,224.90041269073868,12.474230838930394,313.4567123092588,78.49913483146068,11.595819894249843
14_LTAN06_800km_1213COLD_MY_STTLCT_PCDU_HEAT_MY_0p5,3569.5,train,MY,y,102.71162910953244,5.371737321078953,321.60925730074274,0.0,0.0,12.474230838930394,224.90041269073868,12.474230838930394,322.2272584247094,78.81162910953245,11.897096068065395
14_LTAN06_800km_1213COLD_MY_STTLCT_PCDU_HEAT_MY_0p5,3630.0,train,MY,y,102.99717167878389,5.790085580997112,330.76832295256713,0.0,0.0,12.474230838930394,224.90041269073868,12.474230838930394,330.154735534932,79.0971716787839,12.168023876404504
14_LTAN06_800km_1213COLD_MY_STTLCT_PCDU_HEAT_MY_0p5,3690.5,train,MY,y,103.25959392037008,6.25585632914633,339.0989244174551,0.0,0.0,12.474230838930394,224.90041269073868,12.474230838930394,337.35137846156897,79.35959392037009,12.41253403271108
14_LTAN06_800km_1213COLD_MY_STTLCT_PCDU_HEAT_MY_0p5,3751.0,train,MY,y,103.49907633840051,6.761909929738721,346.6616667897585,0.0,0.0,12.474230838930394,224.90041269073868,12.474230838930394,343.8261986472196,79.59907633840052,12.63099930601453
14_LTAN06_800km_1213COLD_MY_STTLCT_PCDU_HEAT_MY_0p5,3811.5,train,MY,y,103.72044943820224,7.298820260338713,353.5171096906831,0.0,0.0,12.474230838930394,224.90041269073868,12.474230838930394,349.71835238762395,79.82044943820225,12.828257237276915
14_LTAN06_800km_1213COLD_MY_STTLCT_PCDU_HEAT_MY_0p5,3872.0,train,MY,y,103.92380175119776,7.863849744242103,359.7106332708743,0.0,0.0,12.474230838930394,224.90041269073868,12.474230838930394,355.0343448358565,80.02380175119777,13.004595704609272
14_LTAN06_800km_1213COLD_MY_STTLCT_PCDU_HEAT_MY_0p5,3932.5,train,MY,y,104.1101748182419,8.448039925066135,365.29946294015326,0.0,0.0,12.474230838930394,224.90041269073868,12.474230838930394,359.8040873534705,80.21017481824191,13.161053073364187
14_LTAN06_800km_1213COLD_MY_STTLCT_PCDU_HEAT_MY_0p5,3993.0,train,MY,y,104.28147992730878,9.04552278232697,370.33181647226974,0.0,0.0,12.474230838930394,224.90041269073868,12.474230838930394,364.0827623201807,80.38147992730879,13.299549578721297
14_LTAN06_800km_1213COLD_MY_STTLCT_PCDU_HEAT_MY_0p5,4053.5,train,MY,y,104.43879742233972,9.654990457430756,374.8436189100251,0.0,0.0,12.474230838930394,224.90041269073868,12.474230838930394,367.90706137193587,80.53879742233971,13.42144768671514
14_LTAN06_800km_1213COLD_MY_STTLCT_PCDU_HEAT_MY_0p5,4114.0,train,MY,y,104.5850201552949,10.267322445495196,378.8925358619352,0.0,0.0,12.474230838930394,224.90041269073868,12.474230838930394,371.3683286142192,80.6850201552949,13.530047827523532
14_LTAN06_800km_1213COLD_MY_STTLCT_PCDU_HEAT_MY_0p5,4174.5,train,MY,y,104.72027478519496,10.879884858899226,382.5145214748536,0.0,0.0,12.474230838930394,224.90041269073868,12.474230838930394,374.4740526708116,80.82027478519495,13.625670274289476
14_LTAN06_800km_1213COLD_MY_STTLCT_PCDU_HEAT_MY_0p5,4235.0,train,MY,y,104.84550941837408,11.491280771146412,385.7407859692712,0.0,0.0,12.474230838930394,224.90041269073868,12.474230838930394,377.25173226383083,80.94550941837409,13.709273876404481
14_LTAN06_800km_1213COLD_MY_STTLCT_PCDU_HEAT_MY_0p5,4295.5,train,MY,y,104.96267536758631,12.091969848998373,388.64196433654433,0.0,0.0,12.474230838930394,224.90041269073868,12.474230838930394,379.7595954008429,81.06267536758631,13.78291429043449
14_LTAN06_800km_1213COLD_MY_STTLCT_PCDU_HEAT_MY_0p5,4356.0,train,MY,y,105.07283740912096,12.681907495291304,391.2384874671609,0.0,0.0,12.474230838930394,224.90041269073868,12.474230838930394,382.03000041376356,81.17283740912097,13.847742696629226
14_LTAN06_800km_1213COLD_MY_STTLCT_PCDU_HEAT_MY_0p5,4416.5,train,MY,y,105.17598810507188,13.259357465779315,393.560794331098,0.0,0.0,12.474230838930394,224.90041269073868,12.474230838930394,384.07077227103616,81.27598810507189,13.904156616553806
14_LTAN06_800km_1213COLD_MY_STTLCT_PCDU_HEAT_MY_0p5,4477.0,train,MY,y,105.27507187706544,13.819773157135696,395.655167297191,0.0,0.0,12.474230838930394,224.90041269073868,12.474230838930394,385.97814753113,81.37507187706544,13.955679742233983
14_LTAN06_800km_1213COLD_MY_STTLCT_PCDU_HEAT_MY_0p5,4537.5,train,MY,y,105.36918869795107,14.363265555037602,397.5372860537991,0.0,0.0,12.474230838930394,224.90041269073868,12.474230838930394,387.7228527256129,81.46918869795107,14.001242200925319
14_LTAN06_800km_1213COLD_MY_STTLCT_PCDU_HEAT_MY_0p5,4598.0,train,MY,y,105.46023376837933,14.88495436578256,399.2470883317727,0.0,0.0,12.474230838930394,224.90041269073868,12.474230838930394,389.3652501592231,81.56023376837933,14.043032397158441
14_LTAN06_800km_1213COLD_MY_STTLCT_PCDU_HEAT_MY_0p5,4658.5,train,MY,y,105.5473261731659,15.38051951200742,400.82139775298646,0.0,0.0,12.474230838930394,224.90041269073868,12.474230838930394,390.8837060910266,81.64732617316591,14.080356708526097
14_LTAN06_800km_1213COLD_MY_STTLCT_PCDU_HEAT_MY_0p5,4719.0,train,MY,y,105.63234594415992,15.851334359758164,402.2688144981025,0.0,0.0,12.474230838930394,224.90041269073868,12.474230838930394,392.3308265153737,81.73234594415993,14.115019643152166
14_LTAN06_800km_1213COLD_MY_STTLCT_PCDU_HEAT_MY_0p5,4779.5,train,MY,y,105.7153805353602,16.29430486128035,403.630604158655,0.0,0.0,12.474230838930394,224.90041269073868,12.474230838930394,393.7202945902529,81.81538053536019,14.147671150033034
14_LTAN06_800km_1213COLD_MY_STTLCT_PCDU_HEAT_MY_0p5,4840.0,train,MY,y,105.7964039319346,16.708639787911466,404.9257897245498,0.0,0.0,12.474230838930394,224.90041269073868,12.474230838930394,395.0520375554409,81.8964039319346,14.178319263175311
14_LTAN06_800km_1213COLD_MY_STTLCT_PCDU_HEAT_MY_0p5,4900.5,train,MY,y,105.87737673496363,17.095155885351314,406.15939160561874,0.0,0.0,12.474230838930394,224.90041269073868,12.474230838930394,396.3821697718797,81.97737673496363,14.208908988764037
14_LTAN06_800km_1213COLD_MY_STTLCT_PCDU_HEAT_MY_0p5,4961.0,train,MY,y,105.95834996695308,17.447285646142234,407.3703179888618,0.0,0.0,12.474230838930394,224.90041269073868,12.474230838930394,397.72191001390814,82.05834996695307,14.239982518175822
14_LTAN06_800km_1213COLD_MY_STTLCT_PCDU_HEAT_MY_0p5,5021.5,train,MY,y,106.03931025937553,17.765918594528884,408.5632254853492,0.0,0.0,12.474230838930394,224.90041269073868,12.474230838930394,399.07135368071755,82.13931025937552,14.27155066908972
14_LTAN06_800km_1213COLD_MY_STTLCT_PCDU_HEAT_MY_0p5,5082.0,train,MY,y,106.12028304692664,18.050708249142986,409.747911170481,0.0,0.0,12.474230838930394,224.90041269073868,12.474230838930394,400.429004623234,82.22028304692665,14.303526635822891
14_LTAN06_800km_1213COLD_MY_STTLCT_PCDU_HEAT_MY_0p5,5142.5,train,MY,y,106.20317528498263,18.29493900598604,410.9645492410856,0.0,0.0,12.474230838930394,224.90041269073868,12.474230838930394,401.855731919177,82.30317528498264,14.338119064926474
14_LTAN06_800km_1213COLD_MY_STTLCT_PCDU_HEAT_MY_0p5,5203.0,train,MY,y,106.2861473892928,18.500558094709124,412.2115280717298,0.0,0.0,12.474230838930394,224.90041269073868,12.474230838930394,403.30041146454903,82.3861473892928,14.37357990746861
14_LTAN06_800km_1213COLD_MY_STTLCT_PCDU_HEAT_MY_0p5,5263.5,train,MY,y,106.37103700644307,18.66562830835045,413.4972259275712,0.0,0.0,12.474230838930394,224.90041269073868,12.474230838930394,404.81245612937727,82.47103700644308,14.411571881711538
14_LTAN06_800km_1213COLD_MY_STTLCT_PCDU_HEAT_MY_0p5,5324.0,train,MY,y,106.45793803701255,18.78597327443842,414.8348814138904,0.0,0.0,12.474230838930394,224.90041269073868,12.474230838930394,406.3979755125122,82.55793803701255,14.45236052544611
14_LTAN06_800km_1213COLD_MY_STTLCT_PCDU_HEAT_MY_0p5,5384.5,train,MY,y,106.54490928618638,18.86322188670165,416.2207728784022,0.0,0.0,12.474230838930394,224.90041269073868,12.474230838930394,407.9994663723991,82.64490928618639,14.493922141440862
14_LTAN06_800km_1213COLD_MY_STTLCT_PCDU_HEAT_MY_0p5,5445.0,train,MY,y,106.63475863208328,18.89088940907318,417.6604227780965,0.0,0.0,12.474230838930394,224.90041269073868,12.474230838930394,409.69590019783004,82.73475863208327,14.538972113001833
14_LTAN06_800km_1213COLD_MY_STTLCT_PCDU_HEAT_MY_0p5,5505.5,train,MY,y,106.72569200264375,18.86594447246912,419.1562794754766,0.0,0.0,12.474230838930394,224.90041269073868,12.474230838930394,411.4352957103177,82.82569200264376,14.5856987442168
14_LTAN06_800km_1213COLD_MY_STTLCT_PCDU_HEAT_MY_0p5,5566.0,train,MY,y,106.8195369238394,18.79072812651745,420.7051379098384,0.0,0.0,12.474230838930394,224.90041269073868,12.474230838930394,413.26860587554205,82.91953692383939,14.635846885841715
14_LTAN06_800km_1213COLD_MY_STTLCT_PCDU_HEAT_MY_0p5,5626.5,train,MY,y,106.9144681097158,18.6576444605877,422.3069871632391,0.0,0.0,12.474230838930394,224.90041269073868,12.474230838930394,415.1467849544074,83.0144681097158,14.687766754791795
14_LTAN06_800km_1213COLD_MY_STTLCT_PCDU_HEAT_MY_0p5,5687.0,train,MY,y,107.01136169861203,18.46753293595204,423.95936068634205,0.0,0.0,12.474230838930394,224.90041269073868,12.474230838930394,417.09149999943634,83.11136169861203,14.742155799735642
14_LTAN06_800km_1213COLD_MY_STTLCT_PCDU_HEAT_MY_0p5,5747.5,train,MY,y,107.10927622666446,18.22284915561889,425.6581366500711,0.0,0.0,12.474230838930394,224.90041269073868,12.474230838930394,419.07564823426026,83.20927622666446,14.798072129522538
14_LTAN06_800km_1213COLD_MY_STTLCT_PCDU_HEAT_MY_0p5,5808.0,train,MY,y,107.20820489094514,17.922391570655126,427.3804758307989,0.0,0.0,12.474230838930394,224.90041269073868,12.474230838930394,421.0911362370388,83.30820489094515,14.855111103767356
14_LTAN06_800km_1213COLD_MY_STTLCT_PCDU_HEAT_MY_0p5,5868.5,train,MY,y,107.30715645134644,17.568239284972428,429.1251849709092,0.0,0.0,12.474230838930394,224.90041269073868,12.474230838930394,423.1093935476483,83.40715645134645,14.91227928300016
14_LTAN06_800km_1213COLD_MY_STTLCT_PCDU_HEAT_MY_0p5,5929.0,train,MY,y,107.40708393919364,17.163984787147868,430.8827907733149,0.0,0.0,12.474230838930394,224.90041269073868,12.474230838930394,425.15568661192367,83.50708393919365,14.970420852610701
14_LTAN06_800km_1213COLD_MY_STTLCT_PCDU_HEAT_MY_0p5,5989.5,train,MY,y,107.50703502395504,16.715451527746104,432.6308832889939,0.0,0.0,12.474230838930394,224.90041269073868,12.474230838930394,427.1951593910163,83.60703502395504,15.028208243845995
14_LTAN06_800km_1213COLD_MY_STTLCT_PCDU_HEAT_MY_0p5,6050.0,train,MY,y,107.60796133509584,16.224794101405863,434.3695643803693,0.0,0.0,12.474230838930394,224.90041269073868,12.474230838930394,429.254636656702,83.70796133509583,15.086564771976214
14_LTAN06_800km_1213COLD_MY_STTLCT_PCDU_HEAT_MY_0p5,6110.5,test,MY,y,107.70796827495045,15.708504330573762,436.0894807970408,0.0,0.0,12.474230838930394,224.90041269073868,12.474230838930394,431.27971461755624,83.80796827495044,15.14360191672175
14_LTAN06_800km_1213COLD_MY_STTLCT_PCDU_HEAT_MY_0p5,6171.0,test,MY,y,107.80791937882042,15.182306424720167,437.7813775140807,0.0,0.0,12.474230838930394,224.90041269073868,12.474230838930394,433.2934827704306,83.90791937882042,15.200094449033529
14_LTAN06_800km_1213COLD_MY_STTLCT_PCDU_HEAT_MY_0p5,6231.5,test,MY,y,107.90692680105752,14.646808852704796,439.44565470795845,0.0,0.0,12.474230838930394,224.90041269073868,12.474230838930394,435.2700442500608,84.00692680105752,15.255137111698645
14_LTAN06_800km_1213COLD_MY_STTLCT_PCDU_HEAT_MY_0p5,6292.0,test,MY,y,108.0068367751528,14.113433196410648,441.1100883331076,0.0,0.0,12.474230838930394,224.90041269073868,12.474230838930394,437.2646975897927,84.1068367751528,15.31068524698496
14_LTAN06_800km_1213COLD_MY_STTLCT_PCDU_HEAT_MY_0p5,6352.5,test,MY,y,108.1077610707204,13.58697709847673,442.78510483156407,0.0,0.0,12.474230838930394,224.90041269073868,12.474230838930394,439.2804744632633,84.20776107072041,15.36684130865828
14_LTAN06_800km_1213COLD_MY_STTLCT_PCDU_HEAT_MY_0p5,6413.0,test,MY,y,108.20966925491491,13.067692478318513,444.4703622338533,0.0,0.0,12.474230838930394,224.90041269073868,12.474230838930394,441.31486629380976,84.30966925491492,15.42349261523212
14_LTAN06_800km_1213COLD_MY_STTLCT_PCDU_HEAT_MY_0p5,6473.5,test,MY,y,108.31259203569068,12.56121995419332,446.2054344690102,0.0,0.0,12.474230838930394,224.90041269073868,12.474230838930394,443.3684036120048,84.4125920356907,15.480652081956379
14_LTAN06_800km_1213COLD_MY_STTLCT_PCDU_HEAT_MY_0p5,6534.0,test,MY,y,108.41747174487772,12.067271202205363,447.9897685646536,0.0,0.0,12.474230838930394,224.90041269073868,12.474230838930394,445.4683337147996,84.51747174487772,15.539268489755429
14_LTAN06_800km_1213COLD_MY_STTLCT_PCDU_HEAT_MY_0p5,6594.5,test,MY,y,108.52528960845862,11.585730717796096,449.82218945351417,0.0,0.0,12.474230838930394,224.90041269073868,12.474230838930394,447.6430483306086,84.62528960845862,15.600330778126548
14_LTAN06_800km_1213COLD_MY_STTLCT_PCDU_HEAT_MY_0p5,6655.0,test,MY,y,108.6342091870456,11.118014682886509,451.70924185537,0.0,0.0,12.474230838930394,224.90041269073868,12.474230838930394,449.83941145912524,84.7342091870456,15.661988136153312
14_LTAN06_800km_1213COLD_MY_STTLCT_PCDU_HEAT_MY_0p5,6715.5,test,MY,y,108.74602263340492,10.663933923025832,453.6448648982071,0.0,0.0,12.474230838930394,224.90041269073868,12.474230838930394,452.1073839712741,84.84602263340491,15.7259513464398
14_LTAN06_800km_1213COLD_MY_STTLCT_PCDU_HEAT_MY_0p5,6776.0,test,MY,y,108.86085046265696,10.222884467631772,455.61771900499633,0.0,0.0,12.474230838930394,224.90041269073868,12.474230838930394,454.4519591877582,84.96085046265696,15.79241774619959
14_LTAN06_800km_1213COLD_MY_STTLCT_PCDU_HEAT_MY_0p5,6836.5,test,MY,y,108.97581245869134,9.794193205875157,457.614420055024,0.0,0.0,12.474230838930394,224.90041269073868,12.474230838930394,456.7885738463992,85.07581245869133,15.85842280237938
14_LTAN06_800km_1213COLD_MY_STTLCT_PCDU_HEAT_MY_0p5,6897.0,test,MY,y,109.09266512473154,9.3773344658825,459.63314178275925,0.0,0.0,12.474230838930394,224.90041269073868,12.474230838930394,459.1678522005916,85.19266512473155,15.925726747067586
14_LTAN06_800km_1213COLD_MY_STTLCT_PCDU_HEAT_MY_0p5,6957.5,test,MY,y,109.20962557832122,8.971358723741746,461.6499826702421,0.0,0.0,12.474230838930394,224.90041269073868,12.474230838930394,461.53818368814916,85.30962557832123,15.992531526768019
14_LTAN06_800km_1213COLD_MY_STTLCT_PCDU_HEAT_MY_0p5,7018.0,test,MY,y,109.32752205517924,8.575876702708722,463.6512566428152,0.0,0.0,12.474230838930394,224.90041269073868,12.474230838930394,463.92370138914805,85.42752205517925,16.05968035684785
14_LTAN06_800km_1213COLD_MY_STTLCT_PCDU_HEAT_MY_0p5,7078.5,test,MY,y,109.44548215465962,8.190824735018344,465.638277010644,0.0,0.0,12.474230838930394,224.90041269073868,12.474230838930394,466.30089021817867,85.54548215465962,16.126381014540655
14_LTAN06_800km_1213COLD_MY_STTLCT_PCDU_HEAT_MY_0p5,7139.0,test,MY,y,106.6241886667768,10.09427773317313,384.29241943031633,0.0,0.0,12.474230838930394,224.90041269073868,12.474230838930394,384.32948751308743,82.7241886667768,13.26591248967452
14_LTAN06_800km_1213COLD_MY_STTLCT_PCDU_HEAT_MY_0p5,7199.5,test,MY,y,103.84772240581626,11.827971079013738,308.17763106629474,0.0,0.0,12.474230838930394,224.90041269073868,12.474230838930394,304.1173808262098,79.94772240581625,10.473907666886973
14_LTAN06_800km_1213COLD_MY_STTLCT_PCDU_HEAT_MY_0p5,7260.0,test,MY,y,101.25867647058824,13.393399718864964,237.0401218721917,0.0,0.0,12.474230838930394,224.90041269073868,12.474230838930394,229.7261854010385,77.35867647058825,7.89084104428288
14_LTAN06_800km_1213COLD_MY_STTLCT_PCDU_HEAT_MY_0p5,7320.5,test,MY,y,98.8428949281348,14.799601952908326,170.57329836474028,0.0,0.0,12.474230838930394,224.90041269073868,12.474230838930394,160.691017199878,74.94289492813479,5.499660581529795
14_LTAN06_800km_1213COLD_MY_STTLCT_PCDU_HEAT_MY_0p5,7381.0,test,MY,y,96.58958925974883,16.056553260420397,108.49117104217396,0.0,0.0,12.474230838930394,224.90041269073868,12.474230838930394,96.65909346037273,72.68958925974883,3.2874468770654346
14_LTAN06_800km_1213COLD_MY_STTLCT_PCDU_HEAT_MY_0p5,7441.5,test,MY,y,94.4877652073352,17.17580758184729,50.50060482802883,0.0,0.0,12.474230838930394,224.90041269073868,12.474230838930394,37.27595360359771,70.5877652073352,1.2412885346109164
14_LTAN06_800km_1213COLD_MY_STTLCT_PCDU_HEAT_MY_0p5,7502.0,test,MY,y,92.52508446794448,18.170000628160054,-3.699906441798978,0.0,0.0,12.474230838930394,224.90041269073868,12.474230838930394,-17.847094695827764,68.62508446794448,-0.6528458030403215
14_LTAN06_800km_1213COLD_MY_STTLCT_PCDU_HEAT_MY_0p5,7562.5,test,MY,y,90.6918888301388,19.0501400082094,-54.36387109838697,0.0,0.0,12.474230838930394,224.90041269073868,12.474230838930394,-69.01616997126428,66.79188883013879,-2.4060331791143454
14_LTAN06_800km_1213COLD_MY_STTLCT_PCDU_HEAT_MY_0p5,7623.0,test,MY,y,88.97838326449696,19.829688619810423,-101.7566086717883,0.0,0.0,12.474230838930394,224.90041269073868,12.474230838930394,-116.5355628060131,65.07838326449695,-4.029197026267951
14_LTAN06_800km_1213COLD_MY_STTLCT_PCDU_HEAT_MY_0p5,7683.5,test,MY,y,87.37412774289491,20.520651587249127,-146.12562900338915,0.0,0.0,12.474230838930394,224.90041269073868,12.474230838930394,-160.7289040042416,63.474127742894915,-5.533944960343689
14_LTAN06_800km_1213COLD_MY_STTLCT_PCDU_HEAT_MY_0p5,7744.0,test,MY,y,85.87048556087892,21.130791324545857,-187.6740659016112,0.0,0.0,12.474230838930394,224.90041269073868,12.474230838930394,-201.8596842458102,61.97048556087892,-6.9296660664133185
14_LTAN06_800km_1213COLD_MY_STTLCT_PCDU_HEAT_MY_0p5,7804.5,test,MY,y,84.45705393258427,21.667644837725053,-226.6254713445875,0.0,0.0,12.474230838930394,224.90041269073868,12.474230838930394,-240.24243306244503,60.557053932584274,-8.227526239259745
14_LTAN06_800km_1213COLD_MY_STTLCT_PCDU_HEAT_MY_0p5,7865.0,test,MY,y,83.12626790021476,22.13900386350625,-263.16781971201715,0.0,0.0,12.474230838930394,224.90041269073868,12.474230838930394,-276.1095004007822,59.22626790021476,-9.435827853956724
14_LTAN06_800km_1213COLD_MY_STTLCT_PCDU_HEAT_MY_0p5,7925.5,test,MY,y,81.87134755452743,22.552112678659235,-297.46251177734183,0.0,0.0,12.474230838930394,224.90041269073868,12.474230838930394,-309.6635385493857,57.97134755452743,-10.561730337078643
14_LTAN06_800km_1213COLD_MY_STTLCT_PCDU_HEAT_MY_0p5,7986.0,test,MY,y,80.68477683410443,22.91583461835562,-329.69601944164947,0.0,0.0,12.474230838930394,224.90041269073868,12.474230838930394,-341.13286275609346,56.78477683410443,-11.613354808327813
14_LTAN06_800km_1213COLD_MY_STTLCT_PCDU_HEAT_MY_0p5,8046.5,test,MY,y,79.56150697174955,23.23555696132785,-360.00717164256184,0.0,0.0,12.474230838930394,224.90041269073868,12.474230838930394,-370.66948904803496,55.66150697174955,-12.596088452007265
14_LTAN06_800km_1213COLD_MY_STTLCT_PCDU_HEAT_MY_0p5,8107.0,test,MY,y,78.49628202247192,23.514720634141018,-388.537784105624,0.0,0.0,12.474230838930394,224.90041269073868,12.474230838930394,-398.43167292729703,54.59628202247192,-13.515539590218125
14_LTAN06_800km_1213COLD_MY_STTLCT_PCDU_HEAT_MY_0p5,8167.5,test,MY,y,80.41772212126217,21.46838080077737,-331.6402888524946,0.0,0.0,12.474230838930394,224.90041269073868,12.474230838930394,-340.34665548914455,56.517722121262175,-11.453651875103262
14_LTAN06_800km_1213COLD_MY_STTLCT_PCDU_HEAT_MY_0p5,8228.0,test,MY,y,82.3923771480502,19.555868914563977,-277.6662193802784,0.0,0.0,12.474230838930394,224.90041269073868,12.474230838930394,-281.0307555815823,58.4923771480502,-9.35369094514212
14_LTAN06_800km_1213COLD_MY_STTLCT_PCDU_HEAT_MY_0p5,8288.5,test,MY,y,84.24670095820255,17.785326589040636,-226.7031729810119,0.0,0.0,12.474230838930394,224.90041269073868,12.474230838930394,-225.4614856561534,60.346700958202554,-7.388348868329743
14_LTAN06_800km_1213COLD_MY_STTLCT_PCDU_HEAT_MY_0p5,8349.0,test,MY,y,85.98205723727693,16.159083880687366,-178.7652161057413,0.0,0.0,12.474230838930394,224.90041269073868,12.474230838930394,-173.5747986013224,62.082057237276935,-5.555012590879045
14_LTAN06_800km_1213COLD_MY_STTLCT_PCDU_HEAT_MY_0p5,8409.5,test,MY,y,87.5999091870456,14.673187525614503,-133.79136367785617,0.0,0.0,12.474230838930394,224.90041269073868,12.474230838930394,-125.297636110766,63.6999091870456,-3.8506598810310777
14_LTAN06_800km_1213COLD_MY_STTLCT_PCDU_HEAT_MY_0p5,8470.0,test,MY,y,89.10180489013713,13.32049388272364,-91.70442248196323,0.0,0.0,12.474230838930394,224.90041269073868,12.474230838930394,-80.56521454491741,65.20180489013714,-2.2727235090037823
14_LTAN06_800km_1213COLD_MY_STTLCT_PCDU_HEAT_MY_0p5,8530.5,test,MY,y,90.49190160277595,12.093329679917735,-52.39823437440027,0.0,0.0,12.474230838930394,224.90041269073868,12.474230838930394,-39.23570308266932,66.59190160277595,-0.8159284368803696
14_LTAN06_800km_1213COLD_MY_STTLCT_PCDU_HEAT_MY_0p5,8591.0,test,MY,y,91.7754582025442,10.984121467079202,-15.743431509966856,0.0,0.0,12.474230838930394,224.90041269073868,12.474230838930394,-1.1382340088956653,67.8754582025442,0.5259676689245225
14_LTAN06_800km_1213COLD_MY_STTLCT_PCDU_HEAT_MY_0p5,8651.5,test,MY,y,92.9601665895572,9.984701488646309,18.40080201210704,0.0,0.0,12.474230838930394,224.90041269073868,12.474230838930394,33.96500308028294,69.06016658955721,1.7614851619299685
14_LTAN06_800km_1213COLD_MY_STTLCT_PCDU_HEAT_MY_0p5,8712.0,test,MY,y,94.0520014540648,9.087122109801497,50.16867043347023,0.0,0.0,12.474230838930394,224.90041269073868,12.474230838930394,66.2616338276926,70.15200145406479,2.897388631857254
14_LTAN06_800km_1213COLD_MY_STTLCT_PCDU_HEAT_MY_0p5,8772.5,test,MY,y,95.05660642656534,8.28378179076555,79.69285915608154,0.0,0.0,12.474230838930394,224.90041269073868,12.474230838930394,95.92981351302467,71.15660642656533,3.9401144886832924
14_LTAN06_800km_1213COLD_MY_STTLCT_PCDU_HEAT_MY_0p5,8833.0,test,MY,y,95.97943172504957,7.568343887018892,107.12127882297597,0.0,0.0,12.474230838930394,224.90041269073868,12.474230838930394,123.13315517971688,72.07943172504957,4.895453569068067
14_LTAN06_800km_1213COLD_MY_STTLCT_PCDU_HEAT_MY_0p5,8893.5,test,MY,y,96.82651407566496,6.934924554628381,132.57793401107327,0.0,0.0,12.474230838930394,224.90041269073868,12.474230838930394,148.0604758130761,72.92651407566495,5.770202577234443
14_LTAN06_800km_1213COLD_MY_STTLCT_PCDU_HEAT_MY_0p5,8954.0,test,MY,y,97.60469114342364,6.380805585502814,156.19576281507707,0.0,0.0,12.474230838930394,224.90041269073868,12.474230838930394,170.91525254234472,73.70469114342364,6.571536516853911
14_LTAN06_800km_1213COLD_MY_STTLCT_PCDU_HEAT_MY_0p5,9014.5,test,MY,y,98.3208827523542,5.908394581973643,178.12371953489705,0.0,0.0,12.474230838930394,224.90041269073868,12.474230838930394,191.90616586782403,74.4208827523542,7.306855559226818
14_LTAN06_800km_1213COLD_MY_STTLCT_PCDU_HEAT_MY_0p5,9075.0,test,MY,y,98.98005300727034,5.511179225604945,198.4669563047889,0.0,0.0,12.474230838930394,224.90041269073868,12.474230838930394,211.18238008192367,75.08005300727035,7.981441308658319
14_LTAN06_800km_1213COLD_MY_STTLCT_PCDU_HEAT_MY_0p5,9135.5,test,MY,y,99.58716031064112,5.199026321262386,217.3281150546489,0.0,0.0,12.474230838930394,224.90041269073868,12.474230838930394,228.89061263507716,75.68716031064113,8.600454676140117
14_LTAN06_800km_1213COLD_MY_STTLCT_PCDU_HEAT_MY_0p5,9196.0,test,MY,y,100.1461729390385,4.981121481014704,234.8043225386879,0.0,0.0,12.474230838930394,224.90041269073868,12.474230838930394,245.1490029344784,76.2461729390385,9.16806225012391
14_LTAN06_800km_1213COLD_MY_STTLCT_PCDU_HEAT_MY_0p5,9256.5,test,MY,y,100.66163681427626,4.850550489392595,250.9842417555201,0.0,0.0,12.474230838930394,224.90041269073868,12.474230838930394,260.09426798403405,76.76163681427627,9.689106675479167
14_LTAN06_800km_1213COLD_MY_STTLCT_PCDU_HEAT_MY_0p5,9317.0,test,MY,y,101.13497587972908,4.809715892043208,265.92961284453,0.0,0.0,12.474230838930394,224.90041269073868,12.474230838930394,273.76211828694636,77.23497587972909,10.16474647282341
14_LTAN06_800km_1213COLD_MY_STTLCT_PCDU_HEAT_MY_0p5,9377.5,test,MY,y,101.56829395241242,4.857027675852205,279.71092710206364,0.0,0.0,12.474230838930394,224.90041269073868,12.474230838930394,286.2164831813934,77.66829395241243,10.597255915399856
14_LTAN06_800km_1213COLD_MY_STTLCT_PCDU_HEAT_MY_0p5,9438.0,test,MY,y,101.96533289278042,4.987834564137648,292.4025593670398,0.0,0.0,12.474230838930394,224.90041269073868,12.474230838930394,297.56715002385,78.06533289278042,10.990482686271264
14_LTAN06_800km_1213COLD_MY_STTLCT_PCDU_HEAT_MY_0p5,9498.5,test,MY,y,102.33020753469928,5.196130261456749,304.04855646870163,0.0,0.0,12.474230838930394,224.90041269073868,12.474230838930394,307.92334470162535,78.43020753469929,11.348078453403843
14_LTAN06_800km_1213COLD_MY_STTLCT_PCDU_HEAT_MY_0p5,9559.0,test,MY,y,102.66498116325182,5.476539556088711,314.7149495440122,0.0,0.0,12.474230838930394,224.90041269073868,12.474230838930394,317.3512698090788,78.76498116325183,11.672450231328497
14_LTAN06_800km_1213COLD_MY_STTLCT_PCDU_HEAT_MY_0p5,9619.5,test,MY,y,102.97160052866349,5.822259350642248,324.46313312671543,0.0,0.0,12.474230838930394,224.90041269073868,12.474230838930394,325.90377177639283,79.07160052866348,11.965384635717854
14_LTAN06_800km_1213COLD_MY_STTLCT_PCDU_HEAT_MY_0p5,9680.0,test,MY,y,103.25309517514872,6.219343445590677,333.342747443232,0.0,0.0,12.474230838930394,224.90041269073868,12.474230838930394,333.67143300050697,79.35309517514872,12.23008225380039
14_LTAN06_800km_1213COLD_MY_STTLCT_PCDU_HEAT_MY_0p5,9740.5,test,MY,y,103.5095701305138,6.664686757957593,341.4101211416297,0.0,0.0,12.474230838930394,224.90041269073868,12.474230838930394,340.6576150775131,79.60957013051379,12.466665190814467
14_LTAN06_800km_1213COLD_MY_STTLCT_PCDU_HEAT_MY_0p5,9801.0,test,MY,y,103.74484335756776,7.151124180310236,348.72504440891464,0.0,0.0,12.474230838930394,224.90041269073868,12.474230838930394,346.97394528786003,79.84484335756775,12.679039590218125
14_LTAN06_800km_1213COLD_MY_STTLCT_PCDU_HEAT_MY_0p5,9861.5,test,MY,y,103.9610029742234,7.669193225702439,355.34722375977765,0.0,0.0,12.474230838930394,224.90041269073868,12.474230838930394,352.6825435605924,80.06100297422341,12.869395637805681
14_LTAN06_800km_1213COLD_MY_STTLCT_PCDU_HEAT_MY_0p5,9922.0,test,MY,y,104.16001371220882,8.21610901657082,361.32131902491386,0.0,0.0,12.474230838930394,224.90041269073868,12.474230838930394,357.84017346534887,80.26001371220883,13.039709185527826
14_LTAN06_800km_1213COLD_MY_STTLCT_PCDU_HEAT_MY_0p5,9982.5,test,MY,y,104.3430009914078,8.782876723194848,366.7036788608124,0.0,0.0,12.474230838930394,224.90041269073868,12.474230838930394,362.4846247153316,80.44300099140781,13.191377742894929
14_LTAN06_800km_1213COLD_MY_STTLCT_PCDU_HEAT_MY_0p5,10043.0,test,MY,y,104.51002660717236,9.363642875923883,371.5417206856467,0.0,0.0,12.474230838930394,224.90041269073868,12.474230838930394,366.61431875183445,80.61002660717236,13.324294000991557
14_LTAN06_800km_1213COLD_MY_STTLCT_PCDU_HEAT_MY_0p5,10103.5,test,MY,y,104.66388429752068,9.957063243225685,375.87078746524304,0.0,0.0,12.474230838930394,224.90041269073868,12.474230838930394,370.3149299621574,80.76388429752069,13.441517355371914
14_LTAN06_800km_1213COLD_MY_STTLCT_PCDU_HEAT_MY_0p5,10164.0,test,MY,y,104.80639273927392,10.553991846418088,379.7479045239452,0.0,0.0,12.474230838930394,224.90041269073868,12.474230838930394,373.64789189398823,80.90639273927391,13.545324587458737
14_LTAN06_800km_1213COLD_MY_STTLCT_PCDU_HEAT_MY_0p5,10224.5,test,MY,y,104.9381223140496,11.151743876435525,383.20833115422295,0.0,0.0,12.474230838930394,224.90041269073868,12.474230838930394,376.6334789574529,81.03812231404959,13.636480495867772
14_LTAN06_800km_1213COLD_MY_STTLCT_PCDU_HEAT_MY_0p5,10285.0,test,MY,y,105.0598,11.748962418521383,386.282739155659,0.0,0.0,12.474230838930394,224.90041269073868,12.474230838930394,379.29026357117016,81.15979999999999,13.715593719008282
14_LTAN06_800km_1213COLD_MY_STTLCT_PCDU_HEAT_MY_0p5,10345.5,test,MY,y,105.17427438016529,12.336004368263607,389.041152338885,0.0,0.0,12.474230838930394,224.90041269073868,12.474230838930394,381.7037433416847,81.27427438016528,13.78569008264465
14_LTAN06_800km_1213COLD_MY_STTLCT_PCDU_HEAT_MY_0p5,10406.0,test,MY,y,105.28065346534652,12.912896074545532,391.5035905024912,0.0,0.0,12.474230838930394,224.90041269073868,12.474230838930394,383.8536258956557,81.38065346534651,13.846148514851478
14_LTAN06_800km_1213COLD_MY_STTLCT_PCDU_HEAT_MY_0p5,10466.5,test,MY,y,105.38198842975206,13.477803060214605,393.6998450564482,0.0,0.0,12.474230838930394,224.90041269073868,12.474230838930394,385.8308734419629,81.48198842975205,13.900179008264459
14_LTAN06_800km_1213COLD_MY_STTLCT_PCDU_HEAT_MY_0p5,10527.0,test,MY,y,105.47833553719008,14.026172355070043,395.675827295721,0.0,0.0,12.474230838930394,224.90041269073868,12.474230838930394,387.6479009169787,81.57833553719007,13.94838165289255
14_LTAN06_800km_1213COLD_MY_STTLCT_PCDU_HEAT_MY_0p5,10587.5,test,MY,y,105.56968264462807,14.558169527796124,397.4468421962628,0.0,0.0,12.474230838930394,224.90041269073868,12.474230838930394,389.3033054211151,81.66968264462807,13.990691239669388
14_LTAN06_800km_1213COLD_MY_STTLCT_PCDU_HEAT_MY_0p5,10648.0,test,MY,y,105.65682673267328,15.068809673063784,399.05224177502254,0.0,0.0,12.474230838930394,224.90041269073868,12.474230838930394,390.8269424164495,81.75682673267329,14.028253300330036
14_LTAN06_800km_1213COLD_MY_STTLCT_PCDU_HEAT_MY_0p5,10708.5,test,MY,y,105.74195867768596,15.553815475071758,400.52849313130565,0.0,0.0,12.474230838930394,224.90041269073868,12.474230838930394,392.28306973976646,81.84195867768597,14.063319504132238
14_LTAN06_800km_1213COLD_MY_STTLCT_PCDU_HEAT_MY_0p5,10769.0,test,MY,y,105.82417190082644,16.014481166006732,401.8839490634901,0.0,0.0,12.474230838930394,224.90041269073868,12.474230838930394,393.6452991238477,81.92417190082645,14.094968264462807
14_LTAN06_800km_1213COLD_MY_STTLCT_PCDU_HEAT_MY_0p5,10829.5,test,MY,y,105.90524297520662,16.44774998728686,403.1594313296388,0.0,0.0,12.474230838930394,224.90041269073868,12.474230838930394,394.97395325938487,82.00524297520661,14.12543933884298
14_LTAN06_800km_1213COLD_MY_STTLCT_PCDU_HEAT_MY_0p5,10890.0,test,MY,y,105.98426402640264,16.852807975390437,404.3736100355894,0.0,0.0,12.474230838930394,224.90041269073868,12.474230838930394,396.24699074140244,82.08426402640265,14.154030693069302
14_LTAN06_800km_1213COLD_MY_STTLCT_PCDU_HEAT_MY_0p5,10950.5,test,MY,y,106.06232727272727,17.230442767395296,405.5312400189067,0.0,0.0,12.474230838930394,224.90041269073868,12.474230838930394,397.49302911796354,82.16232727272728,14.181692727272733
14_LTAN06_800km_1213COLD_MY_STTLCT_PCDU_HEAT_MY_0p5,11011.0,test,MY,y,106.14125454545456,17.574085042744322,406.67093842803615,0.0,0.0,12.474230838930394,224.90041269073868,12.474230838930394,398.77316112926434,82.24125454545455,14.21068363636364
14_LTAN06_800km_1213COLD_MY_STTLCT_PCDU_HEAT_MY_0p5,11071.5,test,MY,y,106.22025454545457,17.88458703445645,407.7970162661361,0.0,0.0,12.474230838930394,224.90041269073868,12.474230838930394,400.06531186472733,82.32025454545456,14.240247272727302
14_LTAN06_800km_1213COLD_MY_STTLCT_PCDU_HEAT_MY_0p5,11132.0,test,MY,y,106.29913366336636,18.161624083015777,408.9190705199994,0.0,0.0,12.474230838930394,224.90041269073868,12.474230838930394,401.3672325637592,82.39913366336637,14.270357425742603
14_LTAN06_800km_1213COLD_MY_STTLCT_PCDU_HEAT_MY_0p5,11192.5,test,MY,y,106.37904958677686,18.398425113818128,410.0770170895624,0.0,0.0,12.474230838930394,224.90041269073868,12.474230838930394,402.7113566089782,82.47904958677685,14.302127272727276
14_LTAN06_800km_1213COLD_MY_STTLCT_PCDU_HEAT_MY_0p5,11253.0,test,MY,y,106.46090082644628,18.596965542946343,411.26900060515015,0.0,0.0,12.474230838930394,224.90041269073868,12.474230838930394,404.12495402141155,82.56090082644627,14.336526446280999
14_LTAN06_800km_1213COLD_MY_STTLCT_PCDU_HEAT_MY_0p5,11313.5,test,MY,y,106.543826446281,18.755305437820084,412.5032210708211,0.0,0.0,12.474230838930394,224.90041269073868,12.474230838930394,405.5852043988702,82.643826446281,14.372792561983488
14_LTAN06_800km_1213COLD_MY_STTLCT_PCDU_HEAT_MY_0p5,11374.0,test,MY,y,106.62867768595042,18.86920339386193,413.7926005878727,0.0,0.0,12.474230838930394,224.90041269073868,12.474230838930394,407.1167531376662,82.72867768595043,14.411784297520668
14_LTAN06_800km_1213COLD_MY_STTLCT_PCDU_HEAT_MY_0p5,11434.5,test,MY,y,106.71447194719472,18.94030195475639,415.1333229162221,0.0,0.0,12.474230838930394,224.90041269073868,12.474230838930394,408.6926866118803,82.81447194719473,14.452587788778885
14_LTAN06_800km_1213COLD_MY_STTLCT_PCDU_HEAT_MY_0p5,11495.0,test,MY,y,106.80230909090908,18.962137289242456,416.5307104246293,0.0,0.0,12.474230838930394,224.90041269073868,12.474230838930394,410.33834608553803,82.90230909090909,14.495984958677681
14_LTAN06_800km_1213COLD_MY_STTLCT_PCDU_HEAT_MY_0p5,11555.5,test,MY,y,106.8921570247934,18.93162802267289,417.9870332139038,0.0,0.0,12.474230838930394,224.90041269073868,12.474230838930394,412.0536726622261,82.99215702479341,14.541987272727283
14_LTAN06_800km_1213COLD_MY_STTLCT_PCDU_HEAT_MY_0p5,11616.0,test,MY,y,106.98308099173552,18.85112201444393,419.4988934109889,0.0,0.0,12.474230838930394,224.90041269073868,12.474230838930394,413.81187714229617,83.08308099173553,14.589665619834705
14_LTAN06_800km_1213COLD_MY_STTLCT_PCDU_HEAT_MY_0p5,11676.5,test,MY,y,107.07670957095708,18.712997885543704,421.0661564067124,0.0,0.0,12.474230838930394,224.90041269073868,12.474230838930394,415.66294881574987,83.17670957095709,14.640805775577562
14_LTAN06_800km_1213COLD_MY_STTLCT_PCDU_HEAT_MY_0p5,11737.0,test,MY,y,107.17254214876034,18.518094199190607,422.6862647017649,0.0,0.0,12.474230838930394,224.90041269073868,12.474230838930394,417.5864821136595,83.27254214876035,14.6946049586777
14_LTAN06_800km_1213COLD_MY_STTLCT_PCDU_HEAT_MY_0p5,11797.5,test,MY,y,107.26854214876032,18.268888375922977,424.3548854647747,0.0,0.0,12.474230838930394,224.90041269073868,12.474230838930394,419.5264821204391,83.36854214876033,14.74915834710744
14_LTAN06_800km_1213COLD_MY_STTLCT_PCDU_HEAT_MY_0p5,11858.0,test,MY,y,107.3663867768595,17.964149765570426,426.0490412288356,0.0,0.0,12.474230838930394,224.90041269073868,12.474230838930394,421.5223247254084,83.46638677685951,14.80569520661156
14_LTAN06_800km_1213COLD_MY_STTLCT_PCDU_HEAT_MY_0p5,11918.5,test,MY,y,107.46331683168316,17.605924731044265,427.7675460122748,0.0,0.0,12.474230838930394,224.90041269073868,12.474230838930394,423.49507684772806,83.56331683168315,14.861480198019805
14_LTAN06_800km_1213COLD_MY_STTLCT_PCDU_HEAT_MY_0p5,11979.0,test,MY,y,107.56214545454544,17.197844867930545,429.5005918240145,0.0,0.0,12.474230838930394,224.90041269073868,12.474230838930394,425.5196565343885,83.66214545454545,14.91902214876032
14_LTAN06_800km_1213COLD_MY_STTLCT_PCDU_HEAT_MY_0p5,12039.5,test,MY,y,107.66114545454543,16.745663596770154,431.2259251481184,0.0,0.0,12.474230838930394,224.90041269073868,12.474230838930394,427.54524840164487,83.76114545454544,14.97653801652892
14_LTAN06_800km_1213COLD_MY_STTLCT_PCDU_HEAT_MY_0p5,12100.0,test,MY,y,107.76014545454544,16.251590080575934,432.94337863661946,0.0,0.0,12.474230838930394,224.90041269073868,12.474230838930394,429.56321469612516,83.86014545454543,15.033669752066118
14_LTAN06_800km_1213COLD_MY_STTLCT_PCDU_HEAT_MY_0p5,12160.5,test,MY,y,107.85899504950495,15.732079764935312,434.6435662972767,0.0,0.0,12.474230838930394,224.90041269073868,12.474230838930394,431.5701876599275,83.95899504950495,15.09031534653468
14_LTAN06_800km_1213COLD_MY_STTLCT_PCDU_HEAT_MY_0p5,12221.0,test,MY,y,107.95706280991736,15.202853221115774,436.3171603456615,0.0,0.0,12.474230838930394,224.90041269073868,12.474230838930394,433.54374497370577,84.05706280991737,15.145629256198362
14_LTAN06_800km_1213COLD_MY_STTLCT_PCDU_HEAT_MY_0p5,12281.5,test,MY,y,108.05506280991736,14.664509818217384,437.9645245786269,0.0,0.0,12.474230838930394,224.90041269073868,12.474230838930394,435.5053142763696,84.15506280991735,15.200369752066123
14_LTAN06_800km_1213COLD_MY_STTLCT_PCDU_HEAT_MY_0p5,12342.0,test,MY,y,108.15398181818182,14.128462957977437,439.6131912058997,0.0,0.0,12.474230838930394,224.90041269073868,12.474230838930394,437.4852302749396,84.25398181818181,15.255621157024777
14_LTAN06_800km_1213COLD_MY_STTLCT_PCDU_HEAT_MY_0p5,12402.5,test,MY,y,108.25374917491747,13.599475716903283,441.2736739812119,0.0,0.0,12.474230838930394,224.90041269073868,12.474230838930394,439.48294786860237,84.35374917491748,15.311387788778873
14_LTAN06_800km_1213COLD_MY_STTLCT_PCDU_HEAT_MY_0p5,12463.0,test,MY,y,108.35373553719008,13.077861863255771,442.94556545133946,0.0,0.0,12.474230838930394,224.90041269073868,12.474230838930394,441.47783251599753,84.45373553719008,15.366913223140472
14_LTAN06_800km_1213COLD_MY_STTLCT_PCDU_HEAT_MY_0p5,12523.5,test,MY,y,108.45557024793388,12.569182892207037,444.6682976641749,0.0,0.0,12.474230838930394,224.90041269073868,12.474230838930394,443.51602955557604,84.55557024793387,15.423789256198361
14_LTAN06_800km_1213COLD_MY_STTLCT_PCDU_HEAT_MY_0p5,12584.0,test,MY,y,108.55940495867767,12.073169567173816,446.441303095754,0.0,0.0,12.474230838930394,224.90041269073868,12.474230838930394,445.60185868129656,84.65940495867767,15.482165289256201
14_LTAN06_800km_1213COLD_MY_STTLCT_PCDU_HEAT_MY_0p5,12644.5,test,MY,y,108.6650792079208,11.589680934323406,448.2633157288996,0.0,0.0,12.474230838930394,224.90041269073868,12.474230838930394,447.7320843266494,84.76507920792079,15.54195049504952
14_LTAN06_800km_1213COLD_MY_STTLCT_PCDU_HEAT_MY_0p5,12705.0,test,MY,y,108.77381157024791,11.120209560567575,450.1407966101789,0.0,0.0,12.474230838930394,224.90041269073868,12.474230838930394,449.9391544814223,84.87381157024791,15.604231404958654
14_LTAN06_800km_1213COLD_MY_STTLCT_PCDU_HEAT_MY_0p5,12765.5,test,MY,y,108.88464297520662,10.664395287267698,452.0677066955146,0.0,0.0,12.474230838930394,224.90041269073868,12.474230838930394,452.19476223451016,84.98464297520661,15.668013388429756
14_LTAN06_800km_1213COLD_MY_STTLCT_PCDU_HEAT_MY_0p5,12826.0,test,MY,y,108.9974743801653,10.221765117842011,454.0326045442359,0.0,0.0,12.474230838930394,224.90041269073868,12.474230838930394,454.4978347311367,85.0974743801653,15.73328694214878
14_LTAN06_800km_1213COLD_MY_STTLCT_PCDU_HEAT_MY_0p5,12886.5,test,MY,y,109.11121782178218,9.791615011633036,456.0222406410064,0.0,0.0,12.474230838930394,224.90041269073868,12.474230838930394,456.81685696691954,85.21121782178218,15.798953795379532
14_LTAN06_800km_1213COLD_MY_STTLCT_PCDU_HEAT_MY_0p5,12947.0,test,MY,y,109.22702975206612,9.373401111131416,458.034395818527,0.0,0.0,12.474230838930394,224.90041269073868,12.474230838930394,459.18402125059936,85.32702975206612,15.866115537190069
14_LTAN06_800km_1213COLD_MY_STTLCT_PCDU_HEAT_MY_0p5,13007.5,test,MY,y,109.34394380165288,8.966144792551713,460.04533226779137,0.0,0.0,12.474230838930394,224.90041269073868,12.474230838930394,461.5710273723612,85.44394380165289,15.933781157024782
14_LTAN06_800km_1213COLD_MY_STTLCT_PCDU_HEAT_MY_0p5,13068.0,test,MY,y,109.46094380165287,8.569487695411846,462.0414184839224,0.0,0.0,12.474230838930394,224.90041269073868,12.474230838930394,463.946781677693,85.56094380165288,16.00084132231403
14_LTAN06_800km_1213COLD_MY_STTLCT_PCDU_HEAT_MY_0p5,13128.5,test,MY,y,109.57776732673268,8.183351598631269,464.02376041234,0.0,0.0,12.474230838930394,224.90041269073868,12.474230838930394,466.31051389164634,85.67776732673269,16.067375247524765
14_LTAN06_800km_1213COLD_MY_STTLCT_PCDU_HEAT_MY_0p5,13189.0,test,MY,y,106.879094214876,10.085718159120734,382.6763693745572,0.0,0.0,12.474230838930394,224.90041269073868,12.474230838930394,387.8735197325749,82.979094214876,13.329805619834687
14_LTAN06_800km_1213COLD_MY_STTLCT_PCDU_HEAT_MY_0p5,13249.5,test,MY,y,104.09348595041318,11.818273900838792,306.56538993700985,0.0,0.0,12.474230838930394,224.90041269073868,12.474230838930394,307.3983369123982,80.19348595041319,10.528659834710709
14_LTAN06_800km_1213COLD_MY_STTLCT_PCDU_HEAT_MY_0p5,13310.0,test,MY,y,101.49519173553716,13.382544914404482,235.4360770821919,0.0,0.0,12.474230838930394,224.90041269073868,12.474230838930394,232.74207278155848,77.59519173553716,7.936399669421462
14_LTAN06_800km_1213COLD_MY_STTLCT_PCDU_HEAT_MY_0p5,13370.5,test,MY,y,99.07103636363634,14.787585751529894,168.981206818106,0.0,0.0,12.474230838930394,224.90041269073868,12.474230838930394,163.4694536808322,75.17103636363635,5.537023636363614
14_LTAN06_800km_1213COLD_MY_STTLCT_PCDU_HEAT_MY_0p5,13431.0,test,MY,y,96.81359207920792,16.04335972802358,106.91417686912544,0.0,0.0,12.474230838930394,224.90041269073868,12.474230838930394,99.32434067322436,72.91359207920792,3.320969306930678
14_LTAN06_800km_1213COLD_MY_STTLCT_PCDU_HEAT_MY_0p5,13491.5,test,MY,y,94.70475421487602,17.161462730063846,48.94131987592635,0.0,0.0,12.474230838930394,224.90041269073868,12.474230838930394,39.74796171263404,70.80475421487603,1.268230909090903
14_LTAN06_800km_1213COLD_MY_STTLCT_PCDU_HEAT_MY_0p5,13552.0,test,MY,y,92.7355565289256,18.15451193802775,-5.239323482755794,0.0,0.0,12.474230838930394,224.90041269073868,12.474230838930394,-15.552490698507768,68.8355565289256,-0.6319092561983553
14_LTAN06_800km_1213COLD_MY_STTLCT_PCDU_HEAT_MY_0p5,13612.5,test,MY,y,90.89642462809915,19.03356020763592,-55.881650347834665,0.0,0.0,12.474230838930394,224.90041269073868,12.474230838930394,-66.88100605341066,66.99642462809916,-2.39045867768597
14_LTAN06_800km_1213COLD_MY_STTLCT_PCDU_HEAT_MY_0p5,13673.0,test,MY,y,89.17995280528054,19.812048609870995,-103.25131221586672,0.0,0.0,12.474230838930394,224.90041269073868,12.474230838930394,-114.47762732425963,65.27995280528054,-4.016178877887782
14_LTAN06_800km_1213COLD_MY_STTLCT_PCDU_HEAT_MY_0p5,13733.5,test,MY,y,87.5708090909091,20.50198772560172,-147.59611451494084,0.0,0.0,12.474230838930394,224.90041269073868,12.474230838930394,-158.79709053298922,63.670809090909096,-5.525081818181803
14_LTAN06_800km_1213COLD_MY_STTLCT_PCDU_HEAT_MY_0p5,13794.0,test,MY,y,86.0623090909091,21.11115452196219,-189.11942024657912,0.0,0.0,12.474230838930394,224.90041269073868,12.474230838930394,-200.05329348256922,62.1623090909091,-6.924936363636363
14_LTAN06_800km_1213COLD_MY_STTLCT_PCDU_HEAT_MY_0p5,13854.5,test,MY,y,84.64472727272727,21.647069636712057,-228.0450542376902,0.0,0.0,12.474230838930394,224.90041269073868,12.474230838930394,-238.5408370815679,60.74472727272727,-8.226209090909094
14_LTAN06_800km_1213COLD_MY_STTLCT_PCDU_HEAT_MY_0p5,13915.0,test,MY,y,83.31213630363037,22.117552088050164,-264.5610854562183,0.0,0.0,12.474230838930394,224.90041269073868,12.474230838930394,-274.4478891994373,59.41213630363037,-9.435713201320127
14_LTAN06_800km_1213COLD_MY_STTLCT_PCDU_HEAT_MY_0p5,13975.5,test,MY,y,82.05384132231406,22.52982796901737,-298.8291620580035,0.0,0.0,12.474230838930394,224.90041269073868,12.474230838930394,-308.0839276011104,58.15384132231406,-10.564228760330565
14_LTAN06_800km_1213COLD_MY_STTLCT_PCDU_HEAT_MY_0p5,14036.0,test,MY,y,80.86404710743801,22.892764250415524,-331.0358505321192,0.0,0.0,12.474230838930394,224.90041269073868,12.474230838930394,-339.629987722058,56.96404710743801,-11.618269090909095
14_LTAN06_800km_1213COLD_MY_STTLCT_PCDU_HEAT_MY_0p5,14096.5,test,MY,y,79.73762495867769,23.211766402402343,-361.3200998696138,0.0,0.0,12.474230838930394,224.90041269073868,12.474230838930394,-369.240550273052,55.83762495867769,-12.60330958677686
14_LTAN06_800km_1213COLD_MY_STTLCT_PCDU_HEAT_MY_0p5,14157.0,test,MY,y,78.67133811881189,23.49024624678123,-389.82383493563947,0.0,0.0,12.474230838930394,224.90041269073868,12.474230838930394,-397.020895077925,54.77133811881189,-13.523198019801995
14_LTAN06_800km_1213COLD_MY_STTLCT_PCDU_HEAT_MY_0p5,14217.5,test,MY,y,80.46557785123964,21.443325931701235,-332.9017688074186,0.0,0.0,12.474230838930394,224.90041269073868,12.474230838930394,-342.5692494512557,56.565577851239645,-11.58713471074384
14_LTAN06_800km_1213COLD_MY_STTLCT_PCDU_HEAT_MY_0p5,14278.0,test,MY,y,82.4455474380165,19.53039363422882,-278.90740671659523,0.0,0.0,12.474230838930394,224.90041269073868,12.474230838930394,-283.0687966334417,58.545547438016506,-9.480267107438038
14_LTAN06_800km_1213COLD_MY_STTLCT_PCDU_HEAT_MY_0p5,14338.5,test,MY,y,84.30507206611568,17.759560061278577,-227.92795851068183,0.0,0.0,12.474230838930394,224.90041269073868,12.474230838930394,-227.31968696825356,60.405072066115686,-7.508204628099193
14_LTAN06_800km_1213COLD_MY_STTLCT_PCDU_HEAT_MY_0p5,14399.0,test,MY,y,86.0425372937294,16.133148899200975,-179.97702498070066,0.0,0.0,12.474230838930394,224.90041269073868,12.474230838930394,-175.34474408071844,62.1425372937294,-5.671370957095689
14_LTAN06_800km_1213COLD_MY_STTLCT_PCDU_HEAT_MY_0p5,14459.5,test,MY,y,87.66482826446283,14.647182326124678,-134.9931835841286,0.0,0.0,12.474230838930394,224.90041269073868,12.474230838930394,-126.91231403020811,63.76482826446283,-3.9611930578512187
14_LTAN06_800km_1213COLD_MY_STTLCT_PCDU_HEAT_MY_0p5,14520.0,test,MY,y,89.171339338843,13.294513291462328,-92.89889913628647,0.0,0.0,12.474230838930394,224.90041269073868,12.474230838930394,-82.02014155824656,65.271339338843,-2.377284958677663
14_LTAN06_800km_1213COLD_MY_STTLCT_PCDU_HEAT_MY_0p5,14580.5,test,MY,y,90.56556694214878,12.067444787182426,-53.5876760713527,0.0,0.0,12.474230838930394,224.90041269073868,12.474230838930394,-40.54787036076681,66.66556694214879,-0.9151561983471055
14_LTAN06_800km_1213COLD_MY_STTLCT_PCDU_HEAT_MY_0p5,14641.0,test,MY,y,91.85123267326732,10.958393173143422,-16.929794911523796,0.0,0.0,12.474230838930394,224.90041269073868,12.474230838930394,-2.366697346808394,67.95123267326733,0.43000792079207883
14_LTAN06_800km_1213COLD_MY_STTLCT_PCDU_HEAT_MY_0p5,14701.5,test,MY,y,93.03926214876034,9.959173823081086,17.21583638896667,0.0,0.0,12.474230838930394,224.90041269073868,12.474230838930394,32.85619355065262,69.13926214876034,1.6700593388429894
14_LTAN06_800km_1213COLD_MY_STTLCT_PCDU_HEAT_MY_0p5,14762.0,test,MY,y,94.1342023140496,9.061843646890836,48.98367115936247,0.0,0.0,12.474230838930394,224.90041269073868,12.474230838930394,65.2657110707217,70.23420231404961,2.810252892562005
14_LTAN06_800km_1213COLD_MY_STTLCT_PCDU_HEAT_MY_0p5,14822.5,test,MY,y,95.141767107438,8.258786830059407,78.50665252922904,0.0,0.0,12.474230838930394,224.90041269073868,12.474230838930394,95.03840626938097,71.241767107438,3.8569125619834637
14_LTAN06_800km_1213COLD_MY_STTLCT_PCDU_HEAT_MY_0p5,14883.0,test,MY,y,96.06576831683168,7.54364644075642,105.9328830448928,0.0,0.0,12.474230838930394,224.90041269073868,12.474230838930394,122.29670206163621,72.16576831683167,4.814491089108898
14_LTAN06_800km_1213COLD_MY_STTLCT_PCDU_HEAT_MY_0p5,14943.5,test,MY,y,96.91509586776858,6.9105462329724805,131.38653781310225,0.0,0.0,12.474230838930394,224.90041269073868,12.474230838930394,147.30876397396088,73.0150958677686,5.692499173553699
14_LTAN06_800km_1213COLD_MY_STTLCT_PCDU_HEAT_MY_0p5,15004.0,test,MY,y,97.69529917355372,6.356762763937201,155.00073955608187,0.0,0.0,12.474230838930394,224.90041269073868,12.474230838930394,170.24149478686695,73.79529917355373,6.496848760330579
14_LTAN06_800km_1213COLD_MY_STTLCT_PCDU_HEAT_MY_0p5,15064.5,test,MY,y,98.41329834710744,5.884676352266719,176.92461446798703,0.0,0.0,12.474230838930394,224.90041269073868,12.474230838930394,191.30366904238377,74.51329834710745,7.234944628099157
14_LTAN06_800km_1213COLD_MY_STTLCT_PCDU_HEAT_MY_0p5,15125.0,test,MY,y,99.07385123966942,5.487809242576066,197.26336743358172,0.0,0.0,12.474230838930394,224.90041269073868,12.474230838930394,210.63856163943439,75.17385123966943,7.911864462809902
14_LTAN06_800km_1213COLD_MY_STTLCT_PCDU_HEAT_MY_0p5,15185.5,test,MY,y,99.68119191419142,5.175993673482644,216.11980045391903,0.0,0.0,12.474230838930394,224.90041269073868,12.474230838930394,228.37182254265917,75.78119191419142,8.532033663366335
14_LTAN06_800km_1213COLD_MY_STTLCT_PCDU_HEAT_MY_0p5,15246.0,test,MY,y,100.24193041322314,4.958423447400188,233.59113305147807,0.0,0.0,12.474230838930394,224.90041269073868,12.474230838930394,244.70024150592263,76.34193041322314,9.10239272727273
14_LTAN06_800km_1213COLD_MY_STTLCT_PCDU_HEAT_MY_0p5,15306.5,test,MY,y,100.75837685950412,4.828172522880953,249.7661064414021,0.0,0.0,12.474230838930394,224.90041269073868,12.474230838930394,259.69050064631074,76.85837685950412,9.625261818181798
14_LTAN06_800km_1213COLD_MY_STTLCT_PCDU_HEAT_MY_0p5,15367.0,test,MY,y,101.2317123966942,4.787639805531734,264.70648986688803,0.0,0.0,12.474230838930394,224.90041269073868,12.474230838930394,273.3765506926792,77.3317123966942,10.10181999999999
14_LTAN06_800km_1213COLD_MY_STTLCT_PCDU_HEAT_MY_0p5,15427.5,test,MY,y,101.66500660066006,4.835255293358223,278.482883763543,0.0,0.0,12.474230838930394,224.90041269073868,12.474230838930394,285.84852153986657,77.76500660066006,10.53522706270627
14_LTAN06_800km_1213COLD_MY_STTLCT_PCDU_HEAT_MY_0p5,15488.0,test,MY,y,102.063520661157,4.966327694172612,291.16977392856234,0.0,0.0,12.474230838930394,224.90041269073868,12.474230838930394,297.25811520242934,78.16352066115701,10.93075884297518
14_LTAN06_800km_1213COLD_MY_STTLCT_PCDU_HEAT_MY_0p5,15548.5,test,MY,y,102.42800495867768,5.174885269280566,302.8111016898195,0.0,0.0,12.474230838930394,224.90041269073868,12.474230838930394,307.6214845158475,78.52800495867768,11.288891570247912
14_LTAN06_800km_1213COLD_MY_STTLCT_PCDU_HEAT_MY_0p5,15609.0,test,MY,y,102.76297685950412,5.4555018772534165,313.47303278943303,0.0,0.0,12.474230838930394,224.90041269073868,12.474230838930394,317.07158808748096,78.86297685950413,11.614291404958678
14_LTAN06_800km_1213COLD_MY_STTLCT_PCDU_HEAT_MY_0p5,15669.5,test,MY,y,103.07029207920792,5.801425347627215,323.2170199688407,0.0,0.0,12.474230838930394,224.90041269073868,12.474230838930394,325.66440216268785,79.17029207920791,11.908943564356434
14_LTAN06_800km_1213COLD_MY_STTLCT_PCDU_HEAT_MY_0p5,15730.0,test,MY,y,103.35105123966942,6.198684020063406,332.09265070364484,0.0,0.0,12.474230838930394,224.90041269073868,12.474230838930394,333.4276296484508,79.45105123966943,12.173748595041317
14_LTAN06_800km_1213COLD_MY_STTLCT_PCDU_HEAT_MY_0p5,15790.5,test,MY,y,103.60844628099174,6.644189181052934,340.1563591432955,0.0,0.0,12.474230838930394,224.90041269073868,12.474230838930394,340.4564662904618,79.70844628099175,12.412066446280988
14_LTAN06_800km_1213COLD_MY_STTLCT_PCDU_HEAT_MY_0p5,15851.0,test,MY,y,103.84373719008263,7.130746618506199,347.4679191039017,0.0,0.0,12.474230838930394,224.90041269073868,12.474230838930394,346.7911877561853,79.94373719008263,12.625359338842955
14_LTAN06_800km_1213COLD_MY_STTLCT_PCDU_HEAT_MY_0p5,15911.5,test,MY,y,104.059399339934,7.64893022341356,354.08706438500246,0.0,0.0,12.474230838930394,224.90041269073868,12.474230838930394,352.50241004394286,80.159399339934,12.816071287128722
14_LTAN06_800km_1213COLD_MY_STTLCT_PCDU_HEAT_MY_0p5,15972.0,test,MY,y,104.2581603305785,8.19591692430406,360.05836568672026,0.0,0.0,12.474230838930394,224.90041269073868,12.474230838930394,357.67067520606713,80.3581603305785,12.987032892561984
14_LTAN06_800km_1213COLD_MY_STTLCT_PCDU_HEAT_MY_0p5,16032.5,test,MY,y,104.44085289256198,8.762737352370214,365.4382589771136,0.0,0.0,12.474230838930394,224.90041269073868,12.474230838930394,362.3226121483757,80.54085289256199,13.139211074380157
14_LTAN06_800km_1213COLD_MY_STTLCT_PCDU_HEAT_MY_0p5,16093.0,test,MY,y,104.60843966942149,9.343514393452788,370.2742126060036,0.0,0.0,12.474230838930394,224.90041269073868,12.474230838930394,366.4844472198125,80.7084396694215,13.273494049586759
14_LTAN06_800km_1213COLD_MY_STTLCT_PCDU_HEAT_MY_0p5,16153.5,test,MY,y,104.76169636963697,9.93694201194872,374.6015040556567,0.0,0.0,12.474230838930394,224.90041269073868,12.474230838930394,370.18644957578033,80.86169636963697,13.391057755775563
14_LTAN06_800km_1213COLD_MY_STTLCT_PCDU_HEAT_MY_0p5,16214.0,test,MY,y,104.90385123966942,10.533852408696449,378.47718047809593,0.0,0.0,12.474230838930394,224.90041269073868,12.474230838930394,373.52577654849335,81.00385123966942,13.495344628099176
14_LTAN06_800km_1213COLD_MY_STTLCT_PCDU_HEAT_MY_0p5,16274.5,test,MY,y,105.03503305785124,11.131578951645334,381.9364684243292,0.0,0.0,12.474230838930394,224.90041269073868,12.474230838930394,376.5092683287509,81.13503305785125,13.586641322314037
14_LTAN06_800km_1213COLD_MY_STTLCT_PCDU_HEAT_MY_0p5,16335.0,test,MY,y,105.15610743801652,11.728755642183344,385.0099960378917,0.0,0.0,12.474230838930394,224.90041269073868,12.474230838930394,379.163948173792,81.25610743801653,13.665919834710735
14_LTAN06_800km_1213COLD_MY_STTLCT_PCDU_HEAT_MY_0p5,16395.5,test,MY,y,105.26969306930692,12.315734822328336,387.7679326487278,0.0,0.0,12.474230838930394,224.90041269073868,12.474230838930394,381.5702138108031,81.36969306930692,13.736052475247519
14_LTAN06_800km_1213COLD_MY_STTLCT_PCDU_HEAT_MY_0p5,16456.0,test,MY,y,105.37643636363636,12.892507375583078,390.23012343232085,0.0,0.0,12.474230838930394,224.90041269073868,12.474230838930394,383.74475131182623,81.47643636363637,13.797589090909085
14_LTAN06_800km_1213COLD_MY_STTLCT_PCDU_HEAT_MY_0p5,16516.5,test,MY,y,105.47709090909092,13.457337041114704,392.42649804208514,0.0,0.0,12.474230838930394,224.90041269073868,12.474230838930394,385.7172320541119,81.57709090909091,13.85168545454546
14_LTAN06_800km_1213COLD_MY_STTLCT_PCDU_HEAT_MY_0p5,16577.0,test,MY,y,105.57263636363636,14.005607194060303,394.4028258915269,0.0,0.0,12.474230838930394,224.90041269073868,12.474230838930394,387.52571483520006,81.67263636363637,13.899818181818162
14_LTAN06_800km_1213COLD_MY_STTLCT_PCDU_HEAT_MY_0p5,16637.5,test,MY,y,105.6639389438944,14.537477935590788,396.17441195697535,0.0,0.0,12.474230838930394,224.90041269073868,12.474230838930394,389.1976208335552,81.7639389438944,13.942979042904298
14_LTAN06_800km_1213COLD_MY_STTLCT_PCDU_HEAT_MY_0p5,16698.0,test,MY,y,105.7513652892562,15.047990744230557,397.78071011846754,0.0,0.0,12.474230838930394,224.90041269073868,12.474230838930394,390.74264907427886,81.8513652892562,13.981491735537205
14_LTAN06_800km_1213COLD_MY_STTLCT_PCDU_HEAT_MY_0p5,16758.5,test,MY,y,105.83569752066116,15.53286739779154,399.2581038016739,0.0,0.0,12.474230838930394,224.90041269073868,12.474230838930394,392.1880915011904,81.93569752066117,14.016379338842981
14_LTAN06_800km_1213COLD_MY_STTLCT_PCDU_HEAT_MY_0p5,16819.0,test,MY,y,105.91702975206611,15.993381194013686,400.6149094258242,0.0,0.0,12.474230838930394,224.90041269073868,12.474230838930394,393.54080211652354,82.01702975206612,14.047944793388439
14_LTAN06_800km_1213COLD_MY_STTLCT_PCDU_HEAT_MY_0p5,16879.5,test,MY,y,105.99702310231024,16.426520864111094,401.8919633002934,0.0,0.0,12.474230838930394,224.90041269073868,12.474230838930394,394.85400998351696,82.09702310231023,14.078122442244236
14_LTAN06_800km_1213COLD_MY_STTLCT_PCDU_HEAT_MY_0p5,16940.0,test,MY,y,106.07523305785124,16.831423324818648,403.1079464451613,0.0,0.0,12.474230838930394,224.90041269073868,12.474230838930394,396.1161660117773,82.17523305785124,14.10653041322314
14_LTAN06_800km_1213COLD_MY_STTLCT_PCDU_HEAT_MY_0p5,17000.5,test,MY,y,106.15323305785124,17.20892260211495,404.2675336622476,0.0,0.0,12.474230838930394,224.90041269073868,12.474230838930394,397.37231914696844,82.25323305785125,14.134730413223139
14_LTAN06_800km_1213COLD_MY_STTLCT_PCDU_HEAT_MY_0p5,17061.0,test,MY,y,106.23123305785124,17.552412992860685,405.4093930318372,0.0,0.0,12.474230838930394,224.90041269073868,12.474230838930394,398.6408064164396,82.33123305785125,14.163551735537197
14_LTAN06_800km_1213COLD_MY_STTLCT_PCDU_HEAT_MY_0p5,17121.5,test,MY,y,106.30923305785124,17.86276491465428,406.5377955395489,0.0,0.0,12.474230838930394,224.90041269073868,12.474230838930394,399.91790362694564,82.40923305785125,14.192806776859527
14_LTAN06_800km_1213COLD_MY_STTLCT_PCDU_HEAT_MY_0p5,17182.0,test,MY,y,106.38800495049506,18.139657355842893,407.6623672755722,0.0,0.0,12.474230838930394,224.90041269073868,12.474230838930394,401.22831912223836,82.48800495049505,14.223393069306937
14_LTAN06_800km_1213COLD_MY_STTLCT_PCDU_HEAT_MY_0p5,17242.5,test,MY,y,106.46787603305783,18.376344695412904,408.82295501877496,0.0,0.0,12.474230838930394,224.90041269073868,12.474230838930394,402.5843322186335,82.56787603305784,14.255781983471053
14_LTAN06_800km_1213COLD_MY_STTLCT_PCDU_HEAT_MY_0p5,17303.0,test,MY,y,106.54876198347108,18.574766892943803,410.0177543305892,0.0,0.0,12.474230838930394,224.90041269073868,12.474230838930394,403.98525315868767,82.64876198347108,14.289976694214886
14_LTAN06_800km_1213COLD_MY_STTLCT_PCDU_HEAT_MY_0p5,17363.5,test,MY,y,106.63153388429753,18.732963995310254,411.2548342483784,0.0,0.0,12.474230838930394,224.90041269073868,12.474230838930394,405.45457207982105,82.73153388429753,14.32676876033058
14_LTAN06_800km_1213COLD_MY_STTLCT_PCDU_HEAT_MY_0p5,17424.0,test,MY,y,106.71529702970297,18.846748264456902,412.5472587542855,0.0,0.0,12.474230838930394,224.90041269073868,12.474230838930394,406.9693815615576,82.81529702970298,14.365406600660066
14_LTAN06_800km_1213COLD_MY_STTLCT_PCDU_HEAT_MY_0p5,17484.5,test,MY,y,106.8001652892562,18.9177472358805,413.8911061069288,0.0,0.0,12.474230838930394,224.90041269073868,12.474230838930394,408.5289564893471,82.9001652892562,14.405802479338846
14_LTAN06_800km_1213COLD_MY_STTLCT_PCDU_HEAT_MY_0p5,17545.0,test,MY,y,106.88693388429752,18.93947479888877,415.2917095888648,0.0,0.0,12.474230838930394,224.90041269073868,12.474230838930394,410.15519058554014,82.98693388429751,14.448701652892566
14_LTAN06_800km_1213COLD_MY_STTLCT_PCDU_HEAT_MY_0p5,17605.5,test,MY,y,106.9765867768595,18.90888867655914,416.7513611292308,0.0,0.0,12.474230838930394,224.90041269073868,12.474230838930394,411.87809790346614,83.0765867768595,14.495173553719027
14_LTAN06_800km_1213COLD_MY_STTLCT_PCDU_HEAT_MY_0p5,17666.0,test,MY,y,107.0673382838284,18.82829945031916,418.2666082848007,0.0,0.0,12.474230838930394,224.90041269073868,12.474230838930394,413.64599381422573,83.1673382838284,14.543417656765683
14_LTAN06_800km_1213COLD_MY_STTLCT_PCDU_HEAT_MY_0p5,17726.5,test,MY,y,107.16008595041323,18.69012620972232,419.83729461866056,0.0,0.0,12.474230838930394,224.90041269073868,12.474230838930394,415.48391259384994,83.26008595041324,14.594291404958668
14_LTAN06_800km_1213COLD_MY_STTLCT_PCDU_HEAT_MY_0p5,17787.0,test,MY,y,107.25485123966943,18.49517431493382,421.4609062875506,0.0,0.0,12.474230838930394,224.90041269073868,12.474230838930394,417.390124597011,83.35485123966944,14.647698016528949
14_LTAN06_800km_1213COLD_MY_STTLCT_PCDU_HEAT_MY_0p5,17847.5,test,MY,y,107.35073388429753,18.24595940075288,423.133146839191,0.0,0.0,12.474230838930394,224.90041269073868,12.474230838930394,419.3384185716314,83.45073388429753,14.70272198347108
14_LTAN06_800km_1213COLD_MY_STTLCT_PCDU_HEAT_MY_0p5,17908.0,test,MY,y,107.44747524752476,17.941183498141598,424.8308969262548,0.0,0.0,12.474230838930394,224.90041269073868,12.474230838930394,421.31726860922527,83.54747524752477,14.758899009901
14_LTAN06_800km_1213COLD_MY_STTLCT_PCDU_HEAT_MY_0p5,17968.5,test,MY,y,107.5444561983471,17.5829784706285,426.5530615161367,0.0,0.0,12.474230838930394,224.90041269073868,12.474230838930394,423.30246402736066,83.64445619834711,14.815287933884306
14_LTAN06_800km_1213COLD_MY_STTLCT_PCDU_HEAT_MY_0p5,18029.0,test,MY,y,107.64233719008264,17.17490588163813,428.28988354954936,0.0,0.0,12.474230838930394,224.90041269073868,12.474230838930394,425.31340335405133,83.74233719008265,14.872568925619845
14_LTAN06_800km_1213COLD_MY_STTLCT_PCDU_HEAT_MY_0p5,18089.5,test,MY,y,107.74121818181818,16.722786459059197,430.01896035321766,0.0,0.0,12.474230838930394,224.90041269073868,12.474230838930394,427.3478748976319,83.84121818181819,14.930585619834702
14_LTAN06_800km_1213COLD_MY_STTLCT_PCDU_HEAT_MY_0p5,18150.0,test,MY,y,107.83919471947196,16.228761143687855,431.74019370120885,0.0,0.0,12.474230838930394,224.90041269073868,12.474230838930394,429.3515508371677,83.93919471947197,14.987457755775608
