split,model,rmse_x_urad,rmse_y_urad,rmse_norm_urad,mae_x_urad,mae_y_urad,mae_norm_urad,p95_error_norm_urad,max_error_norm_urad
train,no_correction,14.878903998884775,189.47106243981813,190.05437455181473,14.393532256831385,189.46461798524342,190.05018137735235,191.82192922595033,191.88427135460657
train,static_bias_correction,3.76935185139086,1.5627007964528674,4.08044693125865,3.3043894598462624,1.3533170707031013,3.592346732399055,6.756048446370406,6.907188833690246
train,sunface_my_correction,3.76935185139086,0.062293376540892884,3.7698665552436426,3.3043894598462624,0.05079687631901392,3.305689568761651,6.281872081865726,6.3761468287226455
test,no_correction,15.458941758480028,189.12033810135097,189.75110319537373,15.027729786184777,189.1140843490514,189.74704573614832,191.4858052420179,191.6177871145487
test,static_bias_correction,3.680818424172854,1.5774213829096781,4.004582686247222,3.2256827961984857,1.3711478582100063,3.5202116278970017,6.884539239388949,7.04425700069703
test,sunface_my_correction,3.680818424172854,0.06621527795174824,3.6814139586257566,3.2256827961984857,0.055395083201418345,3.226982867245378,6.3113687661269715,6.408958742093847
all,no_correction,15.266768055329768,189.2380954744971,189.85291934987495,14.814925964042942,189.2317052701657,189.84876234665197,191.60904591408726,191.88427135460657
all,static_bias_correction,3.7107611337354043,1.572497279130598,4.030197995696291,3.2520926733693343,1.3651647700432377,3.5444164304043357,6.847372501215482,7.04425700069703
all,sunface_my_correction,3.7107611337354043,0.06492570626899487,3.711329079854789,3.2520926733693343,0.053852163284066695,3.253392757122931,6.31093601464515,6.408958742093847
