case_id,time_s,split,sun_direction,dominant_axis,t_sunface_c,t_opposite_c,t_sunface_minus_opposite_c,t_prop_attach_c,t_pcdu_attach_c,t_prop_attach_minus_ref_c,t_pcdu_attach_minus_ref_c,dtheta_x_true_urad,dtheta_y_true_urad,dtheta_x_pred_no_correction_urad,dtheta_y_pred_no_correction_urad,dtheta_x_pred_static_bias_urad,dtheta_y_pred_static_bias_urad,dtheta_x_pred_compo_urad,dtheta_y_pred_compo_urad
11_LTAN06_800km_1213COLD_MY_ALL_HEAT_MY_Black,0.0,train,MY,y,104.994,99.5825,5.411500000000004,100.37,104.875,76.47,80.975,18.48091511781468,124.65831260792864,0.0,0.0,17.640941324121716,97.2933488946292,17.640941324121716,126.1259360917793
11_LTAN06_800km_1213COLD_MY_ALL_HEAT_MY_Black,60.5,train,MY,y,105.4878024790084,99.57910135945622,5.908701119552177,100.3670011995202,105.3688024790084,76.46700119952021,81.46880247900839,17.89309051876549,138.1609161748895,0.0,0.0,17.640941324121716,97.2933488946292,17.640941324121716,139.45133801035627
11_LTAN06_800km_1213COLD_MY_ALL_HEAT_MY_Black,121.0,train,MY,y,105.95462963330128,99.57929984138472,6.375329791916556,100.36600079307644,105.8326320125306,76.46600079307643,81.9326320125306,17.312163067345978,150.9347561748824,0.0,0.0,17.640941324121716,97.2933488946292,17.640941324121716,152.3000210320606
11_LTAN06_800km_1213COLD_MY_ALL_HEAT_MY_Black,181.5,train,MY,y,106.3944693102024,99.58299553738124,6.811473772821159,100.36699879388682,106.26747534076829,76.46699879388683,82.3674753407683,16.738417172328745,162.9957596884584,0.0,0.0,17.640941324121716,97.2933488946292,17.640941324121716,164.46245107923096
11_LTAN06_800km_1213COLD_MY_ALL_HEAT_MY_Black,242.0,train,MY,y,106.80933489194368,99.5896892621109,7.219645629832783,100.37099358931994,106.6763445079638,76.47099358931993,82.77634450796381,16.181278024544735,174.3961026113748,0.0,0.0,17.640941324121716,97.2933488946292,17.640941324121716,176.127075486369
11_LTAN06_800km_1213COLD_MY_ALL_HEAT_MY_Black,302.5,train,MY,y,107.20021831009186,99.59938060769282,7.6008377023990334,100.37698800475845,107.06023230454036,76.47698800475845,83.16023230454036,15.644726960755293,185.17612831392023,0.0,0.0,17.640941324121716,97.2933488946292,17.640941324121716,187.08126704242022
11_LTAN06_800km_1213COLD_MY_ALL_HEAT_MY_Black,363.0,train,MY,y,107.56811836626792,99.6115707719252,7.956547594342723,100.38597843830546,107.42213274073094,76.48597843830547,83.52213274073094,15.12860611660282,195.3682002573936,0.0,0.0,17.640941324121716,97.2933488946292,17.640941324121716,197.2510041519854
11_LTAN06_800km_1213COLD_MY_ALL_HEAT_MY_Black,423.5,train,MY,y,107.91802270173817,99.62605951192914,8.291963189809024,100.39597207719252,107.76404503998414,76.49597207719253,83.86404503998415,14.638404175958376,205.04445047240503,0.0,0.0,17.640941324121716,97.2933488946292,17.640941324121716,207.0484413775157
11_LTAN06_800km_1213COLD_MY_ALL_HEAT_MY_Black,484.0,train,MY,y,108.2509326394052,99.6426467922346,8.608285847170606,100.40895833126808,108.08796148698885,76.50895833126808,84.18796148698885,14.172435346690431,214.2378517801688,0.0,0.0,17.640941324121716,97.2933488946292,17.640941324121716,216.795890129677
11_LTAN06_800km_1213COLD_MY_ALL_HEAT_MY_Black,544.5,train,MY,y,108.5678582050096,99.6613326449012,8.906525560108406,100.42294957372282,108.39589062190204,76.52294957372283,84.49589062190205,13.72886381928034,222.9785484704936,0.0,0.0,17.640941324121716,97.2933488946292,17.640941324121716,225.80861898986768
11_LTAN06_800km_1213COLD_MY_ALL_HEAT_MY_Black,605.0,train,MY,y,108.86979247901658,99.68201723283326,9.187775246183321,100.43893602537835,108.6878324631551,76.53893602537835,84.7878324631551,13.306395835104455,231.29724144511843,0.0,0.0,17.640941324121716,97.2933488946292,17.640941324121716,234.61060044231272
11_LTAN06_800km_1213COLD_MY_ALL_HEAT_MY_Black,665.5,train,MY,y,109.15773425418016,99.7044015531029,9.453332701077258,100.45692089088624,108.96677380873705,76.55692089088623,85.06677380873705,12.903391113372972,239.2206534767831,0.0,0.0,17.640941324121716,97.2933488946292,17.640941324121716,242.8391015753332
11_LTAN06_800km_1213COLD_MY_ALL_HEAT_MY_Black,726.0,train,MY,y,109.43367754940188,99.72858404599828,9.705093503403603,100.47690417024651,109.23372067279097,76.57690417024651,85.33372067279097,12.518888283675269,246.77538001045383,0.0,0.0,17.640941324121716,97.2933488946292,17.640941324121716,250.7542658195307
11_LTAN06_800km_1213COLD_MY_ALL_HEAT_MY_Black,786.5,train,MY,y,109.69762602230485,99.75436572490706,9.943260297397785,100.49789070631972,109.48867286245353,76.59789070631973,85.58867286245354,12.152197015758915,253.9867413787792,0.0,0.0,17.640941324121716,97.2933488946292,17.640941324121716,258.1708271757707
11_LTAN06_800km_1213COLD_MY_ALL_HEAT_MY_Black,847.0,train,MY,y,109.9505829257815,99.78174653030202,10.168836395479488,100.52186557398718,109.7346221333686,76.62186557398718,85.83462213336861,11.80184663728576,260.8765981965917,0.0,0.0,17.640941324121716,97.2933488946292,17.640941324121716,265.12254989134453
11_LTAN06_800km_1213COLD_MY_ALL_HEAT_MY_Black,907.5,train,MY,y,110.1935425781508,99.8106266687595,10.3829159093913,100.54685005948052,109.96959055911704,76.64685005948053,86.06959055911705,11.467215936876016,267.4412961150348,0.0,0.0,17.640941324121716,97.2933488946292,17.640941324121716,271.88844315874667
11_LTAN06_800km_1213COLD_MY_ALL_HEAT_MY_Black,968.0,train,MY,y,110.42750376710066,99.84100561760624,10.586498149494417,100.57283375190006,110.19356770867756,76.67283375190007,86.29356770867756,11.147203438797424,273.68704516685096,0.0,0.0,17.640941324121716,97.2933488946292,17.640941324121716,278.7306070160921
11_LTAN06_800km_1213COLD_MY_ALL_HEAT_MY_Black,1028.5,train,MY,y,110.65148256034897,99.87278457776382,10.778697982585143,100.60081032004362,110.4095367546222,76.70081032004362,86.50953675462219,10.840564971848831,279.63569868920763,0.0,0.0,17.640941324121716,97.2933488946292,17.640941324121716,284.95188697087724
11_LTAN06_800km_1213COLD_MY_ALL_HEAT_MY_Black,1089.0,train,MY,y,107.79790599702628,99.89265607136956,7.905249925656719,100.62184734842226,107.55392053527176,76.72184734842227,83.65392053527177,12.842078955460488,202.01233133599416,0.0,0.0,17.640941324121716,97.2933488946292,17.640941324121716,209.25574111908645
11_LTAN06_800km_1213COLD_MY_ALL_HEAT_MY_Black,1149.5,train,MY,y,105.11737012557832,99.88873116325182,5.2286389623264995,100.62696199603435,104.8852789160608,76.72696199603436,80.98527891606079,14.656590864880132,129.441648203936,0.0,0.0,17.640941324121716,97.2933488946292,17.640941324121716,137.31132070752574
11_LTAN06_800km_1213COLD_MY_ALL_HEAT_MY_Black,1210.0,train,MY,y,102.61980436219432,99.8641959021811,2.755608460013221,100.61707931262391,102.4106219431593,76.71707931262392,78.5106219431593,16.291484510822247,61.68230673743539,0.0,0.0,17.640941324121716,97.2933488946292,17.640941324121716,69.4570533566366
11_LTAN06_800km_1213COLD_MY_ALL_HEAT_MY_Black,1270.5,train,MY,y,100.2926063109202,99.8215606145713,0.47104569634890936,100.5941937882042,100.11632826697505,76.69419378820419,76.21632826697504,17.763554006852274,-1.5753320030482283,0.0,0.0,17.640941324121716,97.2933488946292,17.640941324121716,5.416857873351546
11_LTAN06_800km_1213COLD_MY_ALL_HEAT_MY_Black,1331.0,train,MY,y,98.1250764871117,99.76311318572374,-1.6380366986120407,100.55930651024454,97.98852794117649,76.65930651024453,74.0885279411765,19.08297046023484,-60.6068233164656,0.0,0.0,17.640941324121716,97.2933488946292,17.640941324121716,-54.70728851207241
11_LTAN06_800km_1213COLD_MY_ALL_HEAT_MY_Black,1391.5,train,MY,y,96.10508547827524,99.690671666942,-3.5855861886667526,100.51441632248472,96.01376638030727,76.61441632248471,72.11376638030728,20.2615727000809,-115.6953332461722,0.0,0.0,17.640941324121716,97.2933488946292,17.640941324121716,-110.92405957921437
11_LTAN06_800km_1213COLD_MY_ALL_HEAT_MY_Black,1452.0,train,MY,y,94.2199603106411,99.60591364838068,-5.385953337739579,100.45853668208856,94.17749167217448,76.55853668208857,70.27749167217448,21.3120185306807,-167.1326540071473,0.0,0.0,17.640941324121716,97.2933488946292,17.640941324121716,-163.8046341644622
11_LTAN06_800km_1213COLD_MY_ALL_HEAT_MY_Black,1512.5,train,MY,y,92.460527589625,99.51026543862548,-7.049737849000479,100.3936550470841,92.46891463736988,76.4936550470841,68.56891463736989,22.24586363234979,-215.16448875568847,0.0,0.0,17.640941324121716,97.2933488946292,17.640941324121716,-213.11042762843863
11_LTAN06_800km_1213COLD_MY_ALL_HEAT_MY_Black,1573.0,train,MY,y,90.8156168043622,99.4047992729676,-8.5891824686054,100.31977032385988,90.8758765366821,76.4197703238599,66.97587653668211,23.075687991271096,-260.05266191613845,0.0,0.0,17.640941324121716,97.2933488946292,17.640941324121716,-259.18758776521645
11_LTAN06_800km_1213COLD_MY_ALL_HEAT_MY_Black,1633.5,train,MY,y,89.27533676470588,99.2906276107072,-10.01529084600132,100.236891440846,89.38767719762063,76.33689144084599,65.48767719762063,23.81307590946176,-302.04370113648474,0.0,0.0,17.640941324121716,97.2933488946292,17.640941324121716,-302.3985825022137
11_LTAN06_800km_1213COLD_MY_ALL_HEAT_MY_Black,1694.0,train,MY,y,87.83171417478937,99.16857280687262,-11.33685863208325,100.14701106889146,87.99543674211135,76.24701106889145,64.09543674211136,24.46679396183408,-341.3319400155947,0.0,0.0,17.640941324121716,97.2933488946292,17.640941324121716,-342.48033226903135
11_LTAN06_800km_1213COLD_MY_ALL_HEAT_MY_Black,1754.5,train,MY,y,86.47538175809649,99.03949438202248,-12.564112623925993,100.04814507600793,86.6893011235955,76.14814507600792,62.7893011235955,25.04646727259316,-378.1319757044384,0.0,0.0,17.640941324121716,97.2933488946292,17.640941324121716,-380.268535130348
11_LTAN06_800km_1213COLD_MY_ALL_HEAT_MY_Black,1815.0,train,MY,y,85.19908873285974,98.90383776639682,-13.704749033537084,99.94306872625144,85.46170140426234,76.04306872625145,61.561701404262344,25.559747556198968,-412.624346590169,0.0,0.0,17.640941324121716,97.2933488946292,17.640941324121716,-415.3331429046448
11_LTAN06_800km_1213COLD_MY_ALL_HEAT_MY_Black,1875.5,train,MY,y,83.9962008592201,98.76235479180436,-14.76615393258426,99.83039788499669,84.30571964639788,75.9303978849967,60.40571964639788,26.013017017519264,-444.964579953039,0.0,0.0,17.640941324121716,97.2933488946292,17.640941324121716,-448.3128940367096
11_LTAN06_800km_1213COLD_MY_ALL_HEAT_MY_Black,1936.0,train,MY,y,82.8595559484468,98.61527283542632,-15.755716886979528,99.71082295109056,83.21428086582948,75.81082295109056,59.31428086582948,26.413500195211952,-475.3295943811316,0.0,0.0,17.640941324121716,97.2933488946292,17.640941324121716,-479.3133120747989
11_LTAN06_800km_1213COLD_MY_ALL_HEAT_MY_Black,1996.5,train,MY,y,81.78361708243847,98.46311288617214,-16.679495803733673,99.5845705765736,82.18184216091194,75.6845705765736,58.28184216091194,26.76767587884,-503.8558577770576,0.0,0.0,17.640941324121716,97.2933488946292,17.640941324121716,-508.56281517278694
11_LTAN06_800km_1213COLD_MY_ALL_HEAT_MY_Black,2057.0,train,MY,y,80.76055680766689,98.30612858559154,-17.54557177792465,99.45189933906148,81.20246470588235,75.55189933906149,57.30246470588235,27.082754411516056,-530.6918724577833,0.0,0.0,17.640941324121716,97.2933488946292,17.640941324121716,-536.7195761388211
11_LTAN06_800km_1213COLD_MY_ALL_HEAT_MY_Black,2117.5,train,MY,y,82.8463948290104,98.15541622336032,-15.309021394349912,99.32044660498929,83.32685418800594,75.42044660498928,59.42685418800594,25.06365168449231,-472.2552984642458,0.0,0.0,17.640941324121716,97.2933488946292,17.640941324121716,-482.2143930738239
11_LTAN06_800km_1213COLD_MY_ALL_HEAT_MY_Black,2178.0,train,MY,y,84.85060461004628,98.0211277428949,-13.17052313284863,99.19736817580964,85.3517113516193,75.29736817580965,61.4517113516193,23.1872685184974,-416.9015529401115,0.0,0.0,17.640941324121716,97.2933488946292,17.640941324121716,-427.9652557849913
11_LTAN06_800km_1213COLD_MY_ALL_HEAT_MY_Black,2238.5,train,MY,y,86.73026476127541,97.90187085742606,-11.171606096150654,99.0822113827854,87.2351127209648,75.1822113827854,63.33511272096481,21.45805543954813,-364.70325937482033,0.0,0.0,17.640941324121716,97.2933488946292,17.640941324121716,-375.0938220315111
11_LTAN06_800km_1213COLD_MY_ALL_HEAT_MY_Black,2299.0,train,MY,y,88.4869151354924,97.79610528750824,-9.309190152015844,98.974338730998,88.98117931262392,75.074338730998,65.08117931262393,19.8748170261682,-315.6590447438663,0.0,0.0,17.640941324121716,97.2933488946292,17.640941324121716,-323.91613236534613
11_LTAN06_800km_1213COLD_MY_ALL_HEAT_MY_Black,2359.5,train,MY,y,90.12231906807666,97.702452247191,-7.580133179114341,98.8732687376074,90.59456387970918,74.97326873760741,66.6945638797092,18.432897681904333,-269.69714746064204,0.0,0.0,17.640941324121716,97.2933488946292,17.640941324121716,-274.819902334526
11_LTAN06_800km_1213COLD_MY_ALL_HEAT_MY_Black,2420.0,train,MY,y,91.63773317363292,97.6198220717,-5.982088898067076,98.77861597554931,92.08070431191146,74.87861597554931,68.18070431191146,17.12761602354627,-226.7233213683792,0.0,0.0,17.640941324121716,97.2933488946292,17.640941324121716,-228.56363554542622
11_LTAN06_800km_1213COLD_MY_ALL_HEAT_MY_Black,2480.5,train,MY,y,93.03801647389294,97.54698924322538,-4.508972769332445,98.6900477032386,93.4470726536682,74.7900477032386,69.54707265366821,15.95200808852212,-186.61906268449525,0.0,0.0,17.640941324121716,97.2933488946292,17.640941324121716,-185.39201440010584
11_LTAN06_800km_1213COLD_MY_ALL_HEAT_MY_Black,2541.0,train,MY,y,94.32906370394846,97.4829767883694,-3.1539130844209353,98.6071952750702,94.70099056666116,74.7071952750702,70.80099056666117,14.897227611622936,-149.24795446718628,0.0,0.0,17.640941324121716,97.2933488946292,17.640941324121716,-145.31639438388447
11_LTAN06_800km_1213COLD_MY_ALL_HEAT_MY_Black,2601.5,train,MY,y,95.51907290152016,97.42696060806344,-1.9078877065432778,98.52982835426305,95.85145340383345,74.62982835426305,71.95145340383345,13.95508086361694,-114.47264841689704,0.0,0.0,17.640941324121716,97.2933488946292,17.640941324121716,-108.14535286720275
11_LTAN06_800km_1213COLD_MY_ALL_HEAT_MY_Black,2662.0,train,MY,y,96.61424048248512,97.3781529742234,-0.7639124917382816,98.45785931923332,96.90556034368804,74.55785931923333,73.00556034368805,13.11712938802803,-82.15145598978862,0.0,0.0,17.640941324121716,97.2933488946292,17.640941324121716,-73.74097473102302
11_LTAN06_800km_1213COLD_MY_ALL_HEAT_MY_Black,2722.5,train,MY,y,97.62079335866513,97.33585992070049,0.2849334379646393,98.39110110688914,97.87073887328596,74.49110110688915,73.97073887328597,12.375031368002542,-52.14281208537374,0.0,0.0,17.640941324121716,97.2933488946292,17.640941324121716,-42.083146171025874
11_LTAN06_800km_1213COLD_MY_ALL_HEAT_MY_Black,2783.0,train,MY,y,98.54526571381362,97.29926944811632,1.2459962656973005,98.3295279742234,98.75431586252478,74.42952797422339,74.85431586252477,11.718908584062572,-24.29180413402897,0.0,0.0,17.640941324121716,97.2933488946292,17.640941324121716,-12.977817836763279
11_LTAN06_800km_1213COLD_MY_ALL_HEAT_MY_Black,2843.5,train,MY,y,99.39364037667272,97.26798760944986,2.12565276722286,98.27296410044606,99.56288995539404,74.37296410044607,75.66288995539404,11.142742615803702,1.531027116907372,0.0,0.0,17.640941324121716,97.2933488946292,17.640941324121716,13.650434190090891
11_LTAN06_800km_1213COLD_MY_ALL_HEAT_MY_Black,2904.0,train,MY,y,100.17308023793788,97.24150601454063,2.9315742233972486,98.22128902842036,100.30381817580964,74.32128902842035,76.40381817580965,10.644970321184076,25.465835681711155,0.0,0.0,17.640941324121716,97.2933488946292,17.640941324121716,38.0511349939261
11_LTAN06_800km_1213COLD_MY_ALL_HEAT_MY_Black,2964.5,train,MY,y,100.88992367421112,97.21933447877086,3.6705891954402574,98.17442007269123,100.98463142243516,74.27442007269124,77.08463142243517,10.23069832195998,47.67167033861965,0.0,0.0,17.640941324121716,97.2933488946292,17.640941324121716,60.22082173830495
11_LTAN06_800km_1213COLD_MY_ALL_HEAT_MY_Black,3025.0,train,MY,y,101.54884434897554,97.201357881692,4.347486467283531,98.13233972240582,101.60952412425644,74.23233972240581,77.70952412425643,9.8919913117017,68.25778047685222,0.0,0.0,17.640941324121716,97.2933488946292,17.640941324121716,80.42292693713534
11_LTAN06_800km_1213COLD_MY_ALL_HEAT_MY_Black,3085.5,train,MY,y,102.1556837409121,97.1869906311963,4.968693109715801,98.09495807997357,102.18433410442827,74.19495807997356,78.28433410442827,9.634311385791854,87.33073884681103,0.0,0.0,17.640941324121716,97.2933488946292,17.640941324121716,98.94596937567621
11_LTAN06_800km_1213COLD_MY_ALL_HEAT_MY_Black,3146.0,train,MY,y,102.71242623492483,97.1763206509169,5.536105584007927,98.06227860565008,102.7110507186519,74.16227860565007,78.8110507186519,9.46431896799602,104.9909209063766,0.0,0.0,17.640941324121716,97.2933488946292,17.640941324121716,115.81939710837105
11_LTAN06_800km_1213COLD_MY_ALL_HEAT_MY_Black,3206.5,train,MY,y,103.22517118307998,97.16895439524124,6.056216787838736,98.03409431592864,103.19478453403832,74.13409431592865,79.29478453403831,9.377042507666047,121.32964355229254,0.0,0.0,17.640941324121716,97.2933488946292,17.640941324121716,131.49234056313435
11_LTAN06_800km_1213COLD_MY_ALL_HEAT_MY_Black,3267.0,train,MY,y,103.6958281843714,97.16508224021148,6.530745944159918,98.01060642656532,103.638412522716,74.11060642656531,79.738412522716,9.379905938468044,136.3978202947004,0.0,0.0,17.640941324121716,97.2933488946292,17.640941324121716,145.78594769577103
11_LTAN06_800km_1213COLD_MY_ALL_HEAT_MY_Black,3327.5,train,MY,y,104.12850627891606,97.16460879048248,6.963897488433588,97.99190875743555,104.0460556840714,74.09190875743556,80.1460556840714,9.471782172409254,150.2656513867778,0.0,0.0,17.640941324121716,97.2933488946292,17.640941324121716,158.85435043630787
11_LTAN06_800km_1213COLD_MY_ALL_HEAT_MY_Black,3388.0,train,MY,y,104.52510259375516,97.167434842227,7.357667751528169,97.977716801586,104.4205968941021,74.077716801586,80.52059689410211,9.646953042346256,163.0123319846062,0.0,0.0,17.640941324121716,97.2933488946292,17.640941324121716,170.47360223972282
11_LTAN06_800km_1213COLD_MY_ALL_HEAT_MY_Black,3448.5,train,MY,y,104.88969993390614,97.17375406477198,7.71594586913416,97.96840978189029,104.76222438863184,74.0684097818903,80.86222438863183,9.895671390430683,174.7031237852821,0.0,0.0,17.640941324121716,97.2933488946292,17.640941324121716,181.71039962008217
11_LTAN06_800km_1213COLD_MY_ALL_HEAT_MY_Black,3509.0,train,MY,y,105.2232967614012,97.18347329808329,8.039823463317916,97.96370641110376,105.07575941837408,74.06370641110377,81.17575941837407,10.2132550184014,185.40584780764632,0.0,0.0,17.640941324121716,97.2933488946292,17.640941324121716,191.64740641215394
11_LTAN06_800km_1213COLD_MY_ALL_HEAT_MY_Black,3569.5,train,MY,y,105.52781810672394,97.19658815463409,8.331229952089856,97.9636,105.36321972575584,74.06360000000001,81.46321972575583,10.593590193470082,195.1834519995109,0.0,0.0,17.640941324121716,97.2933488946292,17.640941324121716,200.31359343681834
11_LTAN06_800km_1213COLD_MY_ALL_HEAT_MY_Black,3630.0,train,MY,y,105.80731543291472,97.2129070720423,8.594408360872421,97.96789458030403,105.62572273628552,74.06789458030403,81.72572273628552,11.02369468180712,204.08939282468697,0.0,0.0,17.640941324121716,97.2933488946292,17.640941324121716,208.51166264836138
11_LTAN06_800km_1213COLD_MY_ALL_HEAT_MY_Black,3690.5,train,MY,y,106.06178952585496,97.23251832149349,8.829271204361476,97.97648727903518,105.86613183545349,74.07648727903518,81.9661318354535,11.500020467650714,212.1806483090845,0.0,0.0,17.640941324121716,97.2933488946292,17.640941324121716,215.5191648283071
11_LTAN06_800km_1213COLD_MY_ALL_HEAT_MY_Black,3751.0,train,MY,y,106.2952250495704,97.25523489755452,9.03999015201589,97.9892802709848,106.08654725710508,74.0892802709848,82.18654725710508,12.015146937978066,219.51201187238848,0.0,0.0,17.640941324121716,97.2933488946292,17.640941324121716,221.91197153636313
11_LTAN06_800km_1213COLD_MY_ALL_HEAT_MY_Black,3811.5,train,MY,y,106.50962524785196,97.28114699272967,9.228478255122283,98.00607554527429,106.28892663582286,74.10607554527428,82.38892663582286,12.5595844013328,226.1360795953264,0.0,0.0,17.640941324121716,97.2933488946292,17.640941324121716,227.68308044507285
11_LTAN06_800km_1213COLD_MY_ALL_HEAT_MY_Black,3872.0,train,MY,y,106.70598100115645,97.31015483231457,9.395826168841879,98.02657249297869,106.47523707252604,74.12657249297868,82.57523707252605,13.13069891888398,232.10044533818373,0.0,0.0,17.640941324121716,97.2933488946292,17.640941324121716,232.58294398667203
11_LTAN06_800km_1213COLD_MY_ALL_HEAT_MY_Black,3932.5,train,MY,y,106.88730452742894,97.3418750495704,9.545429477858534,98.05076961335097,106.64558988764044,74.15076961335097,82.74558988764045,13.721048970930768,237.46590882520763,0.0,0.0,17.640941324121716,97.2933488946292,17.640941324121716,237.47568686985687
11_LTAN06_800km_1213COLD_MY_ALL_HEAT_MY_Black,3993.0,train,MY,y,107.05263852635058,97.3760933421444,9.676545184206176,98.07836780109037,106.80187642491326,74.17836780109036,82.90187642491327,14.325581378709026,242.28249226809305,0.0,0.0,17.640941324121716,97.2933488946292,17.640941324121716,241.64897753546393
11_LTAN06_800km_1213COLD_MY_ALL_HEAT_MY_Black,4053.5,train,MY,y,107.2049312623926,97.4127176140119,9.79221364838071,98.10907554527428,106.9461454064772,74.20907554527429,83.0461454064772,14.9428327592734,246.58581329986524,0.0,0.0,17.640941324121716,97.2933488946292,17.640941324121716,245.34765331502786
11_LTAN06_800km_1213COLD_MY_ALL_HEAT_MY_Black,4114.0,train,MY,y,107.34518371055675,97.45163689079794,9.89354681975881,98.14258409053362,107.0803472658186,74.24258409053363,83.1803472658186,15.561801003148354,250.4367916951012,0.0,0.0,17.640941324121716,97.2933488946292,17.640941324121716,248.32972857417553
11_LTAN06_800km_1213COLD_MY_ALL_HEAT_MY_Black,4174.5,train,MY,y,107.47541275611368,97.49276311962988,9.9826496364838,98.1787983311302,107.20457832121612,74.27879833113019,83.30457832121613,16.1794711456943,253.8711869675465,0.0,0.0,17.640941324121716,97.2933488946292,17.640941324121716,251.10187438416324
11_LTAN06_800km_1213COLD_MY_ALL_HEAT_MY_Black,4235.0,train,MY,y,107.59662111698611,97.53589365499008,10.060727461996038,98.21741931592862,107.31978866490417,74.31741931592862,83.41978866490416,16.794616269986115,256.9196363575344,0.0,0.0,17.640941324121716,97.2933488946292,17.640941324121716,253.6847212288958
11_LTAN06_800km_1213COLD_MY_ALL_HEAT_MY_Black,4295.5,train,MY,y,107.70978903023294,97.58062697835784,10.129162051875099,98.25804348257064,107.42793110854122,74.35804348257065,83.52793110854122,17.398424691109796,259.65012278106104,0.0,0.0,17.640941324121716,97.2933488946292,17.640941324121716,255.88377930633578
11_LTAN06_800km_1213COLD_MY_ALL_HEAT_MY_Black,4356.0,train,MY,y,107.81595241242564,97.62706308658296,10.18888932584268,98.3007694646398,107.53006741573034,74.40076946463981,83.63006741573034,17.991126085642374,262.0836082713497,0.0,0.0,17.640941324121716,97.2933488946292,17.640941324121716,257.717953242387
11_LTAN06_800km_1213COLD_MY_ALL_HEAT_MY_Black,4416.5,train,MY,y,107.91607583016686,97.67480224681977,10.241273583347095,98.34510166859408,107.62716355526184,74.44510166859408,83.72716355526185,18.570732770081943,264.2521270512288,0.0,0.0,17.640941324121716,97.2933488946292,17.640941324121716,259.19870213320246
11_LTAN06_800km_1213COLD_MY_ALL_HEAT_MY_Black,4477.0,train,MY,y,108.0111901850628,97.72365368473233,10.287536500330475,98.3910394580304,107.7192789160608,74.4910394580304,83.8192789160608,19.13198469658679,266.20563038999325,0.0,0.0,17.640941324121716,97.2933488946292,17.640941324121716,260.6323432889367
11_LTAN06_800km_1213COLD_MY_ALL_HEAT_MY_Black,4537.5,train,MY,y,108.10227842035692,97.7735076173166,10.328770803040328,98.43818836748184,107.80833823529412,74.53818836748184,83.90833823529411,19.67514153443329,267.9585847107961,0.0,0.0,17.640941324121716,97.2933488946292,17.640941324121716,261.75736605324346
11_LTAN06_800km_1213COLD_MY_ALL_HEAT_MY_Black,4598.0,train,MY,y,108.18935536097804,97.82406185362628,10.365293507351765,98.48633480918552,107.8934161572774,74.58633480918553,83.99341615727741,20.19647672344664,269.54568541241065,0.0,0.0,17.640941324121716,97.2933488946292,17.640941324121716,262.82383719547215
11_LTAN06_800km_1213COLD_MY_ALL_HEAT_MY_Black,4658.5,train,MY,y,108.2734183740912,97.87493565763384,10.398482716457352,98.53519712491736,107.97547984137476,74.63519712491737,84.07547984137477,20.69251334505977,270.99983618957015,0.0,0.0,17.640941324121716,97.2933488946292,17.640941324121716,263.8978212883121
11_LTAN06_800km_1213COLD_MY_ALL_HEAT_MY_Black,4719.0,train,MY,y,108.35543961671898,97.92610132165868,10.429338295060305,98.58455752519411,108.05453328927804,74.68455752519412,84.15453328927805,21.16442214299139,272.3303320783421,0.0,0.0,17.640941324121716,97.2933488946292,17.640941324121716,265.1884683210883
11_LTAN06_800km_1213COLD_MY_ALL_HEAT_MY_Black,4779.5,train,MY,y,108.43547521480502,97.9772841374752,10.458191077329829,98.63423147719764,108.13350677461996,74.73423147719765,84.23350677461997,21.60805375627768,273.58325717800926,0.0,0.0,17.640941324121716,97.2933488946292,17.640941324121716,266.04772909457824
11_LTAN06_800km_1213COLD_MY_ALL_HEAT_MY_Black,4840.0,train,MY,y,108.51446803238063,98.02826543862548,10.486202593755152,98.68400389889312,108.21246803238064,74.78400389889313,84.31246803238065,22.022088053223666,274.7783402484143,0.0,0.0,17.640941324121716,97.2933488946292,17.640941324121716,266.7127893114084
11_LTAN06_800km_1213COLD_MY_ALL_HEAT_MY_Black,4900.5,train,MY,y,108.59344150693984,98.07915155320556,10.514289953734277,98.73398070059486,108.29047389292796,74.83398070059485,84.39047389292796,22.407301755009325,275.9196631009674,0.0,0.0,17.640941324121716,97.2933488946292,17.640941324121716,267.67189009226786
11_LTAN06_800km_1213COLD_MY_ALL_HEAT_MY_Black,4961.0,train,MY,y,108.67241539986782,98.12964781890284,10.542767580964977,98.78367399206874,108.36941539986782,74.88367399206874,84.46941539986781,22.75603799256405,277.0458246890553,0.0,0.0,17.640941324121716,97.2933488946292,17.640941324121716,268.44491225088495
11_LTAN06_800km_1213COLD_MY_ALL_HEAT_MY_Black,5021.5,train,MY,y,108.7523434660499,98.17973634561376,10.572607120436132,98.83315626961836,108.44740987939863,74.93315626961837,84.54740987939863,23.06966994083384,278.16055939705166,0.0,0.0,17.640941324121716,97.2933488946292,17.640941324121716,269.7478199678444
11_LTAN06_800km_1213COLD_MY_ALL_HEAT_MY_Black,5082.0,train,MY,y,108.83328304692664,98.2294329312624,10.603850115664244,98.88244634831462,108.5263501321877,74.98244634831462,84.6263501321877,23.348585318109794,279.27204904026263,0.0,0.0,17.640941324121716,97.2933488946292,17.640941324121716,271.149920059961
11_LTAN06_800km_1213COLD_MY_ALL_HEAT_MY_Black,5142.5,train,MY,y,108.91424335040476,98.27843239715844,10.63581095324632,98.93114260697176,108.6062773831158,75.03114260697177,84.7062773831158,23.58744035354057,280.4145724787068,0.0,0.0,17.640941324121716,97.2933488946292,17.640941324121716,272.365408211881
11_LTAN06_800km_1213COLD_MY_ALL_HEAT_MY_Black,5203.0,train,MY,y,108.9961817580965,98.32673998678123,10.669441771315263,98.97943998678124,108.6881817580965,75.07943998678124,84.7881817580965,23.787838492500168,281.58699648006933,0.0,0.0,17.640941324121716,97.2933488946292,17.640941324121716,273.4574052452772
11_LTAN06_800km_1213COLD_MY_ALL_HEAT_MY_Black,5263.5,train,MY,y,109.08007186519082,98.37434072360811,10.705731141582703,99.02723375185856,108.77110672393854,75.12723375185857,84.87110672393854,23.94679716015699,282.8011681199612,0.0,0.0,17.640941324121716,97.2933488946292,17.640941324121716,274.88557068982846
11_LTAN06_800km_1213COLD_MY_ALL_HEAT_MY_Black,5324.0,train,MY,y,109.16597323198944,98.4211528750826,10.744820356906843,99.07434231658956,108.85600842696628,75.17434231658956,84.95600842696629,24.05904716476306,284.0750608290275,0.0,0.0,17.640941324121716,97.2933488946292,17.640941324121716,276.41810826262736
11_LTAN06_800km_1213COLD_MY_ALL_HEAT_MY_Black,5384.5,train,MY,y,109.25483823529412,98.46716582947786,10.787672405816252,99.12104096166556,108.94387376074026,75.22104096166555,85.04387376074027,24.12663993388484,285.40451639780866,0.0,0.0,17.640941324121716,97.2933488946292,17.640941324121716,278.1409985162354
11_LTAN06_800km_1213COLD_MY_ALL_HEAT_MY_Black,5445.0,train,MY,y,109.34379464728234,98.51237211300182,10.83142253428052,99.16713969932266,109.03279464728234,75.26713969932266,85.13279464728234,24.14404152216834,286.7913974770175,0.0,0.0,17.640941324121716,97.2933488946292,17.640941324121716,279.7069403458736
11_LTAN06_800km_1213COLD_MY_ALL_HEAT_MY_Black,5505.5,train,MY,y,109.43469200264376,98.55688235294116,10.877809649702598,99.21274236615994,109.12369200264376,75.31274236615994,85.22369200264376,24.10886422363859,288.23596418431526,0.0,0.0,17.640941324121716,97.2933488946292,17.640941324121716,281.37991798278745
11_LTAN06_800km_1213COLD_MY_ALL_HEAT_MY_Black,5566.0,train,MY,y,109.52757376507518,98.60068635387412,10.92688741120105,99.25783846026764,109.21657376507515,75.35783846026763,85.31657376507516,24.023713061712865,289.7351060469211,0.0,0.0,17.640941324121716,97.2933488946292,17.640941324121716,283.16961967481984
11_LTAN06_800km_1213COLD_MY_ALL_HEAT_MY_Black,5626.5,train,MY,y,109.62054246530072,98.64399020158623,10.976552263714481,99.3025381526768,109.30954246530072,75.40253815267681,85.40954246530072,23.88380366033696,291.2859708880099,0.0,0.0,17.640941324121716,97.2933488946292,17.640941324121716,284.9978464468113
11_LTAN06_800km_1213COLD_MY_ALL_HEAT_MY_Black,5687.0,train,MY,y,109.71351173165895,98.68689089557172,11.026620836087233,99.34703088235294,109.40347422339724,75.44703088235295,85.50347422339723,23.68991605883156,292.8854682448709,0.0,0.0,17.640941324121716,97.2933488946292,17.640941324121716,286.6554060528979
11_LTAN06_800km_1213COLD_MY_ALL_HEAT_MY_Black,5747.5,train,MY,y,109.80742821741286,98.72928889806708,11.07813931934578,99.3912205022303,109.49839021972576,75.4912205022303,85.59839021972576,23.44381811998069,294.5295181243487,0.0,0.0,17.640941324121716,97.2933488946292,17.640941324121716,288.3887010261751
11_LTAN06_800km_1213COLD_MY_ALL_HEAT_MY_Black,5808.0,train,MY,y,109.90331989424983,98.77148228684732,11.131837607402517,99.43530945142102,109.59528155981494,75.53530945142103,85.69528155981493,23.1404982870574,296.1998887965044,0.0,0.0,17.640941324121716,97.2933488946292,17.640941324121716,290.20411952828726
11_LTAN06_800km_1213COLD_MY_ALL_HEAT_MY_Black,5868.5,train,MY,y,110.0011952750702,98.81346940360152,11.187725871468686,99.47948399140924,109.6931952750702,75.57948399140923,85.79319527507019,22.78271167899453,297.8954397543436,0.0,0.0,17.640941324121716,97.2933488946292,17.640941324121716,292.3735610262447
11_LTAN06_800km_1213COLD_MY_ALL_HEAT_MY_Black,5929.0,train,MY,y,110.10012309980172,98.85555133840052,11.244571761401204,99.5236691011236,109.79116226040978,75.6236691011236,85.89116226040977,22.374478948513605,299.607210659361,0.0,0.0,17.640941324121716,97.2933488946292,17.640941324121716,294.7841823496419
11_LTAN06_800km_1213COLD_MY_ALL_HEAT_MY_Black,5989.5,train,MY,y,110.19907467371551,98.897822815133,11.301251858582518,99.56823162068396,109.89007467371552,75.66823162068397,85.99007467371553,21.921999857959857,301.31334454424706,0.0,0.0,17.640941324121716,97.2933488946292,17.640941324121716,297.0189311914037
11_LTAN06_800km_1213COLD_MY_ALL_HEAT_MY_Black,6050.0,train,MY,y,110.29708129543953,98.94039656311962,11.356684732319906,99.61320059484468,109.98904130865829,75.7132005948447,86.0890413086583,21.42802659723238,303.0132993445069,0.0,0.0,17.640941324121716,97.2933488946292,17.640941324121716,299.01113100678776
11_LTAN06_800km_1213COLD_MY_ALL_HEAT_MY_Black,6110.5,test,MY,y,110.39504890945142,98.9833663582287,11.411682551222725,99.65856959682748,110.0870489094514,75.75856959682747,86.18704890945139,20.90989013964723,304.6971924774615,0.0,0.0,17.640941324121716,97.2933488946292,17.640941324121716,301.21109396290194
11_LTAN06_800km_1213COLD_MY_ALL_HEAT_MY_Black,6171.0,test,MY,y,110.49396018503222,99.02682492978688,11.467135255245338,99.70442699487856,110.185000991244,75.80442699487855,86.285000991244,20.38369768442692,306.3554524120412,0.0,0.0,17.640941324121716,97.2933488946292,17.640941324121716,303.6604998667317
11_LTAN06_800km_1213COLD_MY_ALL_HEAT_MY_Black,6231.5,test,MY,y,110.59196794448115,99.07069380370126,11.521274140779894,99.7507909451421,110.28296794448116,75.85079094514211,86.38296794448115,19.84925319065823,307.9888158424838,0.0,0.0,17.640941324121716,97.2933488946292,17.640941324121716,305.88314814586556
11_LTAN06_800km_1213COLD_MY_ALL_HEAT_MY_Black,6292.0,test,MY,y,110.68992003964976,99.1149556913927,11.574964348257069,99.79764744754668,110.38092003964977,75.89764744754669,86.48092003964976,19.31633626333165,309.62400371674204,0.0,0.0,17.640941324121716,97.2933488946292,17.640941324121716,308.1096319868484
11_LTAN06_800km_1213COLD_MY_ALL_HEAT_MY_Black,6352.5,test,MY,y,110.78884500991408,99.15991136814276,11.628933641771326,99.84481903502974,110.47984500991409,75.94481903502975,86.5798450099141,18.78990727539904,311.27082220552256,0.0,0.0,17.640941324121716,97.2933488946292,17.640941324121716,310.2555391212227
11_LTAN06_800km_1213COLD_MY_ALL_HEAT_MY_Black,6413.0,test,MY,y,110.88683908805552,99.2051766396828,11.68166244837272,99.89247473979844,110.57975417148522,75.99247473979844,86.67975417148523,18.270793863761213,312.9282854166576,0.0,0.0,17.640941324121716,97.2933488946292,17.640941324121716,311.9600972850494
11_LTAN06_800km_1213COLD_MY_ALL_HEAT_MY_Black,6473.5,test,MY,y,110.98863483146069,99.2509399537343,11.737694877726383,99.94054152346332,110.68163483146068,76.04054152346333,86.78163483146068,17.765917188494527,314.6342556162944,0.0,0.0,17.640941324121716,97.2933488946292,17.640941324121716,314.16511219632594
11_LTAN06_800km_1213COLD_MY_ALL_HEAT_MY_Black,6534.0,test,MY,y,111.09251487111698,99.2971075677462,11.79540730337078,99.9890083773959,110.78647174487772,76.08900837739591,86.88647174487772,17.27476247457651,316.3878851550893,0.0,0.0,17.640941324121716,97.2933488946292,17.640941324121716,316.2099513524481
11_LTAN06_800km_1213COLD_MY_ALL_HEAT_MY_Black,6594.5,test,MY,y,111.1993332231951,99.3437631918057,11.85557003138939,100.03786723938543,110.8923768379316,76.13786723938543,86.9923768379316,16.796701769513444,318.18613449871225,0.0,0.0,17.640941324121716,97.2933488946292,17.640941324121716,318.7397327838262
11_LTAN06_800km_1213COLD_MY_ALL_HEAT_MY_Black,6655.0,test,MY,y,111.3082091870456,99.39092544613352,11.917283740912083,100.08684633179114,111.0012091870456,76.18684633179114,87.10120918704561,16.33167784896246,320.0277121607469,0.0,0.0,17.640941324121716,97.2933488946292,17.640941324121716,321.01527206489845
11_LTAN06_800km_1213COLD_MY_ALL_HEAT_MY_Black,6715.5,test,MY,y,111.4190670741781,99.4384846191971,11.980582454981004,100.13677796134148,111.11111151495126,76.23677796134149,87.21111151495126,15.87920139455472,321.909183890158,0.0,0.0,17.640941324121716,97.2933488946292,17.640941324121716,323.6826660527804
11_LTAN06_800km_1213COLD_MY_ALL_HEAT_MY_Black,6776.0,test,MY,y,111.53194001982816,99.48673719431594,12.04520282551222,100.18676107072042,111.22298479841376,76.28676107072042,87.32298479841376,15.439265138327116,323.82832688167593,0.0,0.0,17.640941324121716,97.2933488946292,17.640941324121716,326.24457032535065
11_LTAN06_800km_1213COLD_MY_ALL_HEAT_MY_Black,6836.5,test,MY,y,111.6458575677462,99.5354031890284,12.110454378717805,100.23769943820224,111.33781245869136,76.33769943820224,87.43781245869135,15.012122792354678,325.7834167351138,0.0,0.0,17.640941324121716,97.2933488946292,17.640941324121716,328.5046583070289
11_LTAN06_800km_1213COLD_MY_ALL_HEAT_MY_Black,6897.0,test,MY,y,111.76171072195604,99.58465205683132,12.177058665124719,100.28867454154964,111.45275631918057,76.38867454154965,87.55275631918056,14.597224146756464,327.7708263843473,0.0,0.0,17.640941324121716,97.2933488946292,17.640941324121716,331.1010082561079
11_LTAN06_800km_1213COLD_MY_ALL_HEAT_MY_Black,6957.5,test,MY,y,111.87862557832122,99.6345078321216,12.24411774619962,100.3396573033708,111.56867151354923,76.43965730337081,87.66867151354924,14.194541855535777,329.76298359172745,0.0,0.0,17.640941324121716,97.2933488946292,17.640941324121716,333.5895678085544
11_LTAN06_800km_1213COLD_MY_ALL_HEAT_MY_Black,7018.0,test,MY,y,111.99652205517924,99.68495562530975,12.311566429869487,100.39158599041798,111.68461490170164,76.49158599041797,87.78461490170164,13.803840314707104,331.7439867543416,0.0,0.0,17.640941324121716,97.2933488946292,17.640941324121716,336.40035322992117
11_LTAN06_800km_1213COLD_MY_ALL_HEAT_MY_Black,7078.5,test,MY,y,112.11448215465964,99.73591516853932,12.378566986120319,100.44356840713812,111.800575677462,76.54356840713811,87.900575677462,13.424461966260768,333.7146762450318,0.0,0.0,17.640941324121716,97.2933488946292,17.640941324121716,339.10236432101374
11_LTAN06_800km_1213COLD_MY_ALL_HEAT_MY_Black,7139.0,test,MY,y,109.287472162564,99.7745998017512,9.512872360812807,100.48792103089376,108.97728316537253,76.58792103089377,85.07728316537253,15.351023032216633,252.4047717238182,0.0,0.0,17.640941324121716,97.2933488946292,17.640941324121716,263.4090490945382
11_LTAN06_800km_1213COLD_MY_ALL_HEAT_MY_Black,7199.5,test,MY,y,106.5116748182419,99.78906708526108,6.722607732980819,100.51476272306677,106.21786582947789,76.61476272306678,82.31786582947788,17.088500777743622,176.43902855490035,0.0,0.0,17.640941324121716,97.2933488946292,17.640941324121716,188.25195755323875
11_LTAN06_800km_1213COLD_MY_ALL_HEAT_MY_Black,7260.0,test,MY,y,103.92743688037012,99.7818929279577,4.1455439524124245,100.52647290152017,103.66204725710509,76.62647290152017,79.76204725710508,18.64483402834462,105.5473238020814,0.0,0.0,17.640941324121716,97.2933488946292,17.640941324121716,117.41058247161345
11_LTAN06_800km_1213COLD_MY_ALL_HEAT_MY_Black,7320.5,test,MY,y,101.52207698661822,99.75571179580372,1.766365190814497,100.52319362299686,101.29328597389726,76.62319362299687,77.39328597389726,20.03787630597775,39.39457263587936,0.0,0.0,17.640941324121716,97.2933488946292,17.640941324121716,50.7998890667659
11_LTAN06_800km_1213COLD_MY_ALL_HEAT_MY_Black,7381.0,test,MY,y,99.28203608724388,99.7127349966953,-0.4306989094514222,100.50777990746862,99.09774747191013,76.60777990746863,75.19774747191013,21.27815830295193,-22.316563505263883,0.0,0.0,17.640941324121716,97.2933488946292,17.640941324121716,-11.772267370102782
11_LTAN06_800km_1213COLD_MY_ALL_HEAT_MY_Black,7441.5,test,MY,y,97.1966479596894,99.65517021311746,-2.4585222534280575,100.48037849000497,97.06123067900212,76.58037849000496,73.16123067900213,22.377962819654385,-79.88893568719668,0.0,0.0,17.640941324121716,97.2933488946292,17.640941324121716,-70.30083298449608
11_LTAN06_800km_1213COLD_MY_ALL_HEAT_MY_Black,7502.0,test,MY,y,95.25170211500333,99.5845343688037,-4.332832253800376,100.44098281559816,95.16869471249171,76.54098281559817,71.26869471249171,23.350423935994147,-133.63128528767183,0.0,0.0,17.640941324121716,97.2933488946292,17.640941324121716,-125.368082680925
11_LTAN06_800km_1213COLD_MY_ALL_HEAT_MY_Black,7562.5,test,MY,y,93.43725069398546,99.5024268010575,-6.065176107072034,100.3924451421018,93.40834606741576,76.49244514210181,69.50834606741577,24.207425939858968,-183.80461631814188,0.0,0.0,17.640941324121716,97.2933488946292,17.640941324121716,-176.54004291577075
11_LTAN06_800km_1213COLD_MY_ALL_HEAT_MY_Black,7623.0,test,MY,y,91.74244100446062,99.40989114488684,-7.667450140426226,100.33302329423428,91.76837469023626,76.43302329423429,67.86837469023627,24.961735103876286,-230.6843792302492,0.0,0.0,17.640941324121716,97.2933488946292,17.640941324121716,-224.57138251163633
11_LTAN06_800km_1213COLD_MY_ALL_HEAT_MY_Black,7683.5,test,MY,y,90.15630958360872,99.30799444811632,-9.151684864507601,100.26450016523462,90.2369348149372,76.36450016523463,66.3369348149372,25.62515109979534,-274.5269314786611,0.0,0.0,17.640941324121716,97.2933488946292,17.640941324121716,-269.3988433869381
11_LTAN06_800km_1213COLD_MY_ALL_HEAT_MY_Black,7744.0,test,MY,y,88.67028418965802,99.19776942012226,-10.527485230464237,100.18794349909136,88.80501349743929,76.28794349909137,64.90501349743928,26.206593236847432,-315.54220812022584,0.0,0.0,17.640941324121716,97.2933488946292,17.640941324121716,-311.1619174599691
11_LTAN06_800km_1213COLD_MY_ALL_HEAT_MY_Black,7804.5,test,MY,y,87.27492081956377,99.0798987442168,-11.80497792465303,100.10243357567748,87.46221427627229,76.20243357567747,63.56221427627229,26.71587387082293,-353.9522823498693,0.0,0.0,17.640941324121716,97.2933488946292,17.640941324121716,-350.2871405078149
11_LTAN06_800km_1213COLD_MY_ALL_HEAT_MY_Black,7865.0,test,MY,y,85.9626999504378,98.9550206509169,-12.992320700479098,100.00889178919545,86.20095109862876,76.10889178919544,62.300951098628765,27.16068282838773,-389.9467456603711,0.0,0.0,17.640941324121716,97.2933488946292,17.640941324121716,-386.90574197302703
11_LTAN06_800km_1213COLD_MY_ALL_HEAT_MY_Black,7925.5,test,MY,y,84.72656282220754,98.82369836417712,-14.097135541969578,99.90724793456708,85.01370670852612,76.00724793456709,61.11370670852612,27.54746773144848,-423.68933624629983,0.0,0.0,17.640941324121716,97.2933488946292,17.640941324121716,-421.2622398870626
11_LTAN06_800km_1213COLD_MY_ALL_HEAT_MY_Black,7986.0,test,MY,y,83.55916480502313,98.6864528750826,-15.127288070059464,99.79817172835426,83.89357690019827,75.89817172835427,59.99357690019827,27.88350033220092,-455.364241376797,0.0,0.0,17.640941324121716,97.2933488946292,17.640941324121716,-453.6322407662228
11_LTAN06_800km_1213COLD_MY_ALL_HEAT_MY_Black,8046.5,test,MY,y,82.45480155294895,98.54371245663307,-16.088910903684123,99.68190806211796,82.83449705930944,75.78190806211796,58.93449705930944,28.175306648385536,-485.1146701290843,0.0,0.0,17.640941324121716,97.2933488946292,17.640941324121716,-484.13643188689457
11_LTAN06_800km_1213COLD_MY_ALL_HEAT_MY_Black,8107.0,test,MY,y,81.40544150693985,98.39564474553866,-16.99020323859881,99.55852775941838,81.83041632518174,75.65852775941838,57.930416325181746,28.43008969222403,-513.0954767306831,0.0,0.0,17.640941324121716,97.2933488946292,17.640941324121716,-513.482552595171
11_LTAN06_800km_1213COLD_MY_ALL_HEAT_MY_Black,8167.5,test,MY,y,83.34247936560382,98.25308744424252,-14.910608078638703,99.43554480422932,83.80771845365932,75.53554480422932,59.90771845365932,26.352995046138705,-455.7391307843897,0.0,0.0,17.640941324121716,97.2933488946292,17.640941324121716,-463.4539642056843
11_LTAN06_800km_1213COLD_MY_ALL_HEAT_MY_Black,8228.0,test,MY,y,85.33008131196296,98.1262496364838,-12.796168324520849,99.32024621612688,85.81790708856573,75.42024621612688,61.917907088565734,24.421131532019967,-401.4136631236626,0.0,0.0,17.640941324121716,97.2933488946292,17.640941324121716,-410.19440266321544
11_LTAN06_800km_1213COLD_MY_ALL_HEAT_MY_Black,8288.5,test,MY,y,87.1937963489179,98.01411016025112,-10.820313811333222,99.2123962497935,87.68742758962497,75.3123962497935,63.787427589624976,22.638813245100728,-350.1933943262956,0.0,0.0,17.640941324121716,97.2933488946292,17.640941324121716,-358.3502663756444
11_LTAN06_800km_1213COLD_MY_ALL_HEAT_MY_Black,8349.0,test,MY,y,88.93542058823529,97.91521949768672,-8.979798909451432,99.11145194976868,89.42025039656312,75.21145194976867,65.52025039656311,21.004682900850494,-302.0786902958939,0.0,0.0,17.640941324121716,97.2933488946292,17.640941324121716,-308.13604038815174
11_LTAN06_800km_1213COLD_MY_ALL_HEAT_MY_Black,8409.5,test,MY,y,90.556631526768,97.82829127561136,-7.271659748843362,99.01683542630536,91.02109742233972,75.11683542630536,67.12109742233972,19.514009439023763,-256.9992164216366,0.0,0.0,17.640941324121716,97.2933488946292,17.640941324121716,-260.0256002838796
11_LTAN06_800km_1213COLD_MY_ALL_HEAT_MY_Black,8470.0,test,MY,y,92.05870489013714,97.75203960019824,-5.693334710061109,98.9283396662812,92.49528983974888,75.0283396662812,68.59528983974889,18.161975532496044,-214.8624700309285,0.0,0.0,17.640941324121716,97.2933488946292,17.640941324121716,-214.65070099235527
11_LTAN06_800km_1213COLD_MY_ALL_HEAT_MY_Black,8530.5,test,MY,y,93.44634809980172,97.68533003965632,-4.238981939854597,98.8454540978189,93.85011311962988,74.9454540978189,69.95011311962989,16.941519486459757,-175.5515694102459,0.0,0.0,17.640941324121716,97.2933488946292,17.640941324121716,-172.31832695258709
11_LTAN06_800km_1213COLD_MY_ALL_HEAT_MY_Black,8591.0,test,MY,y,94.72532530976376,97.62717916735504,-2.901853857591277,98.76808169502726,95.09327123740292,74.86808169502726,71.19327123740291,15.843704007139698,-138.93193188621782,0.0,0.0,17.640941324121716,97.2933488946292,17.640941324121716,-133.09741110276445
11_LTAN06_800km_1213COLD_MY_ALL_HEAT_MY_Black,8651.5,test,MY,y,95.9038267680106,97.576758559154,-1.672931791143398,98.69581632518177,96.2331450099141,74.79581632518176,72.33314500991409,14.860227957233258,-104.86779991323768,0.0,0.0,17.640941324121716,97.2933488946292,17.640941324121716,-96.69473025336993
11_LTAN06_800km_1213COLD_MY_ALL_HEAT_MY_Black,8712.0,test,MY,y,96.98813846662262,97.53327832121612,-0.5451398545935007,98.62864686054196,97.27735003304694,74.72864686054197,73.37735003304695,13.982605277448693,-73.21930068944215,0.0,0.0,17.640941324121716,97.2933488946292,17.640941324121716,-63.05168401674382
11_LTAN06_800km_1213COLD_MY_ALL_HEAT_MY_Black,8772.5,test,MY,y,97.98429932264992,97.49603974888484,0.48825957376507745,98.56630104080622,98.23285942507847,74.66630104080622,74.33285942507848,13.202431312476454,-43.846585950433685,0.0,0.0,17.640941324121716,97.2933488946292,17.640941324121716,-32.109558970627404
11_LTAN06_800km_1213COLD_MY_ALL_HEAT_MY_Black,8833.0,test,MY,y,98.89881584600133,97.46423732650364,1.4345785194976912,98.5088363516193,99.1073489590218,74.60883635161929,75.2073489590218,12.509727659895251,-16.596361568940747,0.0,0.0,17.640941324121716,97.2933488946292,17.640941324121716,-3.745552133434103
11_LTAN06_800km_1213COLD_MY_ALL_HEAT_MY_Black,8893.5,test,MY,y,99.7376963489179,97.4375526846192,2.3001436642986874,98.456087725095,99.90709596894104,74.55608772509501,76.00709596894103,11.898422090174174,8.659162788431312,0.0,0.0,17.640941324121716,97.2933488946292,17.640941324121716,22.18092360699302
11_LTAN06_800km_1213COLD_MY_ALL_HEAT_MY_Black,8954.0,test,MY,y,100.50767620621282,97.41530138797091,3.0923748182419075,98.4080275611368,100.63987081956378,74.5080275611368,76.73987081956378,11.366905721018547,32.05848995097339,0.0,0.0,17.640941324121716,97.2933488946292,17.640941324121716,45.778262376486964
11_LTAN06_800km_1213COLD_MY_ALL_HEAT_MY_Black,9014.5,test,MY,y,101.21595390715346,97.39726158929456,3.818692317858904,98.3644824054188,101.3121009416818,74.4644824054188,77.41210094168181,10.920217602355317,53.75910573260355,0.0,0.0,17.640941324121716,97.2933488946292,17.640941324121716,67.43655110087275
11_LTAN06_800km_1213COLD_MY_ALL_HEAT_MY_Black,9075.0,test,MY,y,101.86713284864508,97.3830397224058,4.484093126239287,98.32552123265036,101.93011219431594,74.42552123265037,78.03011219431593,10.55035719139218,73.86872793441982,0.0,0.0,17.640941324121716,97.2933488946292,17.640941324121716,86.99221564348045
11_LTAN06_800km_1213COLD_MY_ALL_HEAT_MY_Black,9135.5,test,MY,y,102.46511516853934,97.37233326173168,5.092781906807659,98.29096865499008,102.49698479841376,74.39096865499008,78.59698479841376,10.2628016090206,92.49247957274224,0.0,0.0,17.640941324121716,97.2933488946292,17.640941324121716,104.78023068855691
11_LTAN06_800km_1213COLD_MY_ALL_HEAT_MY_Black,9196.0,test,MY,y,103.01568362795308,97.36503165372542,5.650651974227657,98.2609117297208,103.01656831323312,74.36091172972081,79.11656831323313,10.06407759836114,109.7293318459488,0.0,0.0,17.640941324121716,97.2933488946292,17.640941324121716,121.46010347164702
11_LTAN06_800km_1213COLD_MY_ALL_HEAT_MY_Black,9256.5,test,MY,y,103.52124818241904,97.36084454725712,6.160403635161927,98.23506510244547,103.49396001321875,74.33506510244547,79.59396001321875,9.94919725018904,125.6691391836618,0.0,0.0,17.640941324121716,97.2933488946292,17.640941324121716,136.4704551267896
11_LTAN06_800km_1213COLD_MY_ALL_HEAT_MY_Black,9317.0,test,MY,y,103.98553048075334,97.35984929786883,6.625681182884506,98.21379406905668,103.9311942838262,74.31379406905668,80.03119428382621,9.925553583306236,140.36165276224136,0.0,0.0,17.640941324121716,97.2933488946292,17.640941324121716,150.37531387494528
11_LTAN06_800km_1213COLD_MY_ALL_HEAT_MY_Black,9377.5,test,MY,y,104.41172769332452,97.3621450925314,7.049582600793116,98.19711619299406,104.33321480502312,74.29711619299405,80.43321480502311,9.991984957278072,153.87565584228992,0.0,0.0,17.640941324121716,97.2933488946292,17.640941324121716,162.8264057235865
11_LTAN06_800km_1213COLD_MY_ALL_HEAT_MY_Black,9438.0,test,MY,y,104.80270758301668,97.36755028911284,7.435157293903842,98.18475562530976,104.70114389558896,74.28475562530977,80.80114389558895,10.142698639051943,166.28921762514895,0.0,0.0,17.640941324121716,97.2933488946292,17.640941324121716,174.29303037150748
11_LTAN06_800km_1213COLD_MY_ALL_HEAT_MY_Black,9498.5,test,MY,y,105.16064705882354,97.3762411764706,7.784405882352942,98.1770646397885,105.0379656311963,74.2770646397885,81.1379656311963,10.367948383905444,177.66660118281234,0.0,0.0,17.640941324121716,97.2933488946292,17.640941324121716,184.6811066127193
11_LTAN06_800km_1213COLD_MY_ALL_HEAT_MY_Black,9559.0,test,MY,y,105.48842300066094,97.38813625247852,8.100286748182427,98.17388304692663,105.34662227362855,74.27388304692664,81.44662227362855,10.66298651922567,188.074447009672,0.0,0.0,17.640941324121716,97.2933488946292,17.640941324121716,194.03484445704453
11_LTAN06_800km_1213COLD_MY_ALL_HEAT_MY_Black,9619.5,test,MY,y,105.7889821576078,97.40322684619196,8.38575531141585,98.17501095324631,105.62819064926482,74.27501095324632,81.72819064926483,11.021681126326856,197.5745716420547,0.0,0.0,17.640941324121716,97.2933488946292,17.640941324121716,202.8278125988072
11_LTAN06_800km_1213COLD_MY_ALL_HEAT_MY_Black,9680.0,test,MY,y,106.06260674157303,97.42142339722406,8.641183344348974,98.18052911434236,105.88656592861864,74.28052911434236,81.98656592861863,11.43098994958932,206.21963664524307,0.0,0.0,17.640941324121716,97.2933488946292,17.640941324121716,210.2588624141281
11_LTAN06_800km_1213COLD_MY_ALL_HEAT_MY_Black,9740.5,test,MY,y,106.31295671567815,97.44262117958036,8.870335536097798,98.19016213447875,106.1228587477284,74.29016213447875,82.2228587477284,11.887353154493734,214.06558140193965,0.0,0.0,17.640941324121716,97.2933488946292,17.640941324121716,216.98778700525872
11_LTAN06_800km_1213COLD_MY_ALL_HEAT_MY_Black,9801.0,test,MY,y,106.542231989425,97.46691308658296,9.075318902842042,98.20389319233313,106.33907402511566,74.30389319233313,82.43907402511567,12.3833210264757,221.1663098458367,0.0,0.0,17.640941324121716,97.2933488946292,17.640941324121716,223.0907386853687
11_LTAN06_800km_1213COLD_MY_ALL_HEAT_MY_Black,9861.5,test,MY,y,106.75145869134172,97.49430317250496,9.257155518836768,98.2214411764706,106.5371748182419,74.32144117647061,82.6371748182419,12.90933657470266,227.5736358919648,0.0,0.0,17.640941324121716,97.2933488946292,17.640941324121716,228.30580506483238
11_LTAN06_800km_1213COLD_MY_ALL_HEAT_MY_Black,9922.0,test,MY,y,106.94440723608128,97.52450614571286,9.419901090368413,98.24268987279036,106.71912869651412,74.34268987279037,82.81912869651413,13.46278951271567,233.33440215759083,0.0,0.0,17.640941324121716,97.2933488946292,17.640941324121716,233.20529869088932
11_LTAN06_800km_1213COLD_MY_ALL_HEAT_MY_Black,9982.5,test,MY,y,107.12046249173828,97.55732435558492,9.563138136153356,98.26745178453405,106.88512177792464,74.36745178453404,82.98512177792463,14.036187386458002,238.5085716319172,0.0,0.0,17.640941324121716,97.2933488946292,17.640941324121716,237.59091264246672
11_LTAN06_800km_1213COLD_MY_ALL_HEAT_MY_Black,10043.0,test,MY,y,107.28235713105272,97.59255989092712,9.6897972401256,98.29552923483722,107.03888596926129,74.39552923483723,83.13888596926128,14.624471563010122,243.14548986233063,0.0,0.0,17.640941324121716,97.2933488946292,17.640941324121716,241.30447668258785
11_LTAN06_800km_1213COLD_MY_ALL_HEAT_MY_Black,10103.5,test,MY,y,107.43121487603308,97.63020082644628,9.801014049586797,98.3266305785124,107.17974380165288,74.4266305785124,83.27974380165287,15.226069521833978,247.2801141885204,0.0,0.0,17.640941324121716,97.2933488946292,17.640941324121716,244.73367142651477
11_LTAN06_800km_1213COLD_MY_ALL_HEAT_MY_Black,10164.0,test,MY,y,107.56873102310232,97.6699004950495,9.898830528052812,98.36049290429042,107.30927227722772,74.46049290429042,83.40927227722773,15.830091937846657,250.97272591916385,0.0,0.0,17.640941324121716,97.2933488946292,17.640941324121716,247.97946672552644
11_LTAN06_800km_1213COLD_MY_ALL_HEAT_MY_Black,10224.5,test,MY,y,107.69546115702478,97.71166049586778,9.983800661157005,98.39682644628098,107.4308,74.49682644628098,83.5308,16.433405601250296,254.2585570616829,0.0,0.0,17.640941324121716,97.2933488946292,17.640941324121716,250.33325359283117
11_LTAN06_800km_1213COLD_MY_ALL_HEAT_MY_Black,10285.0,test,MY,y,107.81400330578512,97.75542495867768,10.058578347107442,98.4356570247934,107.54247768595042,74.53565702479341,83.64247768595041,17.03478224018952,257.1675427258411,0.0,0.0,17.640941324121716,97.2933488946292,17.640941324121716,252.93322601465115
11_LTAN06_800km_1213COLD_MY_ALL_HEAT_MY_Black,10345.5,test,MY,y,107.92361322314048,97.80081652892562,10.122796694214856,98.4764282644628,107.64881652892562,74.5764282644628,83.74881652892563,17.62539880142452,259.76722563212286,0.0,0.0,17.640941324121716,97.2933488946292,17.640941324121716,254.48661023105888
11_LTAN06_800km_1213COLD_MY_ALL_HEAT_MY_Black,10406.0,test,MY,y,108.02686138613862,97.8475495049505,10.179311881188113,98.51903366336634,107.74720792079208,74.61903366336634,83.84720792079207,18.205453582108312,262.0779766422256,0.0,0.0,17.640941324121716,97.2933488946292,17.640941324121716,256.3319128217081
11_LTAN06_800km_1213COLD_MY_ALL_HEAT_MY_Black,10466.5,test,MY,y,108.12426611570248,97.89565388429752,10.228612231404966,98.56341074380164,107.84147438016528,74.66341074380165,83.94147438016529,18.77293116043485,264.1314388960927,0.0,0.0,17.640941324121716,97.2933488946292,17.640941324121716,257.68135842890115
11_LTAN06_800km_1213COLD_MY_ALL_HEAT_MY_Black,10527.0,test,MY,y,108.2166132231405,97.94478446280992,10.271828760330578,98.609213553719,107.9308214876033,74.709213553719,84.0308214876033,19.322526918662383,265.9771489337098,0.0,0.0,17.640941324121716,97.2933488946292,17.640941324121716,258.9359623228156
11_LTAN06_800km_1213COLD_MY_ALL_HEAT_MY_Black,10587.5,test,MY,y,108.30489090909091,97.99491504132232,10.3099758677686,98.65623024793388,108.01702975206612,74.75623024793387,84.11702975206612,19.85459921231684,267.6290111099847,0.0,0.0,17.640941324121716,97.2933488946292,17.640941324121716,259.8914206072004
11_LTAN06_800km_1213COLD_MY_ALL_HEAT_MY_Black,10648.0,test,MY,y,108.3890396039604,98.04550247524752,10.343537128712882,98.70418696369636,108.09918151815182,74.80418696369637,84.19918151815182,20.3652827815108,269.1214370613889,0.0,0.0,17.640941324121716,97.2933488946292,17.640941324121716,260.82523293195845
11_LTAN06_800km_1213COLD_MY_ALL_HEAT_MY_Black,10708.5,test,MY,y,108.47117190082643,98.09647520661156,10.374696694214876,98.75274578512398,108.17931404958678,74.85274578512397,84.27931404958679,20.851131175436645,270.4868229845269,0.0,0.0,17.640941324121716,97.2933488946292,17.640941324121716,261.7492186540585
11_LTAN06_800km_1213COLD_MY_ALL_HEAT_MY_Black,10769.0,test,MY,y,108.55038512396696,98.14766099173556,10.402724132231398,98.80181024793389,108.25652727272728,74.9018102479339,84.35652727272728,21.313269888608623,271.7343183964428,0.0,0.0,17.640941324121716,97.2933488946292,17.640941324121716,262.6607885026242
11_LTAN06_800km_1213COLD_MY_ALL_HEAT_MY_Black,10829.5,test,MY,y,108.62845619834712,98.19886099173554,10.42959520661158,98.85118892561982,108.33352727272728,74.95118892561982,84.43352727272728,21.74755069959531,272.9094398715047,0.0,0.0,17.640941324121716,97.2933488946292,17.640941324121716,263.3945720780066
11_LTAN06_800km_1213COLD_MY_ALL_HEAT_MY_Black,10890.0,test,MY,y,108.7054092409241,98.24970429042904,10.455704950495061,98.90051320132014,108.40948184818484,75.00051320132013,84.50948184818483,22.152692469642183,274.0317742884677,0.0,0.0,17.640941324121716,97.2933488946292,17.640941324121716,264.16199714925824
11_LTAN06_800km_1213COLD_MY_ALL_HEAT_MY_Black,10950.5,test,MY,y,108.78147272727271,98.30041272727271,10.48106,98.95009272727272,108.48547272727272,75.05009272727273,84.58547272727273,22.5293799447214,275.1049414356449,0.0,0.0,17.640941324121716,97.2933488946292,17.640941324121716,264.78406208761226
11_LTAN06_800km_1213COLD_MY_ALL_HEAT_MY_Black,11011.0,test,MY,y,108.8584,98.35083454545456,10.507565454545443,98.9993218181818,108.56147272727272,75.0993218181818,84.66147272727272,22.869975816475897,276.1673583668682,0.0,0.0,17.640941324121716,97.2933488946292,17.640941324121716,265.6217741126202
11_LTAN06_800km_1213COLD_MY_ALL_HEAT_MY_Black,11071.5,test,MY,y,108.93632727272728,98.4006781818182,10.53564909090909,99.0484290909091,108.6384,75.1484290909091,84.73840000000001,23.17580459057614,277.2225957583954,0.0,0.0,17.640941324121716,97.2933488946292,17.640941324121716,266.6257376773938
11_LTAN06_800km_1213COLD_MY_ALL_HEAT_MY_Black,11132.0,test,MY,y,109.01513366336634,98.45003168316832,10.565101980198023,99.09708366336632,108.71528217821782,75.19708366336633,84.81528217821781,23.447315872370943,278.2783151934585,0.0,0.0,17.640941324121716,97.2933488946292,17.640941324121716,267.89102780503526
11_LTAN06_800km_1213COLD_MY_ALL_HEAT_MY_Black,11192.5,test,MY,y,109.09412396694216,98.4987776859504,10.595346280991762,99.14531487603304,108.79319834710743,75.24531487603304,84.89319834710744,23.679124269652583,279.3688155416752,0.0,0.0,17.640941324121716,97.2933488946292,17.640941324121716,269.0187763738759
11_LTAN06_800km_1213COLD_MY_ALL_HEAT_MY_Black,11253.0,test,MY,y,109.17404958677686,98.54673719008264,10.627312396694222,99.19295950413223,108.87212396694215,75.29295950413223,84.97212396694215,23.872738905922887,280.4927016363456,0.0,0.0,17.640941324121716,97.2933488946292,17.640941324121716,270.21971446507087
11_LTAN06_800km_1213COLD_MY_ALL_HEAT_MY_Black,11313.5,test,MY,y,109.25590082644628,98.59389669421486,10.662004132231417,99.24009669421488,108.95390082644629,75.34009669421488,85.0539008264463,24.02525223663982,281.66139854682285,0.0,0.0,17.640941324121716,97.2933488946292,17.640941324121716,271.34204648120794
11_LTAN06_800km_1213COLD_MY_ALL_HEAT_MY_Black,11374.0,test,MY,y,109.3406776859504,98.6402561983471,10.700421487603293,99.28673388429752,109.036826446281,75.38673388429751,85.13682644628099,24.131376192953127,282.89300885267994,0.0,0.0,17.640941324121716,97.2933488946292,17.640941324121716,273.0511161330396
11_LTAN06_800km_1213COLD_MY_ALL_HEAT_MY_Black,11434.5,test,MY,y,109.42647194719471,98.68574620462046,10.740725742574256,99.33270825082508,109.12247194719473,75.43270825082507,85.22247194719472,24.19312846544946,284.18286684647046,0.0,0.0,17.640941324121716,97.2933488946292,17.640941324121716,274.4552928844969
11_LTAN06_800km_1213COLD_MY_ALL_HEAT_MY_Black,11495.0,test,MY,y,109.51523305785123,98.73040892561984,10.784824132231392,99.37814809917356,109.21030909090908,75.47814809917355,85.31030909090907,24.2049759391546,285.5329279468422,0.0,0.0,17.640941324121716,97.2933488946292,17.640941324121716,276.2101195214964
11_LTAN06_800km_1213COLD_MY_ALL_HEAT_MY_Black,11555.5,test,MY,y,109.60423305785125,98.77445454545456,10.829778512396686,99.42299371900826,109.29923305785124,75.52299371900827,85.39923305785123,24.164534156658007,286.943132129803,0.0,0.0,17.640941324121716,97.2933488946292,17.640941324121716,277.79094799000814
11_LTAN06_800km_1213COLD_MY_ALL_HEAT_MY_Black,11616.0,test,MY,y,109.69508099173554,98.81771537190082,10.87736561983472,99.4674241322314,109.39008099173554,75.5674241322314,85.49008099173554,24.07432381831521,288.41027251581386,0.0,0.0,17.640941324121716,97.2933488946292,17.640941324121716,279.5094460458531
11_LTAN06_800km_1213COLD_MY_ALL_HEAT_MY_Black,11676.5,test,MY,y,109.78594224422444,98.86038828382836,10.925553960396087,99.51138745874589,109.48186468646864,75.6113874587459,85.58186468646863,23.92968497232362,289.93129865803166,0.0,0.0,17.640941324121716,97.2933488946292,17.640941324121716,281.0531882458781
11_LTAN06_800km_1213COLD_MY_ALL_HEAT_MY_Black,11737.0,test,MY,y,109.877852892562,98.90262165289256,10.97523123966944,99.555012892562,109.573852892562,75.65501289256201,85.673852892562,23.731290232096747,291.50299458402105,0.0,0.0,17.640941324121716,97.2933488946292,17.640941324121716,282.8583362295212
11_LTAN06_800km_1213COLD_MY_ALL_HEAT_MY_Black,11797.5,test,MY,y,109.969852892562,98.94436049586776,11.025492396694247,99.59842842975206,109.66769752066116,75.69842842975206,85.76769752066116,23.48092591474115,293.1213457846805,0.0,0.0,17.640941324121716,97.2933488946292,17.640941324121716,284.32882251724004
11_LTAN06_800km_1213COLD_MY_ALL_HEAT_MY_Black,11858.0,test,MY,y,110.06461983471074,98.98587603305783,11.078743801652905,99.64182842975208,109.76261983471072,75.74182842975208,85.86261983471073,23.17357993522214,294.7676712375861,0.0,0.0,17.640941324121716,97.2933488946292,17.640941324121716,286.32598799515836
11_LTAN06_800km_1213COLD_MY_ALL_HEAT_MY_Black,11918.5,test,MY,y,110.16131683168317,99.02712871287127,11.134188118811892,99.68507029702972,109.85931683168316,75.78507029702973,85.95931683168317,22.811983599709293,296.4410305270536,0.0,0.0,17.640941324121716,97.2933488946292,17.640941324121716,288.44223791355034
11_LTAN06_800km_1213COLD_MY_ALL_HEAT_MY_Black,11979.0,test,MY,y,110.25830413223142,99.06842330578512,11.189880826446299,99.72845669421488,109.9563041322314,75.82845669421488,86.05630413223139,22.40011012884397,298.1321522670994,0.0,0.0,17.640941324121716,97.2933488946292,17.640941324121716,290.5898591279547
11_LTAN06_800km_1213COLD_MY_ALL_HEAT_MY_Black,12039.5,test,MY,y,110.3553041322314,99.10999950413223,11.245304628099163,99.77213289256198,110.05330413223142,75.87213289256198,86.15330413223143,21.94427430874958,299.8191776692421,0.0,0.0,17.640941324121716,97.2933488946292,17.640941324121716,292.7333933907903
11_LTAN06_800km_1213COLD_MY_ALL_HEAT_MY_Black,12100.0,test,MY,y,110.4523041322314,99.15178363636365,11.300520495867758,99.81629322314048,110.1503041322314,75.91629322314049,86.2503041322314,21.447089386794342,301.50153010956,0.0,0.0,17.640941324121716,97.2933488946292,17.640941324121716,294.9383951377167
11_LTAN06_800km_1213COLD_MY_ALL_HEAT_MY_Black,12160.5,test,MY,y,110.55007590759077,99.19388778877888,11.356188118811886,99.86070181518151,110.24807590759076,75.96070181518152,86.34807590759075,20.92597454106378,303.16907598596106,0.0,0.0,17.640941324121716,97.2933488946292,17.640941324121716,297.1394970261463
11_LTAN06_800km_1213COLD_MY_ALL_HEAT_MY_Black,12221.0,test,MY,y,110.64714380165287,99.23654165289256,11.410602148760319,99.90574727272728,110.34422479338843,76.00574727272729,86.44422479338843,20.39696694594238,304.81232016448723,0.0,0.0,17.640941324121716,97.2933488946292,17.640941324121716,299.54685742334914
11_LTAN06_800km_1213COLD_MY_ALL_HEAT_MY_Black,12281.5,test,MY,y,110.74414380165288,99.27951735537192,11.46462644628096,99.95121487603303,110.44022479338842,76.05121487603304,86.54022479338843,19.859874001008624,306.4318228954464,0.0,0.0,17.640941324121716,97.2933488946292,17.640941324121716,301.98823237587567
11_LTAN06_800km_1213COLD_MY_ALL_HEAT_MY_Black,12342.0,test,MY,y,110.84114380165288,99.32306876033056,11.51807504132232,99.99726628099174,110.53714380165287,76.09726628099173,86.63714380165288,19.324533256428467,308.0543778887227,0.0,0.0,17.640941324121716,97.2933488946292,17.640941324121716,304.20189255934747
11_LTAN06_800km_1213COLD_MY_ALL_HEAT_MY_Black,12402.5,test,MY,y,110.93799669966997,99.36706138613862,11.57093531353135,100.04320462046203,110.63491419141914,76.14320462046203,86.73491419141914,18.7957368388444,309.68957667367704,0.0,0.0,17.640941324121716,97.2933488946292,17.640941324121716,306.03347626303
11_LTAN06_800km_1213COLD_MY_ALL_HEAT_MY_Black,12463.0,test,MY,y,111.03498347107438,99.4115223140496,11.623461157024778,100.09011570247934,110.73381818181818,76.19011570247935,86.83381818181817,18.274533852763565,311.3363769690498,0.0,0.0,17.640941324121716,97.2933488946292,17.640941324121716,307.7432614078789
11_LTAN06_800km_1213COLD_MY_ALL_HEAT_MY_Black,12523.5,test,MY,y,111.13473553719008,99.45638925619836,11.678346280991718,100.13711570247936,110.834652892562,76.23711570247937,86.93465289256201,17.7675939695703,313.0327101635353,0.0,0.0,17.640941324121716,97.2933488946292,17.640941324121716,309.63819754763244
11_LTAN06_800km_1213COLD_MY_ALL_HEAT_MY_Black,12584.0,test,MY,y,111.23840495867768,99.5016561983471,11.73674876033057,100.18503305785124,110.93748760330578,76.28503305785125,87.03748760330578,17.274545222428262,314.7774921380989,0.0,0.0,17.640941324121716,97.2933488946292,17.640941324121716,312.20425741892905
11_LTAN06_800km_1213COLD_MY_ALL_HEAT_MY_Black,12644.5,test,MY,y,111.34316336633664,99.54734554455445,11.795817821782194,100.2329603960396,111.04216336633664,76.3329603960396,87.14216336633663,16.794764652336212,316.56776157544,0.0,0.0,17.640941324121716,97.2933488946292,17.640941324121716,314.5136622447826
11_LTAN06_800km_1213COLD_MY_ALL_HEAT_MY_Black,12705.0,test,MY,y,111.4508958677686,99.59359702479338,11.857298842975212,100.28095371900828,111.1498958677686,76.38095371900829,87.2498958677686,16.328110905172085,318.4022415411457,0.0,0.0,17.640941324121716,97.2933488946292,17.640941324121716,316.7511588878624
11_LTAN06_800km_1213COLD_MY_ALL_HEAT_MY_Black,12765.5,test,MY,y,111.56072727272726,99.64035487603306,11.920372396694205,100.3298694214876,111.25881157024791,76.42986942148761,87.35881157024792,15.874118325378031,320.2772122020448,0.0,0.0,17.640941324121716,97.2933488946292,17.640941324121716,319.3485738434392
11_LTAN06_800km_1213COLD_MY_ALL_HEAT_MY_Black,12826.0,test,MY,y,111.67255867768596,99.68761272727272,11.984945950413234,100.3788694214876,111.36964297520662,76.47886942148759,87.46964297520663,15.432807799172824,322.1905817220818,0.0,0.0,17.640941324121716,97.2933488946292,17.640941324121716,321.9081679151641
11_LTAN06_800km_1213COLD_MY_ALL_HEAT_MY_Black,12886.5,test,MY,y,111.78530363036305,99.735298349835,12.05000528052804,100.4287095709571,111.48230363036303,76.52870957095709,87.58230363036304,15.00432667554453,324.1406293367604,0.0,0.0,17.640941324121716,97.2933488946292,17.640941324121716,324.36539204800283
11_LTAN06_800km_1213COLD_MY_ALL_HEAT_MY_Black,12947.0,test,MY,y,111.90011570247934,99.78364,12.116475702479335,100.47870247933884,111.59711570247934,76.57870247933883,87.69711570247935,14.588182914507025,326.1236224803338,0.0,0.0,17.640941324121716,97.2933488946292,17.640941324121716,326.7223247807815
11_LTAN06_800km_1213COLD_MY_ALL_HEAT_MY_Black,13007.5,test,MY,y,112.01602975206612,99.83249702479338,12.183532727272734,100.52870247933885,111.71211570247934,76.62870247933884,87.81211570247933,14.184422865081348,328.1117997390342,0.0,0.0,17.640941324121716,97.2933488946292,17.640941324121716,329.1905416842674
11_LTAN06_800km_1213COLD_MY_ALL_HEAT_MY_Black,13068.0,test,MY,y,112.13294380165289,99.88203685950414,12.250906942148745,100.57961652892564,111.82711570247936,76.67961652892564,87.92711570247937,13.792673578342368,330.089343184028,0.0,0.0,17.640941324121716,97.2933488946292,17.640941324121716,331.96099584678086
11_LTAN06_800km_1213COLD_MY_ALL_HEAT_MY_Black,13128.5,test,MY,y,112.24976732673268,99.93201831683167,12.317749009901007,100.63145214521452,111.94194224422442,76.73145214521452,88.04194224422443,13.412383009741973,332.0572277928238,0.0,0.0,17.640941324121716,97.2933488946292,17.640941324121716,334.8535737740567
11_LTAN06_800km_1213COLD_MY_ALL_HEAT_MY_Black,13189.0,test,MY,y,109.54653223140492,99.97024991735536,9.576282314049564,100.67432066115704,109.24126942148756,76.77432066115705,85.34126942148757,15.33794721631075,250.74766884653812,0.0,0.0,17.640941324121716,97.2933488946292,17.640941324121716,262.4924803494032
11_LTAN06_800km_1213COLD_MY_ALL_HEAT_MY_Black,13249.5,test,MY,y,106.76048595041318,99.98481371900829,6.775672231404897,100.70172231404958,106.47190909090904,76.80172231404958,82.57190909090903,17.074356720693235,174.78766911360475,0.0,0.0,17.640941324121716,97.2933488946292,17.640941324121716,187.0991667244234
11_LTAN06_800km_1213COLD_MY_ALL_HEAT_MY_Black,13310.0,test,MY,y,104.16675371900824,99.9774147107438,4.18933900826444,100.71221157024792,103.90621322314048,76.81221157024791,80.00621322314049,18.62968354737564,103.90617660927828,0.0,0.0,17.640941324121716,97.2933488946292,17.640941324121716,115.86159076205149
11_LTAN06_800km_1213COLD_MY_ALL_HEAT_MY_Black,13370.5,test,MY,y,101.75307272727272,99.95096165289256,1.8021110743801643,100.70935041322316,101.52883140495864,76.80935041322317,77.62883140495865,20.02165196608144,37.76745114638285,0.0,0.0,17.640941324121716,97.2933488946292,17.640941324121716,49.271360890124924
11_LTAN06_800km_1213COLD_MY_ALL_HEAT_MY_Black,13431.0,test,MY,y,99.50879801980196,99.90769207920792,-0.39889405940596134,100.69351485148516,99.32796831683169,76.79351485148516,75.42796831683168,21.26079755326446,-23.92650048183129,0.0,0.0,17.640941324121716,97.2933488946292,17.640941324121716,-13.180773265827156
11_LTAN06_800km_1213COLD_MY_ALL_HEAT_MY_Black,13491.5,test,MY,y,97.41618148760328,99.84960181818182,-2.4334203305785422,100.66467768595042,97.28399900826446,76.76467768595043,73.38399900826445,22.359557834914867,-81.47910797433354,0.0,0.0,17.640941324121716,97.2933488946292,17.640941324121716,-72.05525429843692
11_LTAN06_800km_1213COLD_MY_ALL_HEAT_MY_Black,13552.0,test,MY,y,95.46484991735537,99.7784532231405,-4.313603305785136,100.62557024793388,95.38486396694212,76.72557024793389,71.48486396694213,23.33094604752645,-135.19950872901788,0.0,0.0,17.640941324121716,97.2933488946292,17.640941324121716,-127.03873264032518
11_LTAN06_800km_1213COLD_MY_ALL_HEAT_MY_Black,13612.5,test,MY,y,93.64444661157025,99.69567966942148,-6.051233057851235,100.5755520661157,93.61850892561982,76.6755520661157,69.71850892561983,24.18694332458768,-185.3492001622512,0.0,0.0,17.640941324121716,97.2933488946292,17.640941324121716,-178.5364476860923
11_LTAN06_800km_1213COLD_MY_ALL_HEAT_MY_Black,13673.0,test,MY,y,91.94656468646863,99.60254950495047,-7.655984818481841,100.51644554455446,91.97529108910892,76.61644554455447,68.07529108910893,24.940266848715392,-232.2038519114508,0.0,0.0,17.640941324121716,97.2933488946292,17.640941324121716,-226.37704401083465
11_LTAN06_800km_1213COLD_MY_ALL_HEAT_MY_Black,13733.5,test,MY,y,90.35556363636364,99.5,-9.144436363636359,100.44736363636363,90.4390818181818,76.54736363636363,66.53908181818181,25.602693535990053,-276.02038532120235,0.0,0.0,17.640941324121716,97.2933488946292,17.640941324121716,-271.3204880809826
11_LTAN06_800km_1213COLD_MY_ALL_HEAT_MY_Black,13794.0,test,MY,y,88.86479999999999,99.38896363636364,-10.524163636363653,100.3691818181818,89.0023,76.4691818181818,65.10230000000001,26.183235484832714,-317.0086263075028,0.0,0.0,17.640941324121716,97.2933488946292,17.640941324121716,-313.3575578670607
11_LTAN06_800km_1213COLD_MY_ALL_HEAT_MY_Black,13854.5,test,MY,y,87.46528181818182,99.27034545454546,-11.805063636363641,100.2829090909091,87.6555,76.3829090909091,63.755500000000005,26.691648647236168,-355.39108826258604,0.0,0.0,17.640941324121716,97.2933488946292,17.640941324121716,-352.6164537812583
11_LTAN06_800km_1213COLD_MY_ALL_HEAT_MY_Black,13915.0,test,MY,y,86.15112673267328,99.1447805280528,-12.99365379537953,100.1887788778878,86.39214158415842,76.28877887788781,62.492141584158425,27.13562283947329,-391.35756458807685,0.0,0.0,17.640941324121716,97.2933488946292,17.640941324121716,-389.2094591823443
11_LTAN06_800km_1213COLD_MY_ALL_HEAT_MY_Black,13975.5,test,MY,y,84.9116011570248,99.01268297520662,-14.101081818181811,100.08653388429752,85.2015841322314,76.18653388429752,61.301584132231405,27.521629364014185,-425.07182258031065,0.0,0.0,17.640941324121716,97.2933488946292,17.640941324121716,-423.6146604229798
11_LTAN06_800km_1213COLD_MY_ALL_HEAT_MY_Black,14036.0,test,MY,y,83.74106066115704,98.87453834710745,-15.13347768595041,99.97709107438016,84.07830099173555,76.07709107438015,60.17830099173555,27.85695631749736,-456.7183441867887,0.0,0.0,17.640941324121716,97.2933488946292,17.640941324121716,-455.91779275239605
11_LTAN06_800km_1213COLD_MY_ALL_HEAT_MY_Black,14096.5,test,MY,y,82.63357553719008,98.73084743801653,-16.097271900826442,99.8600038016529,83.0161917355372,75.9600038016529,59.11619173553721,28.148089714493054,-486.440323932101,0.0,0.0,17.640941324121716,97.2933488946292,17.640941324121716,-486.47495551454995
11_LTAN06_800km_1213COLD_MY_ALL_HEAT_MY_Black,14157.0,test,MY,y,81.58326138613863,98.58215247524753,-16.998891089108895,99.73603861386138,82.01091930693072,75.83603861386138,58.11091930693072,28.40226531151842,-514.3928270465814,0.0,0.0,17.640941324121716,97.2933488946292,17.640941324121716,-515.766109797536
11_LTAN06_800km_1213COLD_MY_ALL_HEAT_MY_Black,14217.5,test,MY,y,83.39310809917353,98.43821041322316,-15.045102314049629,99.6119826446281,83.86114892561982,75.71198264462811,59.96114892561982,26.32465746667845,-457.0106078395708,0.0,0.0,17.640941324121716,97.2933488946292,17.640941324121716,-469.0471095318644
11_LTAN06_800km_1213COLD_MY_ALL_HEAT_MY_Black,14278.0,test,MY,y,85.38605090909088,98.3096652892562,-12.923614380165318,99.49531950413224,85.87741586776858,75.59531950413225,61.97741586776858,24.39242991523393,-402.6637670900024,0.0,0.0,17.640941324121716,97.2933488946292,17.640941324121716,-415.69822369051326
11_LTAN06_800km_1213COLD_MY_ALL_HEAT_MY_Black,14338.5,test,MY,y,87.25510528925618,98.19588975206612,-10.940784462809944,99.386212892562,87.75294363636361,75.48621289256201,63.85294363636361,22.609896763184803,-351.4262524836097,0.0,0.0,17.640941324121716,97.2933488946292,17.640941324121716,-363.74125292112876
11_LTAN06_800km_1213COLD_MY_ALL_HEAT_MY_Black,14399.0,test,MY,y,88.99904389438944,98.09559438943894,-9.096550495049499,99.28412409240924,89.48857227722775,75.38412409240925,65.58857227722774,20.975693452599383,-303.2978169255604,0.0,0.0,17.640941324121716,97.2933488946292,17.640941324121716,-313.4869921855243
11_LTAN06_800km_1213COLD_MY_ALL_HEAT_MY_Black,14459.5,test,MY,y,90.62473107438018,98.00725966942149,-7.3825285950413075,99.18841702479338,91.09425388429754,75.28841702479338,67.19425388429755,19.48503616478268,-258.2078411347343,0.0,0.0,17.640941324121716,97.2933488946292,17.640941324121716,-265.23415855889107
11_LTAN06_800km_1213COLD_MY_ALL_HEAT_MY_Black,14520.0,test,MY,y,92.131539338843,97.92955305785124,-5.798013719008239,99.09865140495867,92.57336198347107,75.19865140495867,68.67336198347107,18.13311485603533,-216.06331675972177,0.0,0.0,17.640941324121716,97.2933488946292,17.640941324121716,-219.69839184272496
11_LTAN06_800km_1213COLD_MY_ALL_HEAT_MY_Black,14580.5,test,MY,y,93.523325785124,97.86153272727272,-4.338206942148716,99.01469537190084,93.93258942148762,75.11469537190084,70.03258942148761,16.912837358839468,-176.74704922179774,0.0,0.0,17.640941324121716,97.2933488946292,17.640941324121716,-177.22983357660632
11_LTAN06_800km_1213COLD_MY_ALL_HEAT_MY_Black,14641.0,test,MY,y,94.8044902640264,97.80220528052804,-2.997715016501644,98.93620379537954,95.17782442244224,75.03620379537955,71.27782442244225,15.815262057381355,-140.12410250959945,0.0,0.0,17.640941324121716,97.2933488946292,17.640941324121716,-137.88419433417585
11_LTAN06_800km_1213COLD_MY_ALL_HEAT_MY_Black,14701.5,test,MY,y,95.98628628099176,97.75056380165287,-1.7642775206611105,98.86289950413224,96.32116033057852,74.96289950413225,72.42116033057852,14.832094864283183,-106.05839325132466,0.0,0.0,17.640941324121716,97.2933488946292,17.640941324121716,-101.36195771048006
11_LTAN06_800km_1213COLD_MY_ALL_HEAT_MY_Black,14762.0,test,MY,y,97.07374347107438,97.70589090909093,-0.6321474380165455,98.79461190082644,97.368473553719,74.89461190082645,73.46847355371901,13.954799013127191,-74.40979103141362,0.0,0.0,17.640941324121716,97.2933488946292,17.640941324121716,-67.58142660928206
11_LTAN06_800km_1213COLD_MY_ALL_HEAT_MY_Black,14822.5,test,MY,y,98.07280578512398,97.66748628099172,0.40531950413225104,98.73123404958676,98.32696512396696,74.83123404958675,74.42696512396697,13.17498462825698,-45.03820861589913,0.0,0.0,17.640941324121716,97.2933488946292,17.640941324121716,-36.522473364060716
11_LTAN06_800km_1213COLD_MY_ALL_HEAT_MY_Black,14883.0,test,MY,y,98.98849009900992,97.634698019802,1.3537920792079206,98.67284257425744,99.2024702970297,74.77284257425745,75.30247029702971,12.48265181847036,-17.7901138175142,0.0,0.0,17.640941324121716,97.2933488946292,17.640941324121716,-8.054985228201986
11_LTAN06_800km_1213COLD_MY_ALL_HEAT_MY_Black,14943.5,test,MY,y,99.82960909090907,97.60690743801652,2.222701652892553,98.6189958677686,100.00420661157024,74.7189958677686,76.10420661157025,11.871739494888333,7.462456955369297,0.0,0.0,17.640941324121716,97.2933488946292,17.640941324121716,18.01681653097694
11_LTAN06_800km_1213COLD_MY_ALL_HEAT_MY_Black,15004.0,test,MY,y,100.60206280991736,97.5836611570248,3.0184016528925497,98.56991983471076,100.73880165289256,74.66991983471075,76.83880165289256,11.340615355548572,30.858240727203505,0.0,0.0,17.640941324121716,97.2933488946292,17.640941324121716,41.85167534389984
11_LTAN06_800km_1213COLD_MY_ALL_HEAT_MY_Black,15064.5,test,MY,y,101.31128099173554,97.56455454545456,3.746726446280988,98.525373553719,101.4127520661157,74.62537355371902,77.5127520661157,10.89432390824408,52.55479288762176,0.0,0.0,17.640941324121716,97.2933488946292,17.640941324121716,63.391171280512935
11_LTAN06_800km_1213COLD_MY_ALL_HEAT_MY_Black,15125.0,test,MY,y,101.9638347107438,97.54936776859503,4.4144669421487635,98.4854173553719,102.03210743801654,74.5854173553719,78.13210743801653,10.524884503734146,72.65998039504602,0.0,0.0,17.640941324121716,97.2933488946292,17.640941324121716,83.00535432019024
11_LTAN06_800km_1213COLD_MY_ALL_HEAT_MY_Black,15185.5,test,MY,y,102.56310726072608,97.53773745874588,5.025369801980204,98.44993316831685,102.59932838283828,74.54993316831684,78.69932838283827,10.23770582340132,91.27902630993276,0.0,0.0,17.640941324121716,97.2933488946292,17.640941324121716,101.06882227787719
11_LTAN06_800km_1213COLD_MY_ALL_HEAT_MY_Black,15246.0,test,MY,y,103.11394876033056,97.52940661157024,5.58454214876032,98.4188852892562,103.119973553719,74.51888528925619,79.219973553719,10.039387369345116,108.51104007381753,0.0,0.0,17.640941324121716,97.2933488946292,17.640941324121716,117.60263073404712
11_LTAN06_800km_1213COLD_MY_ALL_HEAT_MY_Black,15306.5,test,MY,y,103.62038512396694,97.52428396694216,6.096101157024776,98.39215173553718,103.5982082644628,74.49215173553719,79.6982082644628,9.924884387261264,124.44591067716853,0.0,0.0,17.640941324121716,97.2933488946292,17.640941324121716,132.6758648994837
11_LTAN06_800km_1213COLD_MY_ALL_HEAT_MY_Black,15367.0,test,MY,y,104.08551900826448,97.52236132231404,6.5631576859504435,98.36989801652892,104.03624132231404,74.46989801652893,80.13624132231405,9.90160353990686,139.1335038925036,0.0,0.0,17.640941324121716,97.2933488946292,17.640941324121716,146.6236412485341
11_LTAN06_800km_1213COLD_MY_ALL_HEAT_MY_Black,15427.5,test,MY,y,104.51172277227722,97.52372607260726,6.987996699669964,98.3522597359736,104.4372805280528,74.4522597359736,80.5372805280528,9.96836499783458,152.64272667159548,0.0,0.0,17.640941324121716,97.2933488946292,17.640941324121716,159.3218184667894
11_LTAN06_800km_1213COLD_MY_ALL_HEAT_MY_Black,15488.0,test,MY,y,104.90323801652892,97.52811834710744,7.37511966942148,98.33901173553718,104.80649256198346,74.43901173553718,80.90649256198347,10.11939421350401,165.0515736374348,0.0,0.0,17.640941324121716,97.2933488946292,17.640941324121716,170.67956129820232
11_LTAN06_800km_1213COLD_MY_ALL_HEAT_MY_Black,15548.5,test,MY,y,105.26161983471074,97.53595966942147,7.72566016528927,98.33043008264464,105.14377190082644,74.43043008264465,81.24377190082643,10.344924938466688,176.4243460603857,0.0,0.0,17.640941324121716,97.2933488946292,17.640941324121716,181.08524850227332
11_LTAN06_800km_1213COLD_MY_ALL_HEAT_MY_Black,15609.0,test,MY,y,105.58969421487603,97.54694198347109,8.042752231404947,98.32627917355371,105.4517438016529,74.42627917355372,81.55174380165289,10.640206765860947,186.8278499631745,0.0,0.0,17.640941324121716,97.2933488946292,17.640941324121716,190.6858102155311
11_LTAN06_800km_1213COLD_MY_ALL_HEAT_MY_Black,15669.5,test,MY,y,105.8900198019802,97.56109257425744,8.328927227722758,98.32652722772278,105.73389108910892,74.42652722772277,81.83389108910893,10.999125062266415,196.32394735653585,0.0,0.0,17.640941324121716,97.2933488946292,17.640941324121716,199.31681064760414
11_LTAN06_800km_1213COLD_MY_ALL_HEAT_MY_Black,15730.0,test,MY,y,106.16378016528924,97.57836727272728,8.585412892561962,98.33107933884295,105.99234214876034,74.43107933884295,82.09234214876034,11.408630291539746,204.9652106754828,0.0,0.0,17.640941324121716,97.2933488946292,17.640941324121716,206.77594191324897
11_LTAN06_800km_1213COLD_MY_ALL_HEAT_MY_Black,15790.5,test,MY,y,106.41417520661156,97.59874446280992,8.815430743801642,98.33984198347108,106.22863305785124,74.43984198347107,82.32863305785125,11.865167170752745,212.8076102252784,0.0,0.0,17.640941324121716,97.2933488946292,17.640941324121716,213.52382687463978
11_LTAN06_800km_1213COLD_MY_ALL_HEAT_MY_Black,15851.0,test,MY,y,106.64336198347108,97.6221320661157,9.021229917355384,98.35262545454546,106.44471570247934,74.45262545454545,82.54471570247935,12.36128052617269,219.9051226992772,0.0,0.0,17.640941324121716,97.2933488946292,17.640941324121716,219.6449686640408
11_LTAN06_800km_1213COLD_MY_ALL_HEAT_MY_Black,15911.5,test,MY,y,106.85303300330033,97.6484801980198,9.204552805280528,98.36929405940596,106.642300330033,74.46929405940597,82.742300330033,12.887408815910533,226.3096002114524,0.0,0.0,17.640941324121716,97.2933488946292,17.640941324121716,225.16083609697307
11_LTAN06_800km_1213COLD_MY_ALL_HEAT_MY_Black,15972.0,test,MY,y,107.04579504132232,97.67785818181818,9.367936859504141,98.38969966942147,106.82395867768597,74.48969966942147,82.92395867768596,13.44093721363301,232.06772894553808,0.0,0.0,17.640941324121716,97.2933488946292,17.640941324121716,230.09543812210904
11_LTAN06_800km_1213COLD_MY_ALL_HEAT_MY_Black,16032.5,test,MY,y,107.22159338842977,97.70979371900826,9.511799669421507,98.4136294214876,106.99054545454544,74.5136294214876,83.09054545454543,14.014418732738774,237.2396647039975,0.0,0.0,17.640941324121716,97.2933488946292,17.640941324121716,234.30586776611017
11_LTAN06_800km_1213COLD_MY_ALL_HEAT_MY_Black,16093.0,test,MY,y,107.3830743801653,97.74422925619837,9.63884512396693,98.44079090909092,107.143026446281,74.54079090909093,83.243026446281,14.60272380272122,241.87473848213256,0.0,0.0,17.640941324121716,97.2933488946292,17.640941324121716,238.20371427797
11_LTAN06_800km_1213COLD_MY_ALL_HEAT_MY_Black,16153.5,test,MY,y,107.53123267326733,97.7809313531353,9.750301320132024,98.47110709570956,107.2830907590759,74.57110709570955,83.38309075907591,15.204364487217548,246.0078021181428,0.0,0.0,17.640941324121716,97.2933488946292,17.640941324121716,241.69457630420584
11_LTAN06_800km_1213COLD_MY_ALL_HEAT_MY_Black,16214.0,test,MY,y,107.66838842975208,97.81979917355372,9.848589256198366,98.50412231404958,107.41314049586778,74.60412231404959,83.51314049586779,15.808346863892652,249.69920058565555,0.0,0.0,17.640941324121716,97.2933488946292,17.640941324121716,244.73819956522857
11_LTAN06_800km_1213COLD_MY_ALL_HEAT_MY_Black,16274.5,test,MY,y,107.79546280991735,97.860773553719,9.934689256198354,98.53965371900826,107.53410743801652,74.63965371900827,83.63410743801651,16.41163504436537,252.9841295119295,0.0,0.0,17.640941324121716,97.2933488946292,17.640941324121716,247.32832074023827
11_LTAN06_800km_1213COLD_MY_ALL_HEAT_MY_Black,16335.0,test,MY,y,107.91253719008265,97.9036694214876,10.008867768595039,98.57768512396694,107.64607438016527,74.67768512396694,83.74607438016528,17.012961645921738,255.89248035114863,0.0,0.0,17.640941324121716,97.2933488946292,17.640941324121716,249.51144186162492
11_LTAN06_800km_1213COLD_MY_ALL_HEAT_MY_Black,16395.5,test,MY,y,108.0221287128713,97.94813168316831,10.07399702970298,98.61762178217822,107.75067326732672,74.71762178217821,83.85067326732673,17.60352316841637,258.4919158771632,0.0,0.0,17.640941324121716,97.2933488946292,17.640941324121716,251.51386121825635
11_LTAN06_800km_1213COLD_MY_ALL_HEAT_MY_Black,16456.0,test,MY,y,108.12487272727272,97.99416,10.130712727272723,98.65950727272728,107.84930909090907,74.75950727272729,83.94930909090908,18.18345970369001,260.8027396489148,0.0,0.0,17.640941324121716,97.2933488946292,17.640941324121716,253.18164206270376
11_LTAN06_800km_1213COLD_MY_ALL_HEAT_MY_Black,16516.5,test,MY,y,108.22152727272729,98.0415181818182,10.180009090909081,98.7031218181818,107.94285454545457,74.80312181818181,84.04285454545456,18.750867696208083,262.85653841774206,0.0,0.0,17.640941324121716,97.2933488946292,17.640941324121716,254.51724439840837
11_LTAN06_800km_1213COLD_MY_ALL_HEAT_MY_Black,16577.0,test,MY,y,108.31396363636364,98.08982,10.224143636363635,98.7481690909091,108.0314,74.8481690909091,84.13140000000001,19.30038068150602,264.7028596376586,0.0,0.0,17.640941324121716,97.2933488946292,17.640941324121716,256.0205465642175
11_LTAN06_800km_1213COLD_MY_ALL_HEAT_MY_Black,16637.5,test,MY,y,108.40138118811882,98.13903828382836,10.262342904290463,98.7943699669967,108.11660231023104,74.89436996699669,84.21660231023105,19.832302446748848,266.35559856854513,0.0,0.0,17.640941324121716,97.2933488946292,17.640941324121716,257.0312792345103
11_LTAN06_800km_1213COLD_MY_ALL_HEAT_MY_Black,16698.0,test,MY,y,108.48569752066116,98.18905173553718,10.296645785123985,98.84165074380164,108.19891900826444,74.94165074380163,84.29891900826445,20.342842994206045,267.8491668467092,0.0,0.0,17.640941324121716,97.2933488946292,17.640941324121716,257.9587851596989
11_LTAN06_800km_1213COLD_MY_ALL_HEAT_MY_Black,16758.5,test,MY,y,108.5670297520661,98.23924066115704,10.327789090909064,98.88949537190084,108.27825123966944,74.98949537190083,84.37825123966945,20.828565642906312,269.2159461173629,0.0,0.0,17.640941324121716,97.2933488946292,17.640941324121716,258.89598068446867
11_LTAN06_800km_1213COLD_MY_ALL_HEAT_MY_Black,16819.0,test,MY,y,108.64536198347108,98.28970743801652,10.355654545454556,98.93784,108.35458347107438,75.03783999999999,84.45458347107439,21.290575886046263,270.4650640691124,0.0,0.0,17.640941324121716,97.2933488946292,17.640941324121716,259.8002002341709
11_LTAN06_800km_1213COLD_MY_ALL_HEAT_MY_Black,16879.5,test,MY,y,108.7223597359736,98.34004455445545,10.382315181518152,98.98643531353136,108.43047194719472,75.08643531353135,84.53047194719471,21.724707534591907,271.6421027603505,0.0,0.0,17.640941324121716,97.2933488946292,17.640941324121716,260.55303178806935
11_LTAN06_800km_1213COLD_MY_ALL_HEAT_MY_Black,16940.0,test,MY,y,108.79845785123968,98.39025768595042,10.408200165289259,99.03521504132232,108.50645785123967,75.13521504132231,84.60645785123967,22.129704464749874,272.76641260090133,0.0,0.0,17.640941324121716,97.2933488946292,17.640941324121716,261.12362531822146
11_LTAN06_800km_1213COLD_MY_ALL_HEAT_MY_Black,17000.5,test,MY,y,108.87445785123968,98.44028016528924,10.434177685950445,99.08401504132232,108.58157024793388,75.18401504132231,84.68157024793388,22.50627870589675,273.841886227587,0.0,0.0,17.640941324121716,97.2933488946292,17.640941324121716,261.92922080822245
11_LTAN06_800km_1213COLD_MY_ALL_HEAT_MY_Black,17061.0,test,MY,y,108.95134545454545,98.48992512396696,10.461420330578491,99.13263752066116,108.65745785123968,75.23263752066117,84.75745785123968,22.84670182532354,274.9067660716254,0.0,0.0,17.640941324121716,97.2933488946292,17.640941324121716,262.84143869454783
11_LTAN06_800km_1213COLD_MY_ALL_HEAT_MY_Black,17121.5,test,MY,y,109.02834545454546,98.53917008264465,10.489175371900814,99.18097123966945,108.73345785123968,75.28097123966944,84.83345785123967,23.15240975227,275.9644936601268,0.0,0.0,17.640941324121716,97.2933488946292,17.640941324121716,263.7923818363779
11_LTAN06_800km_1213COLD_MY_ALL_HEAT_MY_Black,17182.0,test,MY,y,109.1061188118812,98.58776633663366,10.51835247524754,99.22902326732672,108.80934653465346,75.32902326732673,84.90934653465345,23.42376162658544,277.0231216601933,0.0,0.0,17.640941324121716,97.2933488946292,17.640941324121716,265.0750903462431
11_LTAN06_800km_1213COLD_MY_ALL_HEAT_MY_Black,17242.5,test,MY,y,109.18499008264465,98.6358256198347,10.54916446280994,99.27658264462808,108.8871041322314,75.37658264462809,84.9871041322314,23.6554268202968,278.11649237427685,0.0,0.0,17.640941324121716,97.2933488946292,17.640941324121716,266.22813414652774
11_LTAN06_800km_1213COLD_MY_ALL_HEAT_MY_Black,17303.0,test,MY,y,109.26399008264464,98.68311685950414,10.5808732231405,99.32363966942148,108.9651041322314,75.42363966942148,85.0651041322314,23.84888438091138,279.2434089060212,0.0,0.0,17.640941324121716,97.2933488946292,17.640941324121716,267.4389087716663
11_LTAN06_800km_1213COLD_MY_ALL_HEAT_MY_Black,17363.5,test,MY,y,109.3456479338843,98.72960809917356,10.616039834710733,99.37010809917356,109.04576198347108,75.47010809917356,85.14576198347109,24.00131066909702,280.4152744964937,0.0,0.0,17.640941324121716,97.2933488946292,17.640941324121716,268.7892849088166
11_LTAN06_800km_1213COLD_MY_ALL_HEAT_MY_Black,17424.0,test,MY,y,109.42929702970297,98.77523267326733,10.65406435643564,99.41599801980198,109.12841254125414,75.51599801980197,85.22841254125413,24.10731422896728,281.6501280609145,0.0,0.0,17.640941324121716,97.2933488946292,17.640941324121716,270.281067274449
11_LTAN06_800km_1213COLD_MY_ALL_HEAT_MY_Black,17484.5,test,MY,y,109.51504958677688,98.82011652892562,10.694933057851259,99.46135867768596,109.2131652892562,75.56135867768597,85.3131652892562,24.168965487908803,282.9433693754161,0.0,0.0,17.640941324121716,97.2933488946292,17.640941324121716,271.89665164030885
11_LTAN06_800km_1213COLD_MY_ALL_HEAT_MY_Black,17545.0,test,MY,y,109.60193388429752,98.86412066115705,10.737813223140478,99.50621652892562,109.29993388429752,75.60621652892561,85.39993388429752,24.18068358647173,284.2968756417798,0.0,0.0,17.640941324121716,97.2933488946292,17.640941324121716,273.44429144893
11_LTAN06_800km_1213COLD_MY_ALL_HEAT_MY_Black,17605.5,test,MY,y,109.69070247933884,98.90749008264464,10.783212396694196,99.55048595041322,109.38870247933885,75.65048595041321,85.48870247933885,24.14018293715573,285.71061230261535,0.0,0.0,17.640941324121716,97.2933488946292,17.640941324121716,275.04034145217884
11_LTAN06_800km_1213COLD_MY_ALL_HEAT_MY_Black,17666.0,test,MY,y,109.78045544554456,98.9500206270627,10.830434818481862,99.59409174917492,109.47845544554455,75.69409174917493,85.57845544554456,24.04992413950048,287.1813324597003,0.0,0.0,17.640941324121716,97.2933488946292,17.640941324121716,276.7236389712016
11_LTAN06_800km_1213COLD_MY_ALL_HEAT_MY_Black,17726.5,test,MY,y,109.87132066115704,98.99207107438016,10.87924958677688,99.63750677685952,109.56932066115702,75.73750677685953,85.66932066115703,23.905206959937058,288.70608207331446,0.0,0.0,17.640941324121716,97.2933488946292,17.640941324121716,278.5167848488454
11_LTAN06_800km_1213COLD_MY_ALL_HEAT_MY_Black,17787.0,test,MY,y,109.96232066115702,99.03362975206612,10.928690909090903,99.68055371900826,109.66208595041324,75.78055371900825,85.76208595041325,23.70676971496904,290.2815833248407,0.0,0.0,17.640941324121716,97.2933488946292,17.640941324121716,279.9382691848259
11_LTAN06_800km_1213COLD_MY_ALL_HEAT_MY_Black,17847.5,test,MY,y,110.05420330578512,99.07468842975206,10.979514876033065,99.72328892561984,109.75508595041325,75.82328892561983,85.85508595041324,23.45634425099593,291.90362161642406,0.0,0.0,17.640941324121716,97.2933488946292,17.640941324121716,281.59242708677994
11_LTAN06_800km_1213COLD_MY_ALL_HEAT_MY_Black,17908.0,test,MY,y,110.14783168316832,99.11545247524752,11.032379207920798,99.76592673267326,109.84883168316831,75.86592673267327,85.94883168316832,23.149036154003483,293.5539251989124,0.0,0.0,17.640941324121716,97.2933488946292,17.640941324121716,283.58271230302125
11_LTAN06_800km_1213COLD_MY_ALL_HEAT_MY_Black,17968.5,test,MY,y,110.24357520661157,99.15615636363636,11.087418842975211,99.80861834710744,109.94457520661156,75.90861834710745,86.04457520661157,22.78741804654672,295.2311334694241,0.0,0.0,17.640941324121716,97.2933488946292,17.640941324121716,285.68566728080623
11_LTAN06_800km_1213COLD_MY_ALL_HEAT_MY_Black,18029.0,test,MY,y,110.34045619834713,99.1967682644628,11.143687933884323,99.85131834710744,110.0414561983471,75.95131834710745,86.1414561983471,22.37564166527258,296.92617513083104,0.0,0.0,17.640941324121716,97.2933488946292,17.640941324121716,287.84505819567494
11_LTAN06_800km_1213COLD_MY_ALL_HEAT_MY_Black,18089.5,test,MY,y,110.4374561983471,99.23763256198347,11.199823636363632,99.8944588429752,110.13845619834711,75.9944588429752,86.23845619834711,21.919830849198085,298.6171986714621,0.0,0.0,17.640941324121716,97.2933488946292,17.640941324121716,290.04696648854224
11_LTAN06_800km_1213COLD_MY_ALL_HEAT_MY_Black,18150.0,test,MY,y,110.53431518151817,99.27873696369636,11.255578217821807,99.9378599009901,110.23443564356435,76.0378599009901,86.33443564356435,21.422705048768137,300.3035146885646,0.0,0.0,17.640941324121716,97.2933488946292,17.640941324121716,292.4518649869169
