case_name,time_s,thermal_los_x_urad,thermal_los_y_urad,thermal_los_norm_urad,nonthermal_error_x_urad,nonthermal_error_y_urad,nonthermal_error_norm_urad,thermal_plus_nonthermal_error_x_urad,thermal_plus_nonthermal_error_y_urad,thermal_plus_nonthermal_error_norm_urad,no_correction_success,no_correction_acquisition_time_s,no_correction_residual_x_urad,no_correction_residual_y_urad,no_correction_residual_norm_urad,no_correction_pointing_error_x_urad,no_correction_pointing_error_y_urad,no_correction_pointing_error_norm_urad,no_correction_thermal_residual_norm_urad,no_correction_scan_index,thermal_truth_correction_success,thermal_truth_correction_acquisition_time_s,thermal_truth_correction_residual_x_urad,thermal_truth_correction_residual_y_urad,thermal_truth_correction_residual_norm_urad,thermal_truth_correction_pointing_error_x_urad,thermal_truth_correction_pointing_error_y_urad,thermal_truth_correction_pointing_error_norm_urad,thermal_truth_correction_thermal_residual_norm_urad,thermal_truth_correction_scan_index,static_bias_correction_success,static_bias_correction_acquisition_time_s,static_bias_correction_residual_x_urad,static_bias_correction_residual_y_urad,static_bias_correction_residual_norm_urad,static_bias_correction_pointing_error_x_urad,static_bias_correction_pointing_error_y_urad,static_bias_correction_pointing_error_norm_urad,static_bias_correction_thermal_residual_norm_urad,static_bias_correction_scan_index,fourier_ff_correction_success,fourier_ff_correction_acquisition_time_s,fourier_ff_correction_residual_x_urad,fourier_ff_correction_residual_y_urad,fourier_ff_correction_residual_norm_urad,fourier_ff_correction_pointing_error_x_urad,fourier_ff_correction_pointing_error_y_urad,fourier_ff_correction_pointing_error_norm_urad,fourier_ff_correction_thermal_residual_norm_urad,fourier_ff_correction_scan_index,fourier_plus_drift_correction_success,fourier_plus_drift_correction_acquisition_time_s,fourier_plus_drift_correction_residual_x_urad,fourier_plus_drift_correction_residual_y_urad,fourier_plus_drift_correction_residual_norm_urad,fourier_plus_drift_correction_pointing_error_x_urad,fourier_plus_drift_correction_pointing_error_y_urad,fourier_plus_drift_correction_pointing_error_norm_urad,fourier_plus_drift_correction_thermal_residual_norm_urad,fourier_plus_drift_correction_scan_index,thermal_plus_nonthermal_no_correction_success,thermal_plus_nonthermal_no_correction_acquisition_time_s,thermal_plus_nonthermal_no_correction_residual_x_urad,thermal_plus_nonthermal_no_correction_residual_y_urad,thermal_plus_nonthermal_no_correction_residual_norm_urad,thermal_plus_nonthermal_no_correction_pointing_error_x_urad,thermal_plus_nonthermal_no_correction_pointing_error_y_urad,thermal_plus_nonthermal_no_correction_pointing_error_norm_urad,thermal_plus_nonthermal_no_correction_thermal_residual_norm_urad,thermal_plus_nonthermal_no_correction_scan_index,fourier_ff_correction_with_nonthermal_success,fourier_ff_correction_with_nonthermal_acquisition_time_s,fourier_ff_correction_with_nonthermal_residual_x_urad,fourier_ff_correction_with_nonthermal_residual_y_urad,fourier_ff_correction_with_nonthermal_residual_norm_urad,fourier_ff_correction_with_nonthermal_pointing_error_x_urad,fourier_ff_correction_with_nonthermal_pointing_error_y_urad,fourier_ff_correction_with_nonthermal_pointing_error_norm_urad,fourier_ff_correction_with_nonthermal_thermal_residual_norm_urad,fourier_ff_correction_with_nonthermal_scan_index,thermal_truth_correction_with_nonthermal_success,thermal_truth_correction_with_nonthermal_acquisition_time_s,thermal_truth_correction_with_nonthermal_residual_x_urad,thermal_truth_correction_with_nonthermal_residual_y_urad,thermal_truth_correction_with_nonthermal_residual_norm_urad,thermal_truth_correction_with_nonthermal_pointing_error_x_urad,thermal_truth_correction_with_nonthermal_pointing_error_y_urad,thermal_truth_correction_with_nonthermal_pointing_error_norm_urad,thermal_truth_correction_with_nonthermal_thermal_residual_norm_urad,thermal_truth_correction_with_nonthermal_scan_index
03_LTAN06_800km_1213COLD_MZ_ALL_HEAT_MZ_0p5,0.0,24.262812908416713,-590.7851330974819,591.2831450153456,-238.41983477079597,74.22715279221349,249.7072041887704,-214.15702186237925,-516.5579803052684,559.1917175978393,1.0,87.5,-15.737187091583287,9.21486690251811,18.236579437674692,24.262812908416713,-590.7851330974819,591.2831450153456,591.2831450153456,874.0,1.0,0.1,0.0,0.0,0.0,0.0,0.0,0.0,0.0,0.0,1.0,0.1,1.3226098328756883,2.137025299302877,2.513199932333281,1.3226098328756883,2.137025299302877,2.513199932333281,2.513199932333281,0.0,1.0,0.1,-1.3661477813417768,-8.102479220711643,8.216844241101873,-1.3661477813417768,-8.102479220711643,8.216844241101873,8.216844241101873,0.0,1.0,0.1,-0.0776886583036891,-0.20292376099303056,0.21728686201559438,-0.0776886583036891,-0.20292376099303056,0.21728686201559438,0.21728686201559438,0.0,1.0,64.3,-14.157021862379253,3.4420196947315844,14.569446372144833,-214.15702186237925,-516.5579803052684,559.1917175978393,591.2831450153456,642.0,1.0,16.3,0.21401744786226118,-13.87532642849817,13.876976866932123,-239.78598255213774,66.12467357150183,248.7363863278386,8.216844241101873,162.0,1.0,16.3,1.5801652292040274,-5.772847207786526,5.985205680345005,-238.41983477079597,74.22715279221347,249.70720418877036,0.0,162.0
03_LTAN06_800km_1213COLD_MZ_ALL_HEAT_MZ_0p5,0.0,24.262812908416713,-590.7851330974819,591.2831450153456,-196.28459057902117,61.15109877841543,205.5896334462939,-172.02177767060445,-529.6340343190665,556.8695559123743,1.0,87.5,-15.737187091583287,9.21486690251811,18.236579437674692,24.262812908416713,-590.7851330974819,591.2831450153456,591.2831450153456,874.0,1.0,0.1,0.0,0.0,0.0,0.0,0.0,0.0,0.0,0.0,1.0,0.1,1.3226098328756883,2.137025299302877,2.513199932333281,1.3226098328756883,2.137025299302877,2.513199932333281,2.513199932333281,0.0,1.0,0.1,-1.3661477813417768,-8.102479220711643,8.216844241101873,-1.3661477813417768,-8.102479220711643,8.216844241101873,8.216844241101873,0.0,1.0,0.1,-0.0776886583036891,-0.20292376099303056,0.21728686201559438,-0.0776886583036891,-0.20292376099303056,0.21728686201559438,0.21728686201559438,0.0,1.0,64.5,-12.02177767060445,-9.634034319066473,15.405770205426094,-172.02177767060445,-529.6340343190665,556.8695559123743,591.2831450153456,644.0,1.0,11.5,2.3492616396370636,13.048619557703773,13.258412522363287,-197.65073836036294,53.04861955770377,204.6459635843684,8.216844241101873,114.0,1.0,11.5,3.7154094209788298,21.151098778415417,21.474944626233253,-196.28459057902117,61.15109877841542,205.5896334462939,0.0,114.0
03_LTAN06_800km_1213COLD_MZ_ALL_HEAT_MZ_0p5,605.0,19.670886001259564,-598.795449610003,599.1184642703979,-124.27579455769734,-226.39550711472174,258.26226738468597,-104.60490855643778,-825.1909567247246,831.7946272694763,1.0,87.30000000000001,19.670886001259564,1.2045503899970527,19.70773192725615,19.670886001259564,-598.795449610003,599.1184642703979,599.1184642703979,872.0,1.0,0.1,0.0,0.0,0.0,0.0,0.0,0.0,0.0,0.0,1.0,0.1,-3.26931707428146,-5.873291213218181,6.721903287570729,-3.26931707428146,-5.873291213218181,6.721903287570729,6.721903287570729,0.0,1.0,0.1,0.40526275984460014,0.5073373550434326,0.6493297285195927,0.40526275984460014,0.5073373550434326,0.6493297285195927,0.6493297285195927,0.0,1.0,0.1,0.583584383395447,1.6006289695927762,1.703697106542908,0.583584383395447,1.6006289695927762,1.703697106542908,1.703697106542908,0.0,1.0,171.9,15.395091443562222,14.809043275275371,21.361568371367806,-104.60490855643778,-825.1909567247246,831.7946272694763,599.1184642703979,1718.0,1.0,12.9,-3.870531797852749,14.111830240321751,14.63300273798405,-123.87053179785275,-225.88816975967825,257.6225414928982,0.6493297285195927,128.0,1.0,12.9,-4.275794557697338,13.604492885278319,14.260597665077807,-124.27579455769734,-226.39550711472168,258.2622673846859,0.0,128.0
03_LTAN06_800km_1213COLD_MZ_ALL_HEAT_MZ_0p5,1210.0,19.959038400524598,-608.981797354849,609.3087827394384,29.658202379023585,-208.3529925812477,210.45326912622804,49.61724077954818,-817.3347899360967,818.8394405635693,1.0,87.30000000000001,19.959038400524598,-8.98179735484905,21.88688871441505,19.959038400524598,-608.981797354849,609.3087827394384,609.3087827394384,872.0,1.0,0.1,0.0,0.0,0.0,0.0,0.0,0.0,0.0,0.0,1.0,0.1,-2.9811646750164265,-16.059638958064284,16.33399358035082,-2.9811646750164265,-16.059638958064284,16.33399358035082,16.33399358035082,0.0,1.0,0.1,-0.398262965723557,-0.6030208665372356,0.7226669740248558,-0.398262965723557,-0.6030208665372356,0.7226669740248558,0.7226669740248558,0.0,1.0,0.1,0.18034808140069458,2.944449111079507,2.949967118156033,0.18034808140069458,2.944449111079507,2.949967118156033,2.949967118156033,0.0,1.0,156.5,9.617240779548183,-17.33478993609674,19.823881111941862,49.61724077954818,-817.3347899360967,818.8394405635693,609.3087827394384,1564.0,1.0,9.5,-10.740060586699972,-8.956013447784926,13.984243929612019,29.259939413300028,-208.95601344778493,210.99469095325802,0.7226669740248558,94.0,1.0,9.5,-10.341797620976415,-8.35299258124769,13.293805440716078,29.658202379023585,-208.3529925812477,210.45326912622804,0.0,94.0
03_LTAN06_800km_1213COLD_MZ_ALL_HEAT_MZ_0p5,1815.0,26.588080244288896,-612.4178732511457,612.9947613875122,-485.02809863441706,73.16737200619042,490.5157701758528,-458.44001839012816,-539.2505012449553,707.7841150763958,1.0,87.5,-13.411919755711104,-12.417873251145693,18.277942105586,26.588080244288896,-612.4178732511457,612.9947613875122,612.9947613875122,874.0,1.0,0.1,0.0,0.0,0.0,0.0,0.0,0.0,0.0,0.0,1.0,0.1,3.647877168747872,-19.495714854360926,19.834059229537996,3.647877168747872,-19.495714854360926,19.834059229537996,19.834059229537996,0.0,1.0,0.1,0.40180843590758997,0.46760451626357735,0.616525751933038,0.40180843590758997,0.46760451626357735,0.616525751933038,0.616525751933038,0.0,1.0,0.1,1.0933608329939624,4.707519012894181,4.832822484623811,1.0933608329939624,4.707519012894181,4.832822484623811,4.832822484623811,0.0,0.0,nan,nan,nan,nan,-458.44001839012816,-539.2505012449553,707.7841150763958,612.9947613875122,nan,1.0,60.7,-4.62629019850948,-6.36502347754606,7.8686774537108475,-484.6262901985095,73.63497652245394,490.1884850942872,0.616525751933038,606.0,1.0,60.7,-5.028098634417063,-6.832627993809638,8.483311922782155,-485.02809863441706,73.16737200619036,490.5157701758528,0.0,606.0
03_LTAN06_800km_1213COLD_MZ_ALL_HEAT_MZ_0p5,2420.0,20.894755172669356,-602.1725640057055,602.534967976906,-469.0963516097829,-48.340140514829194,471.58048759316,-448.20159643711355,-650.5127045205346,789.9692714222481,1.0,87.30000000000001,20.894755172669356,-2.1725640057054534,21.007399365097047,20.894755172669356,-602.1725640057055,602.534967976906,602.534967976906,872.0,1.0,0.1,0.0,0.0,0.0,0.0,0.0,0.0,0.0,0.0,1.0,0.1,-2.0454479028716683,-9.250405608920687,9.47385143713545,-2.0454479028716683,-9.250405608920687,9.47385143713545,9.47385143713545,0.0,1.0,0.1,-0.3959494928620799,-0.585097173084705,0.7064805042246045,-0.3959494928620799,-0.585097173084705,0.7064805042246045,0.7064805042246045,0.0,1.0,0.1,0.6872498449137616,6.056008539694517,6.09487914418218,0.6872498449137616,6.056008539694517,6.09487914418218,6.09487914418218,0.0,1.0,97.30000000000001,-8.201596437113551,-10.512704520534612,13.333534432150486,-448.20159643711355,-650.5127045205346,789.9692714222481,602.534967976906,972.0,1.0,60.1,10.507698897354999,-8.925237687913864,13.78664585398615,-469.492301102645,-48.925237687913864,472.03463821787017,0.7064805042246045,600.0,1.0,60.1,10.903648390217086,-8.340140514829159,13.727617856881741,-469.0963516097829,-48.34014051482916,471.58048759316,0.0,600.0
03_LTAN06_800km_1213COLD_MZ_ALL_HEAT_MZ_0p5,3025.0,15.717353600822785,-595.4955159780102,595.7028997362106,-327.4651942286367,-30.41105117643446,328.8742699951677,-311.7478406278139,-625.9065671544447,699.246556618741,1.0,87.30000000000001,15.717353600822785,4.504484021989811,16.350094205161586,15.717353600822785,-595.4955159780102,595.7028997362106,595.7028997362106,872.0,1.0,0.1,0.0,0.0,0.0,0.0,0.0,0.0,0.0,0.0,1.0,0.1,-7.22284947471824,-2.573357581225423,7.667576134300064,-7.22284947471824,-2.573357581225423,7.667576134300064,7.667576134300064,0.0,1.0,0.1,0.3979975427783078,0.45930131500017524,0.607749736337632,0.3979975427783078,0.45930131500017524,0.607749736337632,0.607749736337632,0.0,1.0,0.1,1.59868909304274,7.820752929363039,7.982479764982457,1.59868909304274,7.820752929363039,7.982479764982457,7.982479764982457,0.0,1.0,97.9,8.2521593721861,14.093432845555299,16.331655876736313,-311.7478406278139,-625.9065671544447,699.246556618741,595.7028997362106,978.0,1.0,27.3,-7.0671966858583914,10.048250138565663,12.284648950775626,-327.0671966858584,-29.951749861434337,328.4357752555405,0.607749736337632,272.0,1.0,27.3,-7.465194228636676,9.588948823565488,12.152245241609812,-327.4651942286367,-30.411051176434512,328.8742699951677,0.0,272.0
03_LTAN06_800km_1213COLD_MZ_ALL_HEAT_MZ_0p5,3630.0,16.570653690293017,-597.8714073177013,598.1010000424445,61.78548171290418,-83.77075380405387,104.09123374902913,78.3561354031972,-681.6421611217552,686.1309785850374,1.0,87.30000000000001,16.570653690293017,2.128592682298745,16.70680910679108,16.570653690293017,-597.8714073177013,598.1010000424445,598.1010000424445,872.0,1.0,0.1,0.0,0.0,0.0,0.0,0.0,0.0,0.0,0.0,1.0,0.1,-6.369549385248007,-4.949248920916489,8.066363756508027,-6.369549385248007,-4.949248920916489,8.066363756508027,8.066363756508027,0.0,1.0,0.1,-0.39509435805932114,-0.5734450958426578,0.6963754947701004,-0.39509435805932114,-0.5734450958426578,0.6963754947701004,0.6963754947701004,0.0,1.0,0.1,1.193641353514895,9.167109059126005,9.244493938703782,1.193641353514895,9.167109059126005,9.244493938703782,9.244493938703782,0.0,1.0,112.9,-1.6438645968027998,-1.64216112175518,2.3235713809620444,78.3561354031972,-681.6421611217552,686.1309785850374,598.1010000424445,1128.0,1.0,1.7000000000000002,21.39038735484486,-4.344198899896583,21.8270642843276,61.39038735484486,-84.34419889989658,104.32029307686598,0.6963754947701004,16.0,1.0,1.7000000000000002,21.785481712904186,-3.770753804053925,22.109405186799346,61.785481712904186,-83.77075380405392,104.09123374902919,0.0,16.0
03_LTAN06_800km_1213COLD_MZ_ALL_HEAT_MZ_0p5,4235.0,22.02606587563375,-598.0758346674877,598.4812875864791,258.4347877321936,-240.79405909592475,353.2284224210669,280.4608536078274,-838.8698937634124,884.5117235339902,1.0,87.30000000000001,22.02606587563375,1.9241653325123025,22.109952288157473,22.02606587563375,-598.0758346674877,598.4812875864791,598.4812875864791,872.0,1.0,0.1,0.0,0.0,0.0,0.0,0.0,0.0,0.0,0.0,1.0,0.1,-0.9141371999072732,-5.153676270702931,5.2341213134069395,-0.9141371999072732,-5.153676270702931,5.2341213134069395,5.2341213134069395,0.0,1.0,0.1,0.39705401876740254,0.44635419525059206,0.5973976577097942,0.39705401876740254,0.44635419525059206,0.5973976577097942,0.5973976577097942,0.0,1.0,0.1,2.1069813056202342,10.929935081177064,11.131165756603313,2.1069813056202342,10.929935081177064,11.131165756603313,11.131165756603313,0.0,1.0,173.9,0.4608536078274028,1.1301062365876078,1.2204614511821912,280.4608536078274,-838.8698937634124,884.5117235339902,598.4812875864791,1738.0,1.0,14.700000000000001,18.831841750961075,-0.34770490067410265,18.83505143160468,258.8318417509611,-240.3477049006741,353.21514910209623,0.5973976577097942,146.0,1.0,14.700000000000001,18.434787732193627,-0.7940590959246947,18.451881437372652,258.4347877321936,-240.7940590959247,353.22842242106685,0.0,146.0
03_LTAN06_800km_1213COLD_MZ_ALL_HEAT_MZ_0p5,4840.0,27.355747833139347,-585.2229513614019,585.8619630421999,-539.6818662155923,262.73855678995824,600.2400069522313,-512.3261183824529,-322.48439457144366,605.3711558366006,1.0,87.5,-12.644252166860653,14.777048638598103,19.448349012876502,27.355747833139347,-585.2229513614019,585.8619630421999,585.8619630421999,874.0,1.0,0.1,0.0,0.0,0.0,0.0,0.0,0.0,0.0,0.0,1.0,0.1,4.415544757598322,7.699207035382869,8.875518265433467,4.415544757598322,7.699207035382869,8.875518265433467,8.875518265433467,0.0,1.0,0.1,-0.3895145698233655,-0.5526428269646431,0.6761181067684506,-0.3895145698233655,-0.5526428269646431,0.6761181067684506,0.6761181067684506,0.0,1.0,0.1,1.703588262099295,12.280191065879308,12.3977943837307,1.703588262099295,12.280191065879308,12.3977943837307,12.3977943837307,0.0,1.0,68.9,7.673881617547067,-2.4843945714436586,8.066019803270105,-512.3261183824529,-322.48439457144366,605.3711558366006,585.8619630421999,688.0,0.0,nan,nan,nan,nan,-540.0713807854156,262.1859139629936,600.3486901993505,0.6761181067684506,nan,0.0,nan,nan,nan,nan,-539.6818662155923,262.73855678995824,600.2400069522313,0.0,nan
03_LTAN06_800km_1213COLD_MZ_ALL_HEAT_MZ_0p5,5445.0,29.984565377805357,-567.4871683886562,568.2787700122809,-570.5464487070277,125.39996821488292,584.1647046514319,-540.5618833292224,-442.0872001737733,698.3181526109154,1.0,76.10000000000001,-10.015434622194643,-7.487168388656187,12.504663975955037,29.984565377805357,-567.4871683886562,568.2787700122809,568.2787700122809,760.0,1.0,0.1,0.0,0.0,0.0,0.0,0.0,0.0,0.0,0.0,1.0,0.4,7.044362302264332,-14.56500999187142,16.179077733569276,7.044362302264332,25.43499000812858,26.392456440414247,26.392456440414247,3.0,1.0,0.1,0.3911180578380602,0.41187736291760757,0.5679932193706003,0.3911180578380602,0.41187736291760757,0.5679932193706003,0.5679932193706003,0.0,1.0,0.1,2.61473487386726,14.044893766237578,14.286212911948247,2.61473487386726,14.044893766237578,14.286212911948247,14.286212911948247,0.0,1.0,68.3,-20.561883329222383,-2.087200173773283,20.667545829390402,-540.5618833292224,-442.0872001737733,698.3181526109154,568.2787700122809,682.0,1.0,82.10000000000001,-10.155330649189636,5.811845577800511,11.700781581354715,-570.1553306491896,125.81184557780051,583.871322771875,0.5679932193706003,820.0,1.0,82.10000000000001,-10.546448707027707,5.399968214882904,11.848512018465106,-570.5464487070277,125.3999682148829,584.1647046514319,0.0,820.0
03_LTAN06_800km_1213COLD_MZ_ALL_HEAT_MZ_0p5,6050.0,27.989664893222223,-566.9750726314928,567.6655303313047,-190.8121851310231,33.723976038880785,193.76944174545906,-162.8225202378009,-533.251096592612,557.55529332418,1.0,76.10000000000001,-12.010335106777777,-6.9750726314928215,13.88883679764792,27.989664893222223,-566.9750726314928,567.6655303313047,567.6655303313047,760.0,1.0,0.1,0.0,0.0,0.0,0.0,0.0,0.0,0.0,0.0,1.0,0.4,5.049461817681198,-14.052914234708055,14.93256385006542,5.049461817681198,25.947085765291945,26.433848080815554,26.433848080815554,3.0,1.0,0.1,2.3402762937609367,15.631779467699175,15.805993244903053,2.3402762937609367,15.631779467699175,15.805993244903053,15.805993244903053,0.0,1.0,0.1,2.367619214053665,15.799419178902326,15.975833847828499,2.367619214053665,15.799419178902326,15.975833847828499,15.975833847828499,0.0,1.0,64.5,-2.8225202378008873,-13.251096592612043,13.548364528589055,-162.8225202378009,-533.251096592612,557.55529332418,567.6655303313047,644.0,1.0,11.5,11.528091162737837,9.355755506579953,14.846785744911097,-188.47190883726216,49.35575550657995,194.8272337800508,15.805993244903053,114.0,1.0,11.5,9.187814868976886,-6.276023961119222,11.126743406187426,-190.8121851310231,33.72397603888078,193.76944174545903,0.0,114.0
03_LTAN06_800km_1213COLD_MZ_ALL_HEAT_MZ_0p5,6655.0,23.17128597410072,-582.6321267252495,583.0927058247948,-31.723033674874358,-194.8921527272523,197.45708916167038,-8.551747700773639,-777.5242794525018,777.5713070367693,1.0,87.5,-16.82871402589928,17.367873274750536,24.183644015187063,23.17128597410072,-582.6321267252495,583.0927058247948,583.0927058247948,874.0,1.0,0.1,0.0,0.0,0.0,0.0,0.0,0.0,0.0,0.0,1.0,0.1,0.23108289855969488,10.290031671535303,10.292626054958296,0.23108289855969488,10.290031671535303,10.292626054958296,10.292626054958296,0.0,1.0,0.1,3.890883254107539,16.639100930771406,17.0879680559595,3.890883254107539,16.639100930771406,17.0879680559595,17.0879680559595,0.0,1.0,0.1,2.7997576078655655,9.94939894341951,10.335820335034775,2.7997576078655655,9.94939894341951,10.335820335034775,10.335820335034775,0.0,1.0,140.9,-8.551747700773639,-17.524279452501787,19.49955791978535,-8.551747700773639,-777.5242794525018,777.5713070367693,583.0927058247948,1408.0,1.0,5.7,12.167849579233181,-18.253051796480918,21.9369656805097,-27.83215042076682,-178.25305179648092,180.4128018512076,17.0879680559595,56.0,1.0,9.1,8.276966325125642,5.1078472727476765,9.726164470590643,-31.723033674874358,-194.89215272725232,197.4570891616704,0.0,90.0
03_LTAN06_800km_1213COLD_MZ_ALL_HEAT_MZ_0p5,7260.0,22.877007426954645,-598.1143291407949,598.5516754569785,143.93626146126167,93.19834018512636,171.4747152693575,166.8132688882163,-504.9159889556685,531.7582369651204,1.0,87.30000000000001,22.877007426954645,1.8856708592051064,22.954590464702118,22.877007426954645,-598.1143291407949,598.5516754569785,598.5516754569785,872.0,1.0,0.1,0.0,0.0,0.0,0.0,0.0,0.0,0.0,0.0,1.0,0.1,-0.0631956485863796,-5.192170744010127,5.1925553174670105,-0.0631956485863796,-5.192170744010127,5.1925553174670105,5.1925553174670105,0.0,1.0,0.1,2.540863862678691,10.231172000833908,10.541957582883464,2.540863862678691,10.231172000833908,10.541957582883464,10.541957582883464,0.0,1.0,0.1,1.8498138416944911,5.994337576989324,6.273268226039021,1.8498138416944911,5.994337576989324,6.273268226039021,6.273268226039021,0.0,1.0,66.10000000000001,6.8132688882162995,15.084011044331476,16.55137523375777,166.8132688882163,-504.9159889556685,531.7582369651204,598.5516754569785,660.0,1.0,8.0,-13.522874676059644,-16.570487814039723,21.38806222872129,146.47712532394036,103.42951218596028,179.31316804460022,10.541957582883464,79.0,1.0,7.800000000000001,-16.063738538738335,13.19834018512637,20.790379493488537,143.93626146126167,93.19834018512637,171.4747152693575,0.0,77.0
03_LTAN06_800km_1213COLD_MZ_ALL_HEAT_MZ_0p5,7865.0,28.88393603576679,-605.1778720848899,605.8667663951487,-454.67213727279506,-121.51528129814379,470.6301265337552,-425.78820123702826,-726.6931533830337,842.2461228681562,1.0,87.5,-11.11606396423321,-5.177872084889941,12.262839694964892,28.88393603576679,-605.1778720848899,605.8667663951487,605.8667663951487,874.0,1.0,0.1,0.0,0.0,0.0,0.0,0.0,0.0,0.0,0.0,1.0,0.1,5.943732960225766,-12.255713688105175,13.620957363830295,5.943732960225766,-12.255713688105175,13.620957363830295,13.620957363830295,0.0,1.0,0.1,2.702514114737099,7.7237006337038565,8.182856104040361,2.702514114737099,7.7237006337038565,8.182856104040361,8.182856104040361,0.0,1.0,0.1,2.1242428574189276,4.178313910705242,4.687292913152352,2.1242428574189276,4.178313910705242,4.687292913152352,4.687292913152352,0.0,1.0,124.10000000000001,14.211798762971739,-6.693153383033746,15.709026904554626,-425.78820123702826,-726.6931533830337,842.2461228681562,605.8667663951487,1240.0,1.0,50.300000000000004,-11.96962315805797,6.208419335560052,13.483929293498745,-451.96962315805797,-113.79158066443995,466.0740972074598,8.182856104040361,502.0,1.0,50.300000000000004,-14.672137272795055,-1.5152812981438046,14.750175916383041,-454.67213727279506,-121.5152812981438,470.6301265337552,0.0,502.0
03_LTAN06_800km_1213COLD_MZ_ALL_HEAT_MZ_0p5,8470.0,22.651462833148027,-597.4206148309138,597.849880650175,-425.3748252384797,-187.725410228829,464.956526561623,-402.72336240533167,-785.1460250597428,882.4060217916525,1.0,87.30000000000001,22.651462833148027,2.5793851690862084,22.797850695449085,22.651462833148027,-597.4206148309138,597.849880650175,597.849880650175,872.0,1.0,0.1,0.0,0.0,0.0,0.0,0.0,0.0,0.0,0.0,1.0,0.1,-0.288740242392997,-4.498456434129025,4.507713524319618,-0.288740242392997,-4.498456434129025,4.507713524319618,4.507713524319618,0.0,1.0,0.1,1.3319455400424722,4.20644051313343,4.412280670148859,1.3319455400424722,4.20644051313343,4.412280670148859,4.412280670148859,0.0,1.0,0.1,1.145224223329457,3.0616502978197104,3.2688286996782314,1.145224223329457,3.0616502978197104,3.2688286996782314,3.2688286996782314,0.0,1.0,154.3,-2.7233624053316703,14.853974940257217,15.101565293590042,-402.72336240533167,-785.1460250597428,882.4060217916525,597.849880650175,1542.0,1.0,49.900000000000006,15.957120301562782,16.48103028430444,22.940227713575712,-424.0428796984372,-183.51896971569556,462.05148638269054,4.412280670148859,498.0,1.0,49.900000000000006,14.625174761520327,12.274589771171009,19.093488179364897,-425.3748252384797,-187.725410228829,464.956526561623,0.0,498.0
03_LTAN06_800km_1213COLD_MZ_ALL_HEAT_MZ_0p5,9075.0,17.04756545208747,-592.4601163418739,592.7053306185713,-205.44435507047254,-107.87428769180462,232.0436273103328,-188.39678961838507,-700.3344040336785,725.2321199531373,1.0,87.30000000000001,17.04756545208747,7.539883658126087,18.64052932245442,17.04756545208747,-592.4601163418739,592.7053306185713,592.7053306185713,872.0,1.0,0.1,0.0,0.0,0.0,0.0,0.0,0.0,0.0,0.0,1.0,0.1,-5.892637623453556,0.46204205491085304,5.910724238352405,-5.892637623453556,0.46204205491085304,5.910724238352405,5.910724238352405,0.0,1.0,0.1,1.7229390285019655,3.4952234324387064,3.8968071210420345,1.7229390285019655,3.4952234324387064,3.8968071210420345,3.8968071210420345,0.0,1.0,0.1,1.6541695076080831,3.073596828593736,3.490454730352743,1.6541695076080831,3.073596828593736,3.490454730352743,3.490454730352743,0.0,1.0,111.5,11.603210381614929,-20.33440403367854,23.41201568778089,-188.39678961838507,-700.3344040336785,725.2321199531373,592.7053306185713,1114.0,1.0,10.700000000000001,-3.7214160419705706,15.620935740634081,16.05809984931141,-203.72141604197057,-104.37906425936592,228.9047933307787,3.8968071210420345,106.0,1.0,10.700000000000001,-5.44435507047254,12.125712308195375,13.291873499040715,-205.44435507047254,-107.87428769180462,232.0436273103328,0.0,106.0
03_LTAN06_800km_1213COLD_MZ_ALL_HEAT_MZ_0p5,9680.0,17.56831054069012,-596.0134833609219,596.272352103696,178.17684312173157,-68.07089503641552,190.7370812817603,195.74515366242167,-664.0843783973374,692.3324539653642,1.0,87.30000000000001,17.56831054069012,3.986516639078104,18.014934087244676,17.56831054069012,-596.0134833609219,596.272352103696,596.272352103696,872.0,1.0,0.1,0.0,0.0,0.0,0.0,0.0,0.0,0.0,0.0,1.0,0.1,-5.371892534850904,-3.0913249641371294,6.197864103050687,-5.371892534850904,-3.0913249641371294,6.197864103050687,6.197864103050687,0.0,1.0,0.1,0.6142820693185875,1.27733897242058,1.417369856865451,0.6142820693185875,1.27733897242058,1.417369856865451,1.417369856865451,0.0,1.0,0.1,0.9326405251485959,3.2291977725426477,3.3611808346686507,0.9326405251485959,3.2291977725426477,3.3611808346686507,3.3611808346686507,0.0,1.0,100.5,-4.2548463375783285,-24.084378397337446,24.457330192450247,195.74515366242167,-664.0843783973374,692.3324539653642,596.272352103696,1004.0,1.0,7.0,18.791125191050128,13.20644393600503,22.96772838964626,178.79112519105013,-66.79355606399497,190.8602776345979,1.417369856865451,69.0,1.0,7.0,18.176843121731565,11.92910496358445,21.74169200187178,178.17684312173157,-68.07089503641555,190.7370812817603,0.0,69.0
03_LTAN06_800km_1213COLD_MZ_ALL_HEAT_MZ_0p5,10285.0,22.76685892699098,-597.0202452708547,597.4541849620547,310.1591635823867,-237.2383580832519,390.4878299001942,332.92602250937773,-834.2586033541066,898.2355780830881,1.0,87.30000000000001,22.76685892699098,2.97975472914527,22.961027930982805,22.76685892699098,-597.0202452708547,597.4541849620547,597.4541849620547,872.0,1.0,0.1,0.0,0.0,0.0,0.0,0.0,0.0,0.0,0.0,1.0,0.1,-0.17334414855004354,-4.098086874069963,4.101751360243703,-0.17334414855004354,-4.098086874069963,4.101751360243703,4.101751360243703,0.0,1.0,0.1,1.157499154950191,1.511845479701151,1.9040696017223764,1.157499154950191,1.511845479701151,1.9040696017223764,1.9040696017223764,0.0,1.0,0.1,1.5986232335431403,4.21638151127172,4.509264828263906,1.5986232335431403,4.21638151127172,4.509264828263906,4.509264828263906,0.0,1.0,174.10000000000002,12.92602250937773,5.74139664589336,14.143751035648757,332.92602250937773,-834.2586033541066,898.2355780830881,597.4541849620547,1740.0,1.0,26.200000000000003,-8.68333726266303,4.273487396449241,9.677966756750243,311.31666273733697,-235.72651260355076,390.4933459639803,1.9040696017223764,261.0,1.0,26.200000000000003,-9.840836417613275,2.76164191674809,10.220994446459882,310.1591635823867,-237.2383580832519,390.4878299001942,0.0,261.0
03_LTAN06_800km_1213COLD_MZ_ALL_HEAT_MZ_0p5,10890.0,27.90015628267251,-584.7132644758769,585.3785274287351,-582.7396486974505,90.83526878694552,589.7766901290901,-554.8394924147781,-493.87799568893143,742.8070657773826,1.0,87.5,-12.099843717327492,15.28673552412306,19.49590985228018,27.90015628267251,-584.7132644758769,585.3785274287351,585.3785274287351,874.0,1.0,0.1,0.0,0.0,0.0,0.0,0.0,0.0,0.0,0.0,1.0,0.1,4.959953207131484,8.208893920907826,9.590989272314475,4.959953207131484,8.208893920907826,9.590989272314475,9.590989272314475,0.0,1.0,0.1,0.1712748904001984,0.03365680594049536,0.17455047598822562,0.1712748904001984,0.03365680594049536,0.17455047598822562,0.17455047598822562,0.0,1.0,0.1,0.9927859371899181,5.070349052400502,5.166629794194735,0.9927859371899181,5.070349052400502,5.166629794194735,5.166629794194735,0.0,1.0,79.10000000000001,5.1605075852219215,-13.877995688931435,14.806404117108666,-554.8394924147781,-493.87799568893143,742.8070657773826,585.3785274287351,790.0,1.0,93.7,17.43162619294958,10.868925592886,20.54252017826484,-582.5683738070504,90.868925592886,589.6126455551956,0.17455047598822562,936.0,1.0,93.7,17.260351302549452,10.835268786945505,20.379469491936636,-582.7396486974505,90.8352687869455,589.7766901290901,0.0,936.0
03_LTAN06_800km_1213COLD_MZ_ALL_HEAT_MZ_0p5,11495.0,30.380693956033824,-567.3490684225704,568.161906506595,-437.3412350033746,25.93627018963356,438.10962777097996,-406.96054104734077,-541.4127982329369,677.3069467087748,1.0,76.10000000000001,-9.619306043966176,-7.34906842257044,12.105364738292943,30.380693956033824,-567.3490684225704,568.161906506595,568.161906506595,760.0,1.0,0.1,0.0,0.0,0.0,0.0,0.0,0.0,0.0,0.0,1.0,0.4,7.440490880492799,-14.426910025785673,16.23257950649901,7.440490880492799,25.573089974214327,26.633509633016033,26.633509633016033,3.0,1.0,0.1,0.7828211137100212,0.5552459098939835,0.9597431513296646,0.7828211137100212,0.5552459098939835,0.9597431513296646,0.9597431513296646,0.0,1.0,0.1,1.7412897281248227,6.431626340276921,6.66317546656374,1.7412897281248227,6.431626340276921,6.66317546656374,6.66317546656374,0.0,1.0,63.300000000000004,-6.960541047340769,-21.412798232936893,22.51570695839198,-406.96054104734077,-541.4127982329369,677.3069467087748,568.161906506595,632.0,1.0,51.1,3.441586110335436,-13.50848390047247,13.94000187389434,-436.55841388966456,26.49151609952753,437.3614628234993,0.9597431513296646,510.0,1.0,51.1,2.6587649966253935,-14.063729810366453,14.312844842527655,-437.3412350033746,25.936270189633547,438.10962777097996,0.0,510.0
03_LTAN06_800km_1213COLD_MZ_ALL_HEAT_MZ_0p5,12100.0,28.275532111080675,-567.0851338466736,567.7896219076785,-83.19782774935511,-35.91788932344998,90.61993884164215,-54.922295638274434,-603.0030231701236,605.4990540954516,1.0,76.10000000000001,-11.724467888919325,-7.085133846673557,13.698987878802566,28.275532111080675,-567.0851338466736,567.7896219076785,567.7896219076785,760.0,1.0,0.1,0.0,0.0,0.0,0.0,0.0,0.0,0.0,0.0,1.0,0.4,5.335329035539651,-14.16297544988879,15.134583228871056,5.335329035539651,25.83702455011121,26.38214497573163,26.38214497573163,3.0,1.0,0.1,2.60575301191896,15.445887786368075,15.664143713213283,2.60575301191896,15.445887786368075,15.664143713213283,15.664143713213283,0.0,1.0,0.1,1.3719971645620568,7.881718643797967,8.000241558825508,1.3719971645620568,7.881718643797967,8.000241558825508,8.000241558825508,0.0,1.0,87.10000000000001,-14.922295638274434,-3.0030231701235834,15.22146692261831,-54.922295638274434,-603.0030231701236,605.4990540954516,567.7896219076785,870.0,1.0,2.1,-0.5920747374361497,19.52799846291805,19.536972039250088,-80.59207473743615,-20.47200153708195,83.15158060685786,15.664143713213283,20.0,1.0,2.1,-3.1978277493551133,4.0821106765499735,5.185530820480086,-83.19782774935511,-35.91788932345003,90.61993884164218,0.0,20.0
03_LTAN06_800km_1213COLD_MZ_ALL_HEAT_MZ_0p5,12705.0,23.376664925242366,-582.899743413669,583.3683050481472,44.22492997066058,-20.104884714384156,48.58035426269049,67.60159489590295,-603.0046281280531,606.7821332045971,1.0,87.5,-16.623335074757634,17.100256586331056,23.84856482738586,23.376664925242366,-582.899743413669,583.3683050481472,583.3683050481472,874.0,1.0,0.1,0.0,0.0,0.0,0.0,0.0,0.0,0.0,0.0,1.0,0.1,0.4364618497013417,10.022414983115823,10.031914126428179,0.4364618497013417,10.022414983115823,10.031914126428179,10.031914126428179,0.0,1.0,0.1,4.081389036587058,16.33982932921208,16.841845474167975,4.081389036587058,16.33982932921208,16.841845474167975,16.841845474167975,0.0,1.0,0.1,1.720835292152838,1.8672512812289597,2.539271834595488,1.720835292152838,1.8672512812289597,2.539271834595488,2.539271834595488,0.0,1.0,87.7,-12.398405104097051,-3.0046281280531275,12.7572818152296,67.60159489590295,-603.0046281280531,606.7821332045971,583.3683050481472,876.0,1.0,0.8,8.306319007247637,-3.7650553851721043,9.119790430902283,48.30631900724764,-3.7650553851721043,48.45282342736476,16.841845474167975,7.0,1.0,0.7000000000000001,4.2249299706605825,19.895115285615816,20.33877197583301,44.22492997066058,-20.104884714384184,48.580354262690506,0.0,6.0
03_LTAN06_800km_1213COLD_MZ_ALL_HEAT_MZ_0p5,13310.0,23.021996040969274,-598.4755110635682,598.9181493697695,132.50200836922767,274.90714959867205,305.17326737829694,155.52400441019694,-323.56836146489616,359.0044574777041,1.0,87.30000000000001,23.021996040969274,1.5244889364317942,23.07241574321397,23.021996040969274,-598.4755110635682,598.9181493697695,598.9181493697695,872.0,1.0,0.1,0.0,0.0,0.0,0.0,0.0,0.0,0.0,0.0,1.0,0.1,0.08179296542824943,-5.553352666783439,5.553954980990059,0.08179296542824943,-5.553352666783439,5.553954980990059,5.553954980990059,0.0,1.0,0.1,2.706934232419819,9.836702793367635,10.202363196029287,2.706934232419819,9.836702793367635,10.202363196029287,10.202363196029287,0.0,1.0,0.1,0.7462154401816647,-2.1844832599983874,2.3084203682125786,0.7462154401816647,-2.1844832599983874,2.3084203682125786,2.3084203682125786,0.0,1.0,25.1,-4.475995589803063,-3.5683614648961566,5.724311317887271,155.52400441019694,-323.56836146489616,359.0044574777041,598.9181493697695,250.0,1.0,19.0,15.208942601647493,4.743852392039685,15.931606026313501,135.2089426016475,284.7438523920397,315.2150371326141,10.202363196029287,189.0,1.0,19.0,12.502008369227667,-5.092850401327951,13.499531046467686,132.50200836922767,274.90714959867205,305.17326737829694,0.0,189.0
03_LTAN06_800km_1213COLD_MZ_ALL_HEAT_MZ_0p5,13915.0,28.985545421800442,-605.5919411702439,606.2852142793386,-395.2146206248287,-282.23389265424794,485.64448572839456,-366.22907520302823,-887.8258338244918,960.3949430990458,1.0,87.5,-11.014454578199558,-5.591941170243899,12.352652172982527,28.985545421800442,-605.5919411702439,606.2852142793386,606.2852142793386,874.0,1.0,0.1,0.0,0.0,0.0,0.0,0.0,0.0,0.0,0.0,1.0,0.1,6.045342346259417,-12.669782773459133,14.038146587428097,6.045342346259417,-12.669782773459133,14.038146587428097,14.038146587428097,0.0,1.0,0.1,2.8091304424748067,7.325489251296858,7.845636150988938,2.8091304424748067,7.325489251296858,7.845636150988938,7.845636150988938,0.0,1.0,0.1,0.9610420798088697,-4.00515853900049,4.118846537769027,0.9610420798088697,-4.00515853900049,4.118846537769027,4.118846537769027,0.0,1.0,187.70000000000002,-6.229075203028231,-7.825833824491838,10.002252393013373,-366.22907520302823,-887.8258338244918,960.3949430990458,606.2852142793386,1876.0,1.0,40.900000000000006,7.594509817646156,5.09159659704892,9.143354705872675,-392.40549018235384,-274.9084034029511,479.12075616363467,7.845636150988938,408.0,1.0,40.900000000000006,4.785379375171317,-2.2338926542479385,5.281110882666442,-395.2146206248287,-282.23389265424794,485.64448572839456,0.0,408.0
03_LTAN06_800km_1213COLD_MZ_ALL_HEAT_MZ_0p5,14520.0,22.721683753535515,-597.8616177288802,598.2932298346601,-349.4500218211559,-79.21475233798473,358.315914716015,-326.72833806762037,-677.0763700668649,751.7870827563821,1.0,87.30000000000001,22.721683753535515,2.138382271119781,22.822085604368397,22.721683753535515,-597.8616177288802,598.2932298346601,598.2932298346601,872.0,1.0,0.1,0.0,0.0,0.0,0.0,0.0,0.0,0.0,0.0,1.0,0.1,-0.21851932200550905,-4.939459332095453,4.944290564632564,-0.21851932200550905,-4.939459332095453,4.944290564632564,4.944290564632564,0.0,1.0,0.1,1.3733595631978446,3.805132822728524,4.045386543759807,1.3733595631978446,3.805132822728524,4.045386543759807,4.045386543759807,0.0,1.0,0.1,-0.08328859306774561,-5.125591241364646,5.1262678981193694,-0.08328859306774561,-5.125591241364646,5.1262678981193694,5.1262678981193694,0.0,1.0,110.9,-6.728338067620371,2.9236299331350892,7.336085137054566,-326.72833806762037,-677.0763700668649,751.7870827563821,598.2932298346601,1108.0,1.0,34.1,11.923337742041952,4.590380484743832,12.776446137542282,-348.07666225795805,-75.40961951525617,356.15161592231516,4.045386543759807,340.0,1.0,34.1,10.549978178844128,0.7852476620153084,10.579161283617326,-349.4500218211559,-79.21475233798469,358.315914716015,0.0,340.0
03_LTAN06_800km_1213COLD_MZ_ALL_HEAT_MZ_0p5,15125.0,17.097162672206675,-592.9137648795696,593.1602191272653,-123.38344515837738,-18.220241571703355,124.72149671200047,-106.2862824861707,-611.134006451273,620.3076234304352,1.0,87.30000000000001,17.097162672206675,7.086235120430388,18.50750387334603,17.097162672206675,-592.9137648795696,593.1602191272653,593.1602191272653,872.0,1.0,0.1,0.0,0.0,0.0,0.0,0.0,0.0,0.0,0.0,1.0,0.1,-5.843040403334349,0.008393517215154134,5.843046431967564,-5.843040403334349,0.008393517215154134,5.843046431967564,5.843046431967564,0.0,1.0,0.1,1.7671644670036866,3.042167759447011,3.5181891549573154,1.7671644670036866,3.042167759447011,3.5181891549573154,3.5181891549573154,0.0,1.0,0.1,0.4289396763487616,-5.162501494182266,5.180290621517321,0.4289396763487616,-5.162501494182266,5.180290621517321,5.180290621517321,0.0,1.0,86.7,13.713717513829295,-11.134006451272967,17.66443171194863,-106.2862824861707,-611.134006451273,620.3076234304352,593.1602191272653,866.0,1.0,4.3,-1.6162806913736887,24.821926187743657,24.874492616797266,-121.61628069137369,-15.178073812256343,122.55975544138987,3.5181891549573154,42.0,1.0,4.3,-3.383445158377384,21.779758428296645,22.04099767103808,-123.38344515837738,-18.220241571703355,124.72149671200047,0.0,42.0
03_LTAN06_800km_1213COLD_MZ_ALL_HEAT_MZ_0p5,15730.0,17.603432244577732,-596.4694129274409,596.7291189348778,82.71978676212191,169.32393935037183,188.44935542235032,100.32321900669965,-427.1454735770691,438.7687362030764,1.0,87.30000000000001,17.603432244577732,3.530587072559115,17.95399320113385,17.603432244577732,-596.4694129274409,596.7291189348778,596.7291189348778,872.0,1.0,0.1,0.0,0.0,0.0,0.0,0.0,0.0,0.0,0.0,1.0,0.1,-5.336770830963292,-3.5472545306561187,6.408130586019684,-5.336770830963292,-3.5472545306561187,6.408130586019684,6.408130586019684,0.0,1.0,0.1,0.6611012445256996,0.8142862906701112,1.0488646331565945,0.6611012445256996,0.8142862906701112,1.0488646331565945,1.0488646331565945,0.0,1.0,0.1,-0.2909226580174611,-5.0225815483222505,5.031000040001499,-0.2909226580174611,-5.0225815483222505,5.031000040001499,5.031000040001499,0.0,1.0,46.900000000000006,20.323219006699645,12.854526422930917,24.047288419946785,100.32321900669965,-427.1454735770691,438.7687362030764,596.7291189348778,468.0,1.0,6.2,3.3808880066476092,10.138225641041913,10.687096091182738,83.38088800664761,170.1382256410419,189.47133901743345,1.0488646331565945,61.0,1.0,6.2,2.719786762121913,9.323939350371802,9.712522074148678,82.71978676212191,169.3239393503718,188.4493554223503,0.0,61.0
03_LTAN06_800km_1213COLD_MZ_ALL_HEAT_MZ_0p5,16335.0,22.790741089908273,-597.4717692585606,597.9062911028633,166.72648436264416,-69.13593899992702,180.4923783690842,189.51722545255242,-666.6077082584876,693.0242531490991,1.0,87.30000000000001,22.790741089908273,2.5282307414394154,22.930543606927262,22.790741089908273,-597.4717692585606,597.9062911028633,597.9062911028633,872.0,1.0,0.1,0.0,0.0,0.0,0.0,0.0,0.0,0.0,0.0,1.0,0.1,-0.14946198563275104,-4.549610861775818,4.552065232258627,-0.14946198563275104,-4.549610861775818,4.552065232258627,4.552065232258627,0.0,1.0,0.1,1.2010066728784636,1.0700339044634575,1.608536473008899,1.2010066728784636,1.0700339044634575,1.608536473008899,1.608536473008899,0.0,1.0,0.1,0.373331025503731,-4.004453568355075,4.021818548333,0.373331025503731,-4.004453568355075,4.021818548333,4.021818548333,0.0,1.0,113.5,-10.482774547447576,13.392291741512395,17.00711734252445,189.51722545255242,-666.6077082584876,693.0242531490991,597.9062911028633,1134.0,1.0,7.0,7.927491035522621,11.934094904536437,14.327167735068018,167.92749103552262,-68.06590509546356,181.197708820918,1.608536473008899,69.0,1.0,7.0,6.7264843626441575,10.86406100007298,12.777848539335684,166.72648436264416,-69.13593899992702,180.4923783690842,0.0,69.0
03_LTAN06_800km_1213COLD_MZ_ALL_HEAT_MZ_0p5,16940.0,27.91492529425841,-585.1584656715771,585.8239266207025,-327.4881044899546,-35.5790235096913,329.41512639271224,-299.5731791956962,-620.7374891812684,689.2453265481618,1.0,87.5,-12.08507470574159,14.841534328422881,19.139492466236142,27.91492529425841,-585.1584656715771,585.8239266207025,585.8239266207025,874.0,1.0,0.1,0.0,0.0,0.0,0.0,0.0,0.0,0.0,0.0,1.0,0.1,4.974722218717385,7.7636927252076475,9.22078011259582,4.974722218717385,7.7636927252076475,9.22078011259582,9.22078011259582,0.0,1.0,0.1,0.20247988992050736,-0.3350162520713411,0.39145113995765696,0.20247988992050736,-0.3350162520713411,0.39145113995765696,0.39145113995765696,0.0,1.0,0.1,-0.24759914213075618,-3.094455190702206,3.1043450617558146,-0.24759914213075618,-3.094455190702206,3.1043450617558146,3.1043450617558146,0.0,0.0,nan,nan,nan,nan,-299.5731791956962,-620.7374891812684,689.2453265481618,585.8239266207025,nan,1.0,27.3,-7.285624600034112,4.085960238237362,8.353166877363275,-327.2856246000341,-35.91403976176264,329.25020625937947,0.39145113995765696,272.0,1.0,27.3,-7.488104489954594,4.420976490308703,8.69578874975355,-327.4881044899546,-35.5790235096913,329.41512639271224,0.0,272.0
03_LTAN06_800km_1213COLD_MZ_ALL_HEAT_MZ_0p5,17545.0,30.38826703043339,-567.7891018832323,568.6017156063465,-208.05779882782343,-84.40986770653797,224.52855813752132,-177.66953179739005,-652.1989695897703,675.965944750963,1.0,76.10000000000001,-9.61173296956661,-7.78910188323232,12.37156088881379,30.38826703043339,-567.7891018832323,568.6017156063465,568.6017156063465,760.0,1.0,0.1,0.0,0.0,0.0,0.0,0.0,0.0,0.0,0.0,1.0,0.4,7.4480639548923655,-14.866943486447553,16.628279084300704,7.4480639548923655,25.133056513552447,26.213435226799024,26.213435226799024,3.0,1.0,0.1,0.7860333082465623,0.12093364100599047,0.7952819042327073,0.7860333082465623,0.12093364100599047,0.7952819042327073,0.7952819042327073,0.0,1.0,0.1,0.4793186282431492,-1.759537055870851,1.8236548462808295,0.4793186282431492,-1.759537055870851,1.8236548462808295,1.8236548462808295,0.0,1.0,98.7,-17.66953179739005,-12.198969589770286,21.47154426190902,-177.66953179739005,-652.1989695897703,675.965944750963,568.6017156063465,986.0,1.0,10.9,-7.271765519576888,-4.288934065531976,8.442365141960396,-207.2717655195769,-84.28893406553198,223.7547970156306,0.7952819042327073,108.0,1.0,10.9,-8.057798827823433,-4.409867706537966,9.185589536814668,-208.05779882782343,-84.40986770653797,224.52855813752132,0.0,108.0
03_LTAN06_800km_1213COLD_MZ_ALL_HEAT_MZ_0p5,18150.0,28.277973816967894,-567.5191882964542,568.2232597209123,1.479283863944378,-2.2961631658223567,2.731418319153175,29.75725768091227,-569.8153514622766,570.5918235891276,1.0,76.10000000000001,-11.722026183032106,-7.519188296454217,13.926381097515044,28.277973816967894,-567.5191882964542,568.2232597209123,568.2232597209123,760.0,1.0,0.1,0.0,0.0,0.0,0.0,0.0,0.0,0.0,0.0,1.0,0.4,5.337770741426869,-14.597029899669451,15.54236398942827,5.337770741426869,25.40297010033055,25.95770957550609,25.95770957550609,3.0,1.0,0.1,2.587841816454489,14.935976104746715,15.158506109394661,2.587841816454489,14.935976104746715,15.158506109394661,15.158506109394661,0.0,1.0,0.1,0.09300444694300936,-0.35989615929827323,0.3717190775691007,0.09300444694300936,-0.35989615929827323,0.3717190775691007,0.3717190775691007,0.0,1.0,76.10000000000001,-10.242742319087728,-9.815351462276567,14.186433468044228,29.75725768091227,-569.8153514622766,570.5918235891276,568.2232597209123,760.0,1.0,0.1,4.067125680398867,12.639812938924365,13.278041362759785,4.067125680398867,12.639812938924365,13.278041362759785,15.158506109394661,0.0,1.0,0.1,1.479283863944378,-2.2961631658223496,2.731418319153169,1.479283863944378,-2.2961631658223496,2.731418319153169,0.0,0.0
