time_s,r_x_urad,r_y_urad,r_norm_urad,r_hat_x_urad,r_hat_y_urad,r_hat_norm_urad
0.0,71.16428472588075,22.030659594704815,74.49634476082691,66.72774219347045,147.89601884430527,162.2523465723481
60.5,56.74134042102614,116.26062379328988,129.36812728635928,49.24085139976225,128.60060854360398,137.70540281469982
121.0,86.65390281755069,41.393252057420085,96.0328078804459,32.33059329540978,109.14014998359791,113.82811428322724
181.5,14.020270431607152,90.52856871604203,91.60780390747581,16.236562435230564,89.54810278271977,91.00817914724854
242.0,-68.61452271986158,44.73920670226451,81.91183885386991,1.187453433513178,69.85787926653296,69.86797078257145
302.5,22.070835691605247,184.23733737245053,185.554623413743,-12.602444903795556,50.10340389345372,51.66403680766492
363.0,26.23506202702687,226.46344061699855,227.97799985009686,-24.93653654244344,30.319668691705633,39.25701420520175
423.5,16.66743018594866,216.16507975676313,216.8066994704067,-35.63893483161547,10.543271654459692,37.16576722081582
484.0,-50.12245861118349,100.39170435385952,112.20853425788316,-44.557161544224726,-9.187074690452866,45.49442807911864
544.5,-117.05829494599205,226.92649750378908,255.33953803710082,-51.56448609614106,-28.830076832002707,59.07681064934281
605.0,-129.40784317677063,176.9824818706216,219.24686717202724,-56.561868329705085,-48.34144754582296,74.40524510928277
665.5,-106.77562336000776,76.04596458593062,131.0878425855077,-59.47947445789282,-67.67355758164119,90.09727119920353
726.0,-123.49571165686349,62.49897835411198,138.4099457876598,-60.27774245483392,-86.77516138424845,105.65668397557086
786.5,-84.07325431237992,153.26903004427973,174.81335092431706,-58.94798024076614,-105.59120521293066,120.93124903342805
847.0,-199.45000573468565,32.60506891066652,202.0974896089396,-55.512487333778715,-124.06272462548338,135.91613550819292
907.5,-122.08318090851868,-43.726358914677434,129.6776677947182,-50.02419811157862,-142.12683676878063,150.67334909202117
968.0,-157.13200604380384,-134.39376649100666,206.76593480307443,-42.56585232641916,-159.7168312928696,165.29161497943414
1028.5,-196.55867194423658,-54.40956560436808,203.9502692955762,-33.248705927217785,-176.76236200582974,179.862194659452
1089.0,-180.89433130917524,-15.941746180232144,181.59542497284616,-22.210802448115544,-193.18973963953093,194.46232346492974
1149.5,-244.197360482136,-116.9470411642191,270.7562765726915,-9.614832108899552,-208.92232433011935,209.14344981371497
1210.0,-106.47477104265951,-22.288333213923792,108.78256600228579,4.3543877685545125,-223.88101466006205,223.923356124496
1270.5,-153.91069698320237,-117.69881739204541,193.7563270227354,19.49277149399508,-237.9848283893241,238.78179722083746
1331.0,-242.38921496764303,-124.28103985195519,272.39366438908513,35.580118051537184,-251.15156834959717,253.6593287955791
1391.5,-176.91945519689634,-172.27637421337656,246.94056519590694,52.383509008876665,-263.29856541434503,268.4588731357844
1452.0,-213.67675241371535,-160.95978644973525,267.5178636577688,69.66089802722021,-274.3434890142346,283.04944917533794
1512.5,-39.43901002779543,-201.8184327993007,205.63588045265448,87.16483572132962,-284.2052143659346,297.2714457513759
1573.0,-134.7065016694408,-287.3027246733335,317.3148234746375,104.64627151948996,-292.8047344437331,310.94284789265674
1633.5,-117.54778359832075,-289.37132919795715,312.3351526656424,121.8583729918291,-300.0661037668576,323.86591314622524
1694.0,-54.801962270602814,-338.71704666694495,343.12168799346676,138.560302870747,-305.91740031684805,335.83390738317627
1754.5,-94.3744632416295,-438.8907107291079,448.922705236043,154.52089468297788,-310.29169135179967,346.6376214659748
1815.0,4.691510742418057,-331.48745130388977,331.5206488968597,169.5221695379342,-313.1279885574198,356.07148605703287
1875.5,-98.81842144047694,-454.803704782349,465.4153954262125,183.36263914575025,-314.37217787483274,363.93917576466004
1936.0,80.6892492581838,-386.11837116137116,394.45931538519875,195.8603435308968,-313.9779094745511,370.05864644141246
1996.5,65.68181254337688,-395.95926283947733,401.36995194877954,206.85557610981905,-311.907433704031,374.26658489312086
2057.0,166.91495459965998,-387.75976518506604,422.15901928702664,216.21325374744666,-308.1323694181723,376.42227375557195
2117.5,166.73468649962433,-486.90388322072215,514.6609050409276,223.8248950195942,-302.6343918998924,376.41089090400936
2178.0,93.63801512087795,-400.7569646531292,411.550996346464,229.61017609770946,-295.40582857999556,374.1462769113905
2238.5,237.8917477343508,-328.8101970773653,405.84310927026934,233.51804034151968,-286.4501519572075,369.57321970247096
2299.0,65.09640982356972,-320.69789212471164,327.2379571277625,235.52734472872604,-275.7823604827269,362.6693266163943
2359.5,54.35281809919002,-381.0073167755305,384.86465708325716,235.64703355795135,-263.4292396884516,353.4465854234525
2420.0,138.49206807283352,-317.8884474682485,346.7464750402861,233.9158373164668,-249.42949748131832,341.95276451762567
2480.5,115.12620378798022,-343.52825213334177,362.3060899466367,230.40150209029315,-233.833769272984,328.27288011329
2541.0,97.61727467133232,-198.43791551615487,221.14867991614818,225.19956229309955,-216.7044904377999,312.53108490662197
2601.5,194.01559951041875,-322.8010800095512,376.61995447495855,218.43167668529662,-198.1156354648267,294.893544173456
2662.0,167.43159048411525,-239.5230887479625,292.24073558524447,210.24355453246423,-178.15232506286793,275.5732264712068
2722.5,236.2303234023295,-318.86540563567036,396.83738811504367,200.80250520438204,-156.91030436212384,254.8381637654969
2783.0,252.53159077742438,-190.8472973585949,316.53577246443484,190.29465044079447,-134.4952972031877,233.02583323777205
2843.5,236.47504268075116,-208.31111468626588,315.141184729476,178.92184381429627,-111.02224328530306,210.56819488709223
2904.0,280.3712222024427,-134.99453409616697,311.1776766979481,166.89834652082718,-86.61442663371643,188.03488232898053
2964.5,234.7195712953435,-66.47938004456465,243.95242388666588,154.4473124517671,-61.40250541458542,166.20541505848104
3025.0,220.6436828705068,-38.19360063711237,223.9249560015319,141.7971384883401,-35.52345455110114,146.17915140924046
3085.5,225.1204283601495,-90.36194663657673,242.57882979561253,129.17773806197047,-9.119433854312742,129.49923584573864
3146.0,212.691637102233,-72.38903923268654,224.67288553419036,116.81679721031549,17.663404542835817,118.14465696983441
3206.5,203.4920547574187,5.5752001513145615,203.56841406790866,104.93607260934972,44.67615478603374,114.05059465491779
3267.0,228.6351736962605,19.06940072881315,229.42904065369595,93.74779037321619,71.76842661356608,118.06504672614714
3327.5,99.36271095858883,27.10759094848561,102.99402806022536,83.45120279657752,98.78962962855054,129.31934955891828
3388.0,216.74301967101636,26.75314206634033,218.38788241688772,74.22935769446765,125.59025657183051,145.88663437584486
3448.5,193.74464119026703,104.96553525680622,220.35142291733254,66.24613161202014,152.02314967001803,165.82999725366275
3509.0,174.3984892615652,101.91546537214128,201.99404728539997,59.64357398434184,177.9447343993652,187.6744106640175
3569.5,225.38752045645714,35.74200092038703,228.203911025431,54.53960439143752,203.21620550213012,210.40768670811076
3630.0,191.67115783221635,77.89173728855357,206.89358492367867,51.026099452368946,227.70465081021584,233.35181770435253
3690.5,118.67216846645888,126.46805013727581,173.42794259880992,49.16739972517976,251.28409935985732,256.04908081621824
3751.0,155.89111589919938,156.64638840855454,220.99803396804538,48.99926032202374,273.83648140662575,278.18581211353455
3811.5,234.44853815803654,156.36674911224802,281.8096472308445,50.52826191748161,295.2524892544861,299.54488422166725
3872.0,279.0634046408527,275.6654076196056,392.25986382477066,53.73169153319466,315.4323292759129,319.97601320637506
3932.5,130.5337624161604,302.4772662599297,329.44128419886755,58.55789503881366,334.28635709941864,339.37648064380767
3993.0,271.7789990512198,310.7951641987671,412.86493967715586,64.9270958353153,351.73558965157576,357.6778617711053
4053.5,140.8541391264909,233.32405311658886,272.54357866553676,72.73266679992147,367.71208953622573,374.83625973340105
4114.0,234.61220554661543,287.51025707938356,371.0862903925454,81.84283538874848,382.15921908639206,390.8246645711997
4174.5,210.28082591409324,428.10634609672695,476.9623353215679,92.10279492727008,395.0317633058176,405.6266988918731
4235.0,186.38644107172274,372.85425810045615,416.845538777884,103.33718867807315,406.29592279811226,419.2313817526752
4295.5,157.140382850165,482.6166849645226,507.55488819283545,115.35292736186582,415.9291796332669,431.62875288997407
4356.0,189.7090736408545,346.9457864756958,395.42497565898674,127.9422955146377,423.9200408954011,442.80631437945124
4416.5,238.6363378371037,410.59539506307,474.9061804012481,140.88629747479717,430.26766636455136,452.74630151438447
4477.0,241.04836983324597,338.6229944991749,415.65592622126,153.95818998155036,434.9813883830828,461.42381007276754
4537.5,296.009173799235,346.96732779794274,456.07867471802575,166.92714538990816,438.08013341955376,468.80579685507047
4598.0,400.98212449872244,430.46308952402353,588.2900097826551,179.56198741559734,439.5917561475461,474.8509443999483
4658.5,345.95474949750985,295.501472871518,454.9789106861122,191.63494014788077,439.5522979844337,479.5103470717585
4719.0,354.57799475684317,408.42339776926974,540.8652569829005,202.92533082854047,438.00518296857166,482.7289407102132
4779.5,404.8605354669978,422.7952203860127,585.3783832359043,213.22318759490136,435.00036457920567,484.4475667316044
4840.0,363.56204618728725,467.657413380575,592.3519373798799,222.33267501291908,430.59343761115707,484.6055374138782
4900.5,429.3792776806032,528.7909784105276,681.1655180276521,230.07531275741178,424.84472949904574,483.1435539501052
4961.0,384.6796005080207,417.8358970603349,567.9482651784625,236.29292619073655,417.81838554009835,480.00682314224986
5021.5,345.42212991913016,460.44287947344463,575.6075860303315,240.85028179516982,409.5814622906442,475.14822160348564
5082.0,270.94814501410815,396.9131226320493,480.575617571377,243.6373653617942,400.2030430130341,468.5313665458577
5142.5,298.17341259943464,394.1869723354028,494.25778005019237,244.57126645190144,389.7533884342842,460.1334677785273
5203.0,357.94188468873335,406.95856241108646,541.9757045608416,243.59763883742525,378.30313525598024,449.9478545250251
5263.5,375.33679157470795,377.32250216852196,532.2123427282667,240.6917132971777,365.9225538408958,437.9860913994576
5324.0,322.3374756176389,377.8146361007639,496.634017602001,235.85884619063543,352.68087531238143,424.279619045607
5384.5,210.02200423204047,345.0188072223119,403.91486677114284,229.13459453969352,338.6456969576371,408.8808756628188
5445.0,380.2288380500926,391.0659043013176,545.4415741323087,220.58431580603033,323.8824733476642,391.8638754994072
5505.5,363.84956366821973,389.5909679982859,533.0737541160654,210.30229803999515,308.4540989992741,373.32423943585144
5566.0,302.54633846095373,419.8441537225999,517.4972466894641,198.41043347824157,292.42058673396866,353.3786915744386
5626.5,289.26420375973476,244.5042990569145,378.75603207614586,185.05645586502166,275.8388441619951,332.1640555598214
5687.0,354.28503353163455,371.96529261424956,513.6886838291415,170.41176865271152,258.76254896554326,309.83580755375976
5747.5,190.62089153948742,354.44798864304755,402.4545948854491,154.66889769225682,241.24212190129396,286.56627382296153
5808.0,274.99714035008526,323.0703783240119,424.2615897664372,138.03860795209891,223.32479471783702,262.54260839169956
5868.5,219.53922486981085,379.4347345196054,438.36992257270657,120.7467291112445,205.0547685156859,237.96476773271667
5929.0,136.56499668066675,274.26329401300245,306.3826900483334,103.03073947483358,186.47345649375202,213.04385288822172
5989.5,162.8213444876709,241.25560946740612,291.05851528560777,85.13616148623395,167.61980355176235,188.00150141778522
6050.0,124.21388898277766,244.91735799474904,274.6153718628181,67.31282509795267,148.5306738769967,163.07169437098003
6110.5,202.9172717723999,247.09829286779436,319.73893338430383,49.81105736740042,129.24129645759288,138.50795697756092
6171.0,50.64310345648788,174.447887532162,181.65018412360166,32.87785782945655,109.78575745258443,114.60308056458018
6231.5,35.11244635065796,256.9270754600013,259.3152637103281,16.753119447157495,90.19752752722431,91.74018194463707
6292.0,-37.31603627023325,253.2773069222418,256.01148561090935,1.6659542505745144,70.51001164421142,70.52968981664273
6352.5,-35.02351058246627,154.6668087360431,158.58268511445965,-12.168818847120116,50.75710839721913,52.19544237748233
6413.0,45.82722273591965,53.046275662381504,70.10022614326547,-24.553969092839118,30.97376578919419,39.52558115165361
6473.5,-19.216665226574186,6.163970028526251,20.181049252771658,-35.31288022261452,11.196520397255743,37.04539888600045
6534.0,-29.535428668260998,49.25088524545819,57.42813982778151,-44.29226070461762,-8.535992871842963,45.10728912974008
6594.5,-91.87035222168396,33.928764600712526,97.93529846111072,-51.364495471167906,-28.182572750989834,58.58812850631485
6655.0,-50.89919747437604,-47.388048476072385,69.54391017124443,-56.42960232907695,-47.69903693030129,73.88841683982687
6715.5,-75.8206184454484,-21.08064929630973,78.69663243242543,-59.4167624311623,-67.0378714549213,89.57917094396292
6776.0,-125.00030188193733,54.63246308745843,136.41767295177695,-60.285400866943704,-86.14795385760166,105.14656205287723
6836.5,-79.06011866588663,-80.06678576930761,112.52196473085723,-59.0258004823239,-104.97435843481541,120.43114651692149
6897.0,-165.9027159360253,-92.29133820089018,189.845732798661,-55.65923935549768,-123.45825068090677,135.42485217574432
6957.5,-82.6815002955814,-133.28634655102798,156.8485915398954,-50.23764982423604,-141.53687637437892,150.18824465875744
7018.0,-155.8944188778005,-182.72184225067284,240.18813766030763,-42.84280446053089,-159.1436491883533,164.80960824851488
7078.5,-70.81942689732227,-256.45282902962293,266.0515828619747,-33.58504180428916,-176.20833899954212,179.38041633905695
7139.0,-62.57691065352001,-281.1152350470221,287.9959116419556,-22.60155188162771,-192.6573613240839,193.9785787653279
7199.5,56.121731304178084,-248.62175049737823,254.87727153467208,-10.054248431798346,-208.4141665424725,208.65654249776537
7260.0,125.37023272525067,-337.03146630563464,359.5940830070896,3.8727387586923885,-223.39972581804193,223.4332911655499
7320.5,78.24926090507151,-396.00678736561497,403.6636254009337,18.975912067508514,-237.5331088925206,238.28987191850993
7381.0,-15.184627246209047,-402.9159676745373,403.20199641335495,35.035550116930025,-250.73214728590912,253.16812487870337
7441.5,111.4149097781947,-425.93553753181965,440.2662424640384,51.819098420794205,-262.91417486329846,267.9721670345505
7502.0,176.22316665314287,-418.71172457351435,454.2841762163722,69.08475344547018,-273.99683628377585,282.572060636114
7562.5,132.57136225365932,-302.48380393710914,330.25992450500934,86.58518391900073,-283.89895253992614,296.8090452253004
7623.0,243.7310331680998,-359.4170651982872,434.2642551315261,104.0713310931061,-292.54143165221285,310.501741039591
7683.5,89.18239270690725,-364.8454156927403,375.58710909845865,121.29622845061212,-299.848211619653,323.4528173441179
7744.0,212.45237558277302,-360.5354199580314,418.4755679069899,138.01878107510944,-305.7472219629076,335.455731308163
7804.5,207.25442105316293,-407.50197088806453,457.17857706123846,154.0074455643998,-310.1713496412179,346.3012553074652
7865.0,162.69616826759366,-402.62214348229134,434.25180896713823,169.043752964048,-313.0593947903393,355.78360710221546
7925.5,264.99981176202584,-372.7126845844444,457.31788231388094,182.92561969678403,-314.35700162104774,363.7060719999432
7986.0,345.9284991153693,-392.6449217691398,523.293952851842,195.47039482821168,-314.0175499396897,369.88605938102404
8046.5,328.96659112897555,-401.338052314267,518.9327994205298,206.51759618605777,-312.00299310274494,374.159571893516
8107.0,271.89587033557405,-332.46181837684577,429.48600091735017,215.93129277319517,-308.2846287920222,376.3850894338646
8167.5,284.3558971689537,-297.7624925399263,411.72901065913516,223.60209650619174,-302.8437897879043,376.4468867915694
8228.0,300.49895898484897,-355.626432595045,465.58542063863644,229.44873248300505,-295.67244291361885,374.25781800326473
8288.5,403.9983303510887,-330.91179069455313,522.2233852932509,233.4191636383284,-286.7736855091637,369.76161598268345
8349.0,406.0274568897365,-265.0514557710902,484.8820165305381,235.49125267805667,-276.162130151617,362.93477680949644
8409.5,384.00476353703084,-220.8266462985321,442.9718570457812,235.67295148450685,-263.86416984873915,353.7881289576899
8470.0,414.88435711428906,-287.20733169076516,504.59595832216706,234.0020156363234,-249.9181175721796,342.3682356946741
8530.5,381.7345716368801,-175.84054878986126,420.28702309435147,230.54524917393664,-234.37421574039118,328.75885527327773
8591.0,315.2280070555503,-196.12932270611222,371.261912478741,225.3972921450292,-217.29451308297635,313.0828080912132
8651.5,307.7410844114844,-173.58344053772007,353.3210804122343,218.67897066801717,-198.75260818981843,295.5048078706656
8712.0,262.82334185511706,-41.80421180194779,266.12722737118395,210.53523614154398,-178.83326094136524,276.2361686602573
8772.5,299.8306577104048,-115.44136213499826,321.28668101033657,201.1327266958484,-157.63187490180297,255.54291563877192
8833.0,187.74876882301433,-135.17998099887797,231.3508752034768,190.6569899257096,-135.2538556056899,233.75990516711147
8893.5,221.90774237800477,-89.58946585080096,239.3100886271508,179.30941127082525,-111.81385145241582,211.31540962956976
8954.0,215.40210709587214,-38.00686796530688,218.7294899044796,167.30389703409313,-87.43488561430716,188.77355001477673
9014.5,192.67592993620883,-100.66472156953918,217.38767247812305,154.8633648784618,-62.247388937128314,166.90536004265925
9075.0,154.8126391288309,-89.93620538589909,179.04042636580223,142.21609765823527,-36.388145242072845,146.79753249729674
9135.5,218.59167168991834,-109.58971605378747,244.52448711109244,129.59201857345874,-9.999161703921839,129.97720766628606
9196.0,148.2684082445251,42.50042610161471,154.23944729602724,117.21894685279604,16.773521938509163,118.41297454037826
9256.5,191.86573453572134,-19.712580114648432,192.87572657985848,105.3188934520127,43.781070702940234,114.05635216791853
9317.0,141.14724823096546,102.3541417134535,174.3528491567359,94.10445559748656,70.87312291230923,117.80767426039193
9377.5,32.58318738938553,34.98194520469106,47.8058635604025,83.77536741754056,97.8990742270831,128.85084757371155
9438.0,76.31199366993148,9.42905536406981,76.89231081804185,74.51526141394493,124.70936120652426,145.27542447409297
9498.5,122.51672621609268,49.939444176435074,132.30380299658918,66.4886921710477,151.15672846860875,165.13359061059944
9559.0,-17.72880831643525,177.90512660889456,178.78631020871734,59.83846953367028,177.0974637767457,186.93355534062832
9619.5,43.11996891845165,221.74529325915907,225.8988862347902,54.68334357291155,202.39258586998105,209.64977195182146
9680.0,-120.7929308316831,245.74526965698183,273.82781030729967,51.11607807892919,226.90897056428028,232.59521568749562
9740.5,69.42644986413774,325.8134699584488,333.1282773153649,49.20194315966867,250.52040157472814,255.30629215875257
9801.0,101.09309558025912,297.8605524536309,314.54844250446,48.97765088162891,273.1085336277342,277.46545987955676
9861.5,104.80145826594405,322.36334402504605,338.9711952742867,50.450750867925656,294.5637567312146,298.85294886071256
9922.0,-66.75995132759178,267.6778960648052,275.87741325259503,53.599495480945514,314.7859519290654,319.31661630378676
9982.5,84.65261059649328,338.41814058801754,348.84509794442107,58.37317677678635,333.68513046149826,338.7524081953087
10043.0,3.617668485746499,250.01500615509065,250.0411782647066,64.69292994386262,351.181949960254,357.0909368250724
10103.5,70.57524938912435,483.8025111078426,488.92303645930946,72.45299054648348,367.208103100962,374.2876257935006
10164.0,48.61995253198674,534.1010653663568,536.3094701846034,81.52238570253155,381.70657598629236,390.31501319038637
10224.5,22.658020369203285,411.5746801032617,412.1978932371603,91.7470324460872,394.6317754144806,405.156458827264
10285.0,64.58916855935244,539.298816720679,543.1528094482371,102.95221006949954,405.949526069324,418.80087783349154
10345.5,97.97886633266444,437.70087863468734,448.5330728111489,114.94536730692903,415.63694052096974,431.23833757095036
10406.0,50.13106459522872,531.3781975323021,533.7376813099571,127.51921990641314,423.68216672325605,442.45647226010055
10466.5,95.9423523602602,444.92032562549224,455.1472631260287,140.45508952394997,430.0840194055672,452.43772601456334
10527.0,171.65778517208966,575.0677977713382,600.141122773439,153.52643103381035,434.8515033589915,461.15745141931114
10587.5,160.93657575989843,529.6411926638976,553.5525037281988,166.50249234495516,438.00323808369086,468.5828811735233
10648.0,153.98122116374626,521.5517182120445,543.8073291534553,179.1520486914643,439.5667945745801,474.6729647272108
10708.5,186.55603877477648,507.76071307948996,540.9474071943852,191.2471521589688,439.57795615605005,479.37902827224934
10769.0,208.8172794773141,535.2194070933608,574.5123757915711,202.5668369382089,438.0799162165943,482.6461813994691
10829.5,275.28187274254185,454.3886035908335,531.271223137362,212.9007214655481,435.122426427094,484.4153622464431
10890.0,212.38203991034624,455.84167923389975,502.88941866305106,222.05245020802244,430.76090954158985,484.62588852896005
10950.5,282.4814284158846,532.8277590275858,603.0764281500625,229.8429203522795,425.0555511696073,483.2183663895268
11011.0,286.2477380964855,518.7195838458899,592.4590907654363,236.11324202324005,418.0703849709421,480.13780297793346
11071.5,344.52319523358335,480.17877121558536,590.9889037706776,240.7273848364807,409.87238555737406,475.33677140812887
11132.0,292.65137358194977,545.4444116178913,618.9946951506043,243.57446851248397,400.53058299474174,468.7784867346695
11192.5,251.98985922156962,470.12023379466245,533.396591078022,244.57066087347548,390.1152121903774,460.43966699496224
11253.0,262.15526281834,448.34756892439725,519.3658868117641,243.66065271647864,378.6969096357774,450.31307226185265
11313.5,210.9933615166338,386.56551620446464,440.39879305297046,240.81868571228165,366.34596896637515,438.40963534815586
11374.0,189.14164824811968,542.2151175961958,574.2576049578028,236.0491165143255,353.1316656164028,424.7601189709417
11434.5,207.47811889867813,334.29685454802154,393.44828984560996,229.38650756330887,339.12165950667145,409.4162549272449
11495.0,236.29471121249568,354.9137643271784,426.37890503152784,220.8952425274864,324.3814832288189,392.45134072010194
11555.5,157.8964381573643,428.6909424697559,456.84484164581517,210.66867180776748,308.9741216053537,373.9602881363858
11616.0,250.34634689302564,348.7269032704945,429.2828280601403,198.82780094278712,292.95968683658396,354.0591370648891
11676.5,198.4778019627861,281.44674887905904,344.3917977051298,185.51954195537846,276.39519172040997,332.8840675873443
11737.0,146.41951849586826,182.44043600331995,233.92987856544403,170.91455457477088,259.334421677081,310.5899664059971
11797.5,165.25459077899447,289.4045208043593,333.2627438456537,155.2047107397165,241.82790455681584,287.3486343418731
11858.0,197.9422766244092,147.37573023558886,246.780774651769,138.60022173454806,223.9229754820279,263.34676837506623
11918.5,203.0052612398296,195.42482780334623,281.78360387541886,121.32647263924,205.66393230585106,238.7839316507414
11979.0,232.08302433428318,224.80024097729242,323.10629601974057,103.62061340171186,187.09227568155734,213.8708749256216
12039.5,21.008894089819265,238.94049259095834,239.86232015572403,85.72795969301485,168.2470262590826,188.82887734176572
12100.0,102.86305200673424,253.08730815111952,273.19222722346956,67.89825972284221,149.16511017902894,163.89143897138857
12160.5,34.238935470656074,153.74387222908024,157.5102629994487,50.38188532635014,129.88180284288802,139.31122380754658
12221.0,8.265006976480027,110.79171737318097,111.0995723611035,33.42600684996034,110.43121992016903,115.37916738731622
12281.5,-36.65048319477293,35.402913396467824,50.95708189612248,17.270811644268928,90.84684372494901,92.47394200334017
12342.0,-28.33415551626602,20.757353806658728,35.123953448818334,2.14582531192673,71.16207246950536,71.19441778977084
12402.5,-87.13253767059754,39.32757964520488,95.5967449323879,-11.733606732263066,51.410779491327,52.73277704476845
12463.0,57.19288415566609,-47.52019203597095,74.35855464692007,-24.169622327934068,31.62786935846134,39.805687578923525
12523.5,-13.592691698040007,-106.81290733027028,107.67431652879377,-34.98487856364445,11.849817790170981,36.937242855594974
12584.0,-113.08632041481464,-147.1264849197412,185.56594092074374,-44.02527317620316,-7.884817415335565,44.725775833544716
12644.5,137.26113098969256,-144.10836234985342,199.01718061445396,-51.16230875517792,-27.534926780711587,58.10123948746105
12705.0,7.634400796531423,-238.76475880919935,238.8867809752922,-56.29506274656569,-47.05643252653038,73.37194240146349
12765.5,-26.35271663850232,-242.96940654608406,244.3943497538056,-59.35173242545801,-66.40193569001809,89.06090727858358
12826.0,125.5259679243567,-259.3006156149676,288.08605985303734,-60.29073066843291,-85.52043667844997,104.6361184974208
12886.5,113.90030569833297,-241.60937394287856,267.1111551681124,-59.1013153974866,-104.35713770962101,119.93072030409053
12947.0,77.82179794539627,-299.7919548708462,309.7280233377948,-55.80374287780505,-122.85333420214363,134.93331480311218
13007.5,58.126303418912514,-248.02463107300972,254.74474433842605,-50.448942516471014,-140.9464006616943,149.70298480830988
13068.0,-7.855000321641521,-305.3761019131338,305.4771098621199,-43.1177183108438,-158.56987499021778,164.3275475589731
13128.5,133.61804876153545,-288.2832255818656,317.74360907298336,-33.91948951574347,-175.6536434494813,178.8986702747847
13189.0,112.0325949538254,-242.30398707027203,266.95041577461245,-22.990590320940427,-192.12422676553015,193.49492436123015
13249.5,173.22048427665436,-318.0875641441869,362.1947468368652,-10.492155241134514,-207.90516609466457,208.16974662629084
13310.0,136.70224340267225,-261.0772591934556,294.7012701351832,3.392376589196899,-222.91750581310353,222.9433170491055
13370.5,157.50776723373517,-267.02303585884533,310.016126061582,18.460099056047603,-237.0803683698316,237.79797375826007
13431.0,152.56910774625257,-429.585630232221,455.874046574821,34.49177413007773,-250.31161478332825,252.67684297948165
13491.5,246.14847752771706,-337.0596025300778,417.37063702055883,51.255215193127796,-262.52858279478767,267.48524046895284
13552.0,250.89041636927843,-236.3096964474716,344.6567475925084,68.50886558876812,-273.6488932386841,282.09427756517255
13612.5,299.51125411559815,-380.38424215789536,484.14787309657237,86.00551631675648,-283.5913138799214,296.3460513404084
13673.0,282.55341992831256,-379.1429681210408,472.84862840957663,103.49610463195634,-292.27666881686076,310.05982456401824
13733.5,236.76580018576922,-215.71447707068052,320.29795465392027,120.73353406545681,-299.6287805803996,323.0386856090646
13794.0,293.95712370849947,-233.04278809204257,375.1262876161663,137.47645607877163,-305.5754312872218,335.0762900927937
13854.5,272.03019674268967,-196.80349597965014,335.75592916533674,153.49295419572562,-310.04932864350207,345.96339861323116
13915.0,321.4164775467808,-249.9135019348779,407.14286250397964,168.56407302099834,-312.989062253675,355.4940221773965
13975.5,242.7411512311667,-126.06232505887365,273.52326464175087,182.48713702436183,-314.3400355737344,363.4710623197462
14036.0,260.4005764468218,-198.0652031795898,327.1670596566978,195.0788073065226,-314.05535896283607,369.7113868322305
14096.5,274.99032261939567,-122.53296948485402,301.0548224910132,206.17782871341126,-312.096689629973,374.0503184478854
14157.0,311.33445983780837,-214.3928903747842,378.0125094831574,215.6474245652673,-308.43500483983206,376.3455379464195
14217.5,232.16234276780943,-95.21092733356599,250.92722866033375,223.37730183763372,-303.0512955257705,376.480420070034
14278.0,241.4218288398009,-280.19193083406424,369.8540489772623,229.28523578558466,-295.9371684468449,374.36683482593304
14338.5,218.21723907683727,-121.00039524003557,249.5192559273981,233.31820964305112,-287.095346205462,369.9474621670932
14399.0,281.23990567139435,-167.35938902310153,327.269078338056,235.4530920513217,-276.5400557949495,363.1976886154453
14459.5,158.90642664931065,-120.62820703972788,199.50543041248827,235.69684216396112,-264.2972978518158,354.12718486136396
14520.0,178.99238419257733,-75.42628303127312,194.23541842531432,234.08623982450808,-250.40499042301968,342.7813106106132
14580.5,186.87935200966146,-62.001072832844145,196.89597568252788,230.68714570100653,-234.91298279930857,329.2425681459578
14641.0,166.58557480508097,-67.20776667702455,179.6319504844631,225.59330366963877,-217.8829367851711,313.63244858067975
14701.5,87.94190965573708,-131.29874461284538,158.02892080504446,218.92470495173353,-199.38807464639692,296.11421909358006
14762.0,138.36025295890752,-40.49464419863043,144.16440548077932,210.82554041053996,-179.51279486897556,276.8975478603361
14822.5,180.13938511152008,-2.8912502794702153,180.16258600645995,201.46177389765484,-158.35215874919004,256.2464683122842
14883.0,170.7918709261871,-53.49004430766855,178.97219899890513,191.01837550169392,-136.0112526852302,234.49324219753473
14943.5,64.89708436088127,-56.22687839621571,85.86671888878816,179.69625889977127,-112.60443282705302,212.0624996430909
15004.0,1.1061276341949515,11.405893721531985,11.459403559086855,167.70897166138968,-88.2544604361562,189.51292558186597
15064.5,71.29178142985208,68.08075801057801,98.5774198827332,155.27919123116985,-63.09153788416157,167.60718773965158
15125.0,-0.7011612486560566,87.9642755391885,87.96706996502097,142.6350823605063,-37.25225665453513,147.41946053979362
15185.5,2.138813219194166,205.87961064350085,205.89072004513974,130.00657392077235,-10.878469983136414,130.4609151117347
15246.0,-7.940561151982674,18.13430369432193,19.79660278649532,117.621614278135,15.883896138913144,118.68926784653341
15306.5,6.405536352520521,50.02322585807735,50.43167676383248,105.70246472281052,42.88607898909956,114.07114805916652
15367.0,2.076661101826822,61.18270053861414,61.217933373559546,94.46208981887759,69.97774687968268,117.5583747391339
15427.5,2.4792058380526854,134.80234937399916,134.82514549718522,84.10070198449996,97.00828293263476,128.3882199885324
15488.0,14.093015720931056,92.7533038427051,93.81784726717822,74.80251515132277,123.82806891184825,144.66791946869668
15548.5,-57.317099885001525,171.6263774277116,180.94436539496485,66.73275902469207,150.28975317777082,164.43926245663746
15609.0,-82.4588280372208,212.4569094840367,227.8977768842428,60.03500132587359,176.24948708037888,186.19367089215007
15669.5,-41.66519374935642,219.06276533531613,222.9898731479239,54.82882050894532,201.5681145873659,208.89208787483457
15730.0,-145.9434593073533,306.1677892318498,339.17282980468156,51.20786588565746,226.1123006482572,231.8383446132484
15790.5,-111.91736028200964,283.1108272960427,304.42936137098025,49.23833594916096,249.7555847105109,254.5628916812732
15851.0,-149.68903487685714,249.72360670372498,291.15062580644,48.957899058919054,272.37934691674593,276.74425830910445
15911.5,-71.52172620680732,394.3084865152789,400.74248571566676,50.375073639051415,293.87367580547493,298.15999962362696
15972.0,-69.23272901769208,335.3949506103209,342.46597445897714,53.4690777614031,314.13812779108156,318.65609300426195
16032.5,-90.25806278816337,393.37021345948835,403.5921737787237,58.19015054769005,333.08237029000503,338.127134401797
16093.0,-45.623708558853394,450.8305346674172,453.13319650095434,64.46034034951927,350.6267020641308,356.5027625115191
16153.5,-44.100294132341006,314.03578518733275,317.11718704728634,72.17474726887984,366.7024461433168,373.737713043277
16214.0,67.47699702922583,327.0541683652982,333.94247135277504,81.20320038158464,381.2522125388698,389.8040652917762
16274.5,19.88473183818381,393.04453378760206,393.5472120350873,91.39234313571659,394.23002984018234,404.6849105311781
16335.0,-39.9725228025868,423.12569786063614,425.00959844367475,102.56809392518996,405.60134666874586,418.36905515459284
16395.5,42.67901172584482,543.506545790716,545.1796615421841,114.53844288718359,415.3429058183401,430.84659022979764
16456.0,226.53068077669568,483.32252456818617,533.7759942973439,127.09654063542337,423.4424957089712,442.1052791063842
16516.5,53.941363668678164,537.1245314294592,539.8262988941468,140.02403000331128,429.8985854975427,452.1277726386162
16577.0,109.81623568850503,407.39050320066815,421.93201788781914,153.09456800500237,434.71985179412775,460.8896790952762
16637.5,5.343988523526129,544.719798803394,544.7460118456579,166.07748218971815,437.92460640462934,468.35850689949643
16698.0,87.2211124493118,487.5418609775551,495.2823322735762,178.74150341288032,439.5401358363492,474.49347314092
16758.5,9.219310452167775,455.9858984520468,456.0790888347478,190.8585158110336,439.6019644427232,479.246137386095
16819.0,27.20947566339455,368.2185687953055,369.22252094304866,202.20726446559073,438.1530540302536,482.5617852241262
16879.5,12.41512537717577,376.3313844456387,376.5361154748667,212.57696187820227,435.2429534905937,484.38145431527596
16940.0,100.6871327780408,409.3765076861209,421.57683018916896,221.77073594786137,430.92691254315605,484.644471006152
17000.5,199.40563363769647,388.82374422314444,436.9742678901773,229.60886461233787,425.2649739713519,483.2913498040509
17061.0,98.78149369849883,358.6697295200082,372.02386801287685,235.93174565518154,418.32105880498,480.2669016782447
17121.5,121.13134065429475,270.8257525600918,296.6806194183349,240.60255433184304,410.1620587423715,475.5233996164522
17182.0,86.57667307599907,270.24243354262694,283.7719034857918,243.5095463691593,400.85694972214606,469.02365965210845
17242.5,119.35702656799796,277.0580436161761,301.67409455168126,244.56796946423592,390.4759399530916,460.74391083345836
17303.0,172.21894211760878,279.49395413444427,328.292909490618,243.72155256402968,379.089664902138,450.6763464170672
17363.5,81.25982234403236,262.10637859845104,274.41376137026776,240.94354884864242,366.7684407385314,438.83126922947474
17424.0,131.25184720130912,192.85908752630218,233.2845366397732,236.2373153649006,353.58158655395,425.23876530817824
17484.5,116.57576348015914,181.64605899485588,215.83604745117222,229.63641955155668,339.5968243429571,409.949860700403
17545.0,-4.882657877095976,193.95520421816235,194.01665287096833,221.2042703484603,324.87976425797575,393.037136215794
17605.5,-31.85793828602296,120.74106081312613,124.87326374414609,211.03327907191633,309.4934810719815,374.5947940133422
17666.0,78.4844443019695,99.41756323491776,126.66356965188461,199.24356264911913,293.49818611619065,354.73818868372143
17726.5,26.358681279861955,126.24465207320915,128.96702003186311,185.9812090192766,276.95099723639316,333.60285517139164
17787.0,23.557976065341407,67.03535419420282,71.05432392358276,171.41613141404147,259.9058075581573,311.3430887484317
17847.5,-112.4722887786424,58.25816195345422,126.66502744365245,155.7395447163712,242.41325209650273,288.13016256627
17908.0,35.6641812894158,35.14471227673931,50.070796159628884,139.1611030626122,224.52076951810113,264.150314311006
17968.5,72.98427547913998,43.96610548078593,85.20400752524841,121.90574320351337,206.2727546917446,239.60271190894645
18029.0,49.73093090632298,-91.42979362279969,104.07964570806924,104.21028279142612,187.71079607250613,214.69775499907536
18089.5,2.9335929617653065,-9.82711671798262,10.255641893814957,86.31982664006846,168.87399048272422,189.65636591670395
18150.0,-34.74481253267042,-158.81788999186685,162.57405752271526,68.48403704843118,149.79932650229165,164.71157078660585
